ISO-10303-21;
HEADER;
FILE_DESCRIPTION(('FreeCAD Model'),'2;1');
FILE_NAME('Open CASCADE Shape Model','2026-07-10T06:17:36',(''),(''),
  'Open CASCADE STEP processor 7.8','FreeCAD','Unknown');
FILE_SCHEMA(('AUTOMOTIVE_DESIGN { 1 0 10303 214 1 1 1 1 }'));
ENDSEC;
DATA;
#1 = APPLICATION_PROTOCOL_DEFINITION('international standard',
  'automotive_design',2000,#2);
#2 = APPLICATION_CONTEXT(
  'core data for automotive mechanical design processes');
#3 = SHAPE_DEFINITION_REPRESENTATION(#4,#10);
#4 = PRODUCT_DEFINITION_SHAPE('','',#5);
#5 = PRODUCT_DEFINITION('design','',#6,#9);
#6 = PRODUCT_DEFINITION_FORMATION('','',#7);
#7 = PRODUCT('Main Triangle','Main Triangle','',(#8));
#8 = PRODUCT_CONTEXT('',#2,'mechanical');
#9 = PRODUCT_DEFINITION_CONTEXT('part definition',#2,'design');
#10 = SHAPE_REPRESENTATION('',(#11,#15,#19,#23,#27,#31,#35,#39),#43);
#11 = AXIS2_PLACEMENT_3D('',#12,#13,#14);
#12 = CARTESIAN_POINT('',(0.,0.,0.));
#13 = DIRECTION('',(0.,0.,1.));
#14 = DIRECTION('',(1.,0.,-0.));
#15 = AXIS2_PLACEMENT_3D('',#16,#17,#18);
#16 = CARTESIAN_POINT('',(0.,0.,0.));
#17 = DIRECTION('',(0.,0.,1.));
#18 = DIRECTION('',(1.,0.,0.));
#19 = AXIS2_PLACEMENT_3D('',#20,#21,#22);
#20 = CARTESIAN_POINT('',(0.,0.,0.));
#21 = DIRECTION('',(0.,0.,1.));
#22 = DIRECTION('',(1.,0.,0.));
#23 = AXIS2_PLACEMENT_3D('',#24,#25,#26);
#24 = CARTESIAN_POINT('',(0.,0.,0.));
#25 = DIRECTION('',(0.,0.,1.));
#26 = DIRECTION('',(1.,0.,0.));
#27 = AXIS2_PLACEMENT_3D('',#28,#29,#30);
#28 = CARTESIAN_POINT('',(0.,0.,0.));
#29 = DIRECTION('',(0.,0.,1.));
#30 = DIRECTION('',(1.,0.,0.));
#31 = AXIS2_PLACEMENT_3D('',#32,#33,#34);
#32 = CARTESIAN_POINT('',(0.,0.,0.));
#33 = DIRECTION('',(0.,0.,1.));
#34 = DIRECTION('',(1.,0.,0.));
#35 = AXIS2_PLACEMENT_3D('',#36,#37,#38);
#36 = CARTESIAN_POINT('',(0.,0.,0.));
#37 = DIRECTION('',(0.,0.,1.));
#38 = DIRECTION('',(1.,0.,0.));
#39 = AXIS2_PLACEMENT_3D('',#40,#41,#42);
#40 = CARTESIAN_POINT('',(0.,0.,0.));
#41 = DIRECTION('',(0.,0.,1.));
#42 = DIRECTION('',(1.,0.,0.));
#43 = ( GEOMETRIC_REPRESENTATION_CONTEXT(3) 
GLOBAL_UNCERTAINTY_ASSIGNED_CONTEXT((#47)) GLOBAL_UNIT_ASSIGNED_CONTEXT(
(#44,#45,#46)) REPRESENTATION_CONTEXT('Context #1',
  '3D Context with UNIT and UNCERTAINTY') );
#44 = ( LENGTH_UNIT() NAMED_UNIT(*) SI_UNIT(.MILLI.,.METRE.) );
#45 = ( NAMED_UNIT(*) PLANE_ANGLE_UNIT() SI_UNIT($,.RADIAN.) );
#46 = ( NAMED_UNIT(*) SI_UNIT($,.STERADIAN.) SOLID_ANGLE_UNIT() );
#47 = UNCERTAINTY_MEASURE_WITH_UNIT(LENGTH_MEASURE(2.E-05),#44,
  'distance_accuracy_value','confusion accuracy');
#48 = PRODUCT_RELATED_PRODUCT_CATEGORY('part',$,(#7));
#49 = SHAPE_DEFINITION_REPRESENTATION(#50,#56);
#50 = PRODUCT_DEFINITION_SHAPE('','',#51);
#51 = PRODUCT_DEFINITION('design','',#52,#55);
#52 = PRODUCT_DEFINITION_FORMATION('','',#53);
#53 = PRODUCT('BB_Weldment','BB_Weldment','',(#54));
#54 = PRODUCT_CONTEXT('',#2,'mechanical');
#55 = PRODUCT_DEFINITION_CONTEXT('part definition',#2,'design');
#56 = ADVANCED_BREP_SHAPE_REPRESENTATION('',(#11,#57),#2175);
#57 = MANIFOLD_SOLID_BREP('',#58);
#58 = CLOSED_SHELL('',(#59,#92,#117,#160,#180,#213,#480,#747,#810,#835,
    #852,#869,#893,#918,#943,#968,#985,#1002,#1019,#1031,#1063,#1088,
    #1112,#1137,#1162,#1186,#1210,#1228,#1253,#1284,#1309,#1334,#1358,
    #1382,#1400,#1425,#1450,#1474,#1499,#1524,#1549,#1566,#1598,#1623,
    #1647,#1672,#1697,#1721,#1745,#1763,#1788,#1819,#1844,#1869,#1893,
    #1917,#1935,#1960,#1985,#1999,#2013,#2022,#2038,#2047,#2061,#2070,
    #2090,#2106,#2115,#2129,#2138,#2158));
#59 = ADVANCED_FACE('',(#60),#87,.T.);
#60 = FACE_BOUND('',#61,.F.);
#61 = EDGE_LOOP('',(#62,#72,#79,#80));
#62 = ORIENTED_EDGE('',*,*,#63,.T.);
#63 = EDGE_CURVE('',#64,#66,#68,.T.);
#64 = VERTEX_POINT('',#65);
#65 = CARTESIAN_POINT('',(-12.55437908311,79.083687936993,0.));
#66 = VERTEX_POINT('',#67);
#67 = CARTESIAN_POINT('',(-13.83040374529,84.524046846249,1.E-15));
#68 = LINE('',#69,#70);
#69 = CARTESIAN_POINT('',(-12.55437908311,79.083687936993,8.E-17));
#70 = VECTOR('',#71,1.);
#71 = DIRECTION('',(-0.228350870111,0.973578902873,1.7E-16));
#72 = ORIENTED_EDGE('',*,*,#73,.T.);
#73 = EDGE_CURVE('',#66,#66,#74,.T.);
#74 = CIRCLE('',#75,15.875);
#75 = AXIS2_PLACEMENT_3D('',#76,#77,#78);
#76 = CARTESIAN_POINT('',(1.625161337822,88.149116909255,2.63E-15));
#77 = DIRECTION('',(-0.228350870111,0.973578902873,4.2E-16));
#78 = DIRECTION('',(-0.973578902873,-0.228350870111,-1.1E-16));
#79 = ORIENTED_EDGE('',*,*,#63,.F.);
#80 = ORIENTED_EDGE('',*,*,#81,.F.);
#81 = EDGE_CURVE('',#64,#64,#82,.T.);
#82 = CIRCLE('',#83,15.875);
#83 = AXIS2_PLACEMENT_3D('',#84,#85,#86);
#84 = CARTESIAN_POINT('',(2.901186,82.708758,0.));
#85 = DIRECTION('',(-0.228350870111,0.973578902873,0.));
#86 = DIRECTION('',(-0.973578902873,-0.228350870111,0.));
#87 = CYLINDRICAL_SURFACE('',#88,15.875);
#88 = AXIS2_PLACEMENT_3D('',#89,#90,#91);
#89 = CARTESIAN_POINT('',(2.901186,82.708758,3.E-16));
#90 = DIRECTION('',(0.228350870111,-0.973578902873,-4.4E-16));
#91 = DIRECTION('',(-0.973578902873,-0.228350870111,-1.E-17));
#92 = ADVANCED_FACE('',(#93),#112,.T.);
#93 = FACE_BOUND('',#94,.T.);
#94 = EDGE_LOOP('',(#95,#103,#104,#105));
#95 = ORIENTED_EDGE('',*,*,#96,.F.);
#96 = EDGE_CURVE('',#66,#97,#99,.T.);
#97 = VERTEX_POINT('',#98);
#98 = CARTESIAN_POINT('',(-13.26253998432,85.439917333262,1.E-15));
#99 = LINE('',#100,#101);
#100 = CARTESIAN_POINT('',(-13.83040374529,84.524046846249,8.2E-16));
#101 = VECTOR('',#102,1.);
#102 = DIRECTION('',(0.526955795497,0.849892692987,3.8E-16));
#103 = ORIENTED_EDGE('',*,*,#73,.T.);
#104 = ORIENTED_EDGE('',*,*,#96,.T.);
#105 = ORIENTED_EDGE('',*,*,#106,.F.);
#106 = EDGE_CURVE('',#97,#97,#107,.T.);
#107 = CIRCLE('',#108,15.113);
#108 = AXIS2_PLACEMENT_3D('',#109,#110,#111);
#109 = CARTESIAN_POINT('',(1.451157974797,88.890984033245,2.95E-15));
#110 = DIRECTION('',(-0.228350870111,0.973578902873,4.2E-16));
#111 = DIRECTION('',(-0.973578902873,-0.228350870111,-1.1E-16));
#112 = CONICAL_SURFACE('',#113,15.875,0.785398163397);
#113 = AXIS2_PLACEMENT_3D('',#114,#115,#116);
#114 = CARTESIAN_POINT('',(1.625161337822,88.149116909255,2.63E-15));
#115 = DIRECTION('',(0.228350870111,-0.973578902873,-4.2E-16));
#116 = DIRECTION('',(-0.973578902873,-0.228350870111,-1.1E-16));
#117 = ADVANCED_FACE('',(#118,#152),#155,.F.);
#118 = FACE_BOUND('',#119,.F.);
#119 = EDGE_LOOP('',(#120,#130,#138,#146));
#120 = ORIENTED_EDGE('',*,*,#121,.T.);
#121 = EDGE_CURVE('',#122,#124,#126,.T.);
#122 = VERTEX_POINT('',#123);
#123 = CARTESIAN_POINT('',(21.849466370748,87.15303703788,-20.));
#124 = VERTEX_POINT('',#125);
#125 = CARTESIAN_POINT('',(21.849466370748,87.15303703788,20.));
#126 = LINE('',#127,#128);
#127 = CARTESIAN_POINT('',(21.849466370748,87.15303703788,-20.));
#128 = VECTOR('',#129,1.);
#129 = DIRECTION('',(0.,0.,1.));
#130 = ORIENTED_EDGE('',*,*,#131,.T.);
#131 = EDGE_CURVE('',#124,#132,#134,.T.);
#132 = VERTEX_POINT('',#133);
#133 = CARTESIAN_POINT('',(-16.04709437074,78.26447896212,20.));
#134 = LINE('',#135,#136);
#135 = CARTESIAN_POINT('',(21.849466370748,87.15303703788,20.));
#136 = VECTOR('',#137,1.);
#137 = DIRECTION('',(-0.973578902873,-0.228350870111,0.));
#138 = ORIENTED_EDGE('',*,*,#139,.F.);
#139 = EDGE_CURVE('',#140,#132,#142,.T.);
#140 = VERTEX_POINT('',#141);
#141 = CARTESIAN_POINT('',(-16.04709437074,78.26447896212,-20.));
#142 = LINE('',#143,#144);
#143 = CARTESIAN_POINT('',(-16.04709437074,78.26447896212,-20.));
#144 = VECTOR('',#145,1.);
#145 = DIRECTION('',(0.,0.,1.));
#146 = ORIENTED_EDGE('',*,*,#147,.F.);
#147 = EDGE_CURVE('',#122,#140,#148,.T.);
#148 = LINE('',#149,#150);
#149 = CARTESIAN_POINT('',(21.849466370748,87.15303703788,-20.));
#150 = VECTOR('',#151,1.);
#151 = DIRECTION('',(-0.973578902873,-0.228350870111,0.));
#152 = FACE_BOUND('',#153,.F.);
#153 = EDGE_LOOP('',(#154));
#154 = ORIENTED_EDGE('',*,*,#81,.T.);
#155 = PLANE('',#156);
#156 = AXIS2_PLACEMENT_3D('',#157,#158,#159);
#157 = CARTESIAN_POINT('',(21.849466370748,87.15303703788,-20.));
#158 = DIRECTION('',(0.228350870111,-0.973578902873,0.));
#159 = DIRECTION('',(-0.973578902873,-0.228350870111,0.));
#160 = ADVANCED_FACE('',(#161,#164),#175,.T.);
#161 = FACE_BOUND('',#162,.T.);
#162 = EDGE_LOOP('',(#163));
#163 = ORIENTED_EDGE('',*,*,#106,.T.);
#164 = FACE_BOUND('',#165,.T.);
#165 = EDGE_LOOP('',(#166));
#166 = ORIENTED_EDGE('',*,*,#167,.F.);
#167 = EDGE_CURVE('',#168,#168,#170,.T.);
#168 = VERTEX_POINT('',#169);
#169 = CARTESIAN_POINT('',(-12.4588506,85.628420976539,3.6E-14));
#170 = CIRCLE('',#171,14.2875);
#171 = AXIS2_PLACEMENT_3D('',#172,#173,#174);
#172 = CARTESIAN_POINT('',(1.451157974797,88.890984033245,3.6E-14));
#173 = DIRECTION('',(-0.228350870111,0.973578902873,0.));
#174 = DIRECTION('',(-0.973578902873,-0.228350870111,0.));
#175 = PLANE('',#176);
#176 = AXIS2_PLACEMENT_3D('',#177,#178,#179);
#177 = CARTESIAN_POINT('',(1.451157974797,88.890984033245,1.05E-15));
#178 = DIRECTION('',(-0.228350870111,0.973578902873,4.2E-16));
#179 = DIRECTION('',(0.973578902873,0.228350870111,0.));
#180 = ADVANCED_FACE('',(#181),#208,.F.);
#181 = FACE_BOUND('',#182,.T.);
#182 = EDGE_LOOP('',(#183,#184,#193,#201));
#183 = ORIENTED_EDGE('',*,*,#121,.T.);
#184 = ORIENTED_EDGE('',*,*,#185,.T.);
#185 = EDGE_CURVE('',#124,#186,#188,.T.);
#186 = VERTEX_POINT('',#187);
#187 = CARTESIAN_POINT('',(24.611570316373,83.252806666913,20.));
#188 = CIRCLE('',#189,6.35);
#189 = AXIS2_PLACEMENT_3D('',#190,#191,#192);
#190 = CARTESIAN_POINT('',(28.031692403992,88.603065063082,20.));
#191 = DIRECTION('',(0.,0.,1.));
#192 = DIRECTION('',(1.,0.,0.));
#193 = ORIENTED_EDGE('',*,*,#194,.F.);
#194 = EDGE_CURVE('',#195,#186,#197,.T.);
#195 = VERTEX_POINT('',#196);
#196 = CARTESIAN_POINT('',(24.611570316373,83.252806666913,-20.));
#197 = LINE('',#198,#199);
#198 = CARTESIAN_POINT('',(24.611570316373,83.252806666913,-20.));
#199 = VECTOR('',#200,1.);
#200 = DIRECTION('',(0.,0.,1.));
#201 = ORIENTED_EDGE('',*,*,#202,.F.);
#202 = EDGE_CURVE('',#122,#195,#203,.T.);
#203 = CIRCLE('',#204,6.35);
#204 = AXIS2_PLACEMENT_3D('',#205,#206,#207);
#205 = CARTESIAN_POINT('',(28.031692403992,88.603065063082,-20.));
#206 = DIRECTION('',(0.,0.,1.));
#207 = DIRECTION('',(1.,0.,0.));
#208 = CYLINDRICAL_SURFACE('',#209,6.35);
#209 = AXIS2_PLACEMENT_3D('',#210,#211,#212);
#210 = CARTESIAN_POINT('',(28.031692403992,88.603065063082,-20.));
#211 = DIRECTION('',(-0.,-0.,-1.));
#212 = DIRECTION('',(1.,0.,0.));
#213 = ADVANCED_FACE('',(#214,#318,#389,#400,#453,#464),#475,.F.);
#214 = FACE_BOUND('',#215,.F.);
#215 = EDGE_LOOP('',(#216,#227,#235,#243,#252,#259,#260,#261,#269,#277,
    #286,#295,#304,#312));
#216 = ORIENTED_EDGE('',*,*,#217,.F.);
#217 = EDGE_CURVE('',#218,#220,#222,.T.);
#218 = VERTEX_POINT('',#219);
#219 = CARTESIAN_POINT('',(19.07,0.,-20.));
#220 = VERTEX_POINT('',#221);
#221 = CARTESIAN_POINT('',(1.E-15,19.07,-20.));
#222 = CIRCLE('',#223,19.07);
#223 = AXIS2_PLACEMENT_3D('',#224,#225,#226);
#224 = CARTESIAN_POINT('',(0.,0.,-20.));
#225 = DIRECTION('',(0.,0.,1.));
#226 = DIRECTION('',(1.,0.,0.));
#227 = ORIENTED_EDGE('',*,*,#228,.T.);
#228 = EDGE_CURVE('',#218,#229,#231,.T.);
#229 = VERTEX_POINT('',#230);
#230 = CARTESIAN_POINT('',(31.906994174373,9.886465562332,-20.));
#231 = LINE('',#232,#233);
#232 = CARTESIAN_POINT('',(19.07,0.,-20.));
#233 = VECTOR('',#234,1.);
#234 = DIRECTION('',(0.792270273818,0.610170314932,0.));
#235 = ORIENTED_EDGE('',*,*,#236,.T.);
#236 = EDGE_CURVE('',#229,#237,#239,.T.);
#237 = VERTEX_POINT('',#238);
#238 = CARTESIAN_POINT('',(27.927964008767,51.297315073301,-20.));
#239 = LINE('',#240,#241);
#240 = CARTESIAN_POINT('',(31.906994174373,9.886465562332,-20.));
#241 = VECTOR('',#242,1.);
#242 = DIRECTION('',(-9.564613973104E-02,0.995415398693,0.));
#243 = ORIENTED_EDGE('',*,*,#244,.F.);
#244 = EDGE_CURVE('',#245,#237,#247,.T.);
#245 = VERTEX_POINT('',#246);
#246 = CARTESIAN_POINT('',(29.257348717741,55.829893796137,-20.));
#247 = CIRCLE('',#248,6.35);
#248 = AXIS2_PLACEMENT_3D('',#249,#250,#251);
#249 = CARTESIAN_POINT('',(34.248851790466,51.904668060593,-20.));
#250 = DIRECTION('',(0.,0.,1.));
#251 = DIRECTION('',(1.,0.,0.));
#252 = ORIENTED_EDGE('',*,*,#253,.T.);
#253 = EDGE_CURVE('',#245,#195,#254,.T.);
#254 = CIRCLE('',#255,18.773736686591);
#255 = AXIS2_PLACEMENT_3D('',#256,#257,#258);
#256 = CARTESIAN_POINT('',(14.5,67.4348,-20.));
#257 = DIRECTION('',(0.,0.,1.));
#258 = DIRECTION('',(1.,0.,0.));
#259 = ORIENTED_EDGE('',*,*,#202,.F.);
#260 = ORIENTED_EDGE('',*,*,#147,.T.);
#261 = ORIENTED_EDGE('',*,*,#262,.T.);
#262 = EDGE_CURVE('',#140,#263,#265,.T.);
#263 = VERTEX_POINT('',#264);
#264 = CARTESIAN_POINT('',(-15.58182830919,76.548206753832,-20.));
#265 = LINE('',#266,#267);
#266 = CARTESIAN_POINT('',(-16.04709437074,78.26447896212,-20.));
#267 = VECTOR('',#268,1.);
#268 = DIRECTION('',(0.261647222507,-0.965163577304,0.));
#269 = ORIENTED_EDGE('',*,*,#270,.F.);
#270 = EDGE_CURVE('',#271,#263,#273,.T.);
#271 = VERTEX_POINT('',#272);
#272 = CARTESIAN_POINT('',(-5.994061573669,78.796997139506,-20.));
#273 = LINE('',#274,#275);
#274 = CARTESIAN_POINT('',(-5.994061573669,78.796997139506,-20.));
#275 = VECTOR('',#276,1.);
#276 = DIRECTION('',(-0.973578902873,-0.228350870111,-0.));
#277 = ORIENTED_EDGE('',*,*,#278,.F.);
#278 = EDGE_CURVE('',#279,#271,#281,.T.);
#279 = VERTEX_POINT('',#280);
#280 = CARTESIAN_POINT('',(-0.407228104425,72.601390138711,-20.));
#281 = CIRCLE('',#282,4.762);
#282 = AXIS2_PLACEMENT_3D('',#283,#284,#285);
#283 = CARTESIAN_POINT('',(-4.906654730202,74.160814404024,-20.));
#284 = DIRECTION('',(0.,0.,1.));
#285 = DIRECTION('',(1.,0.,0.));
#286 = ORIENTED_EDGE('',*,*,#287,.T.);
#287 = EDGE_CURVE('',#279,#288,#290,.T.);
#288 = VERTEX_POINT('',#289);
#289 = CARTESIAN_POINT('',(-1.098351902276,65.066146088695,-20.));
#290 = CIRCLE('',#291,15.777170323565);
#291 = AXIS2_PLACEMENT_3D('',#292,#293,#294);
#292 = CARTESIAN_POINT('',(14.5,67.4348,-20.));
#293 = DIRECTION('',(0.,0.,1.));
#294 = DIRECTION('',(1.,0.,0.));
#295 = ORIENTED_EDGE('',*,*,#296,.F.);
#296 = EDGE_CURVE('',#297,#288,#299,.T.);
#297 = VERTEX_POINT('',#298);
#298 = CARTESIAN_POINT('',(-3.629732582504,60.115790510618,-20.));
#299 = CIRCLE('',#300,4.762);
#300 = AXIS2_PLACEMENT_3D('',#301,#302,#303);
#301 = CARTESIAN_POINT('',(-5.806379402473,64.351218779532,-20.));
#302 = DIRECTION('',(0.,0.,1.));
#303 = DIRECTION('',(1.,0.,0.));
#304 = ORIENTED_EDGE('',*,*,#305,.F.);
#305 = EDGE_CURVE('',#306,#297,#308,.T.);
#306 = VERTEX_POINT('',#307);
#307 = CARTESIAN_POINT('',(-10.21035137015,56.733916931809,-20.));
#308 = LINE('',#309,#310);
#309 = CARTESIAN_POINT('',(-10.21035137015,56.733916931809,-20.));
#310 = VECTOR('',#311,1.);
#311 = DIRECTION('',(0.889422148029,0.45708669046,0.));
#312 = ORIENTED_EDGE('',*,*,#313,.T.);
#313 = EDGE_CURVE('',#306,#220,#314,.T.);
#314 = LINE('',#315,#316);
#315 = CARTESIAN_POINT('',(-16.04709437074,78.26447896212,-20.));
#316 = VECTOR('',#317,1.);
#317 = DIRECTION('',(0.261647222507,-0.965163577304,0.));
#318 = FACE_BOUND('',#319,.F.);
#319 = EDGE_LOOP('',(#320,#331,#340,#349,#357,#366,#374,#383));
#320 = ORIENTED_EDGE('',*,*,#321,.F.);
#321 = EDGE_CURVE('',#322,#324,#326,.T.);
#322 = VERTEX_POINT('',#323);
#323 = CARTESIAN_POINT('',(2.516245257807,57.171520491043,-20.));
#324 = VERTEX_POINT('',#325);
#325 = CARTESIAN_POINT('',(-3.262407705278,58.306446078756,-20.));
#326 = CIRCLE('',#327,4.7498);
#327 = AXIS2_PLACEMENT_3D('',#328,#329,#330);
#328 = CARTESIAN_POINT('',(-1.091337342932,54.081868760048,-20.));
#329 = DIRECTION('',(0.,0.,1.));
#330 = DIRECTION('',(1.,0.,0.));
#331 = ORIENTED_EDGE('',*,*,#332,.T.);
#332 = EDGE_CURVE('',#322,#333,#335,.T.);
#333 = VERTEX_POINT('',#334);
#334 = CARTESIAN_POINT('',(13.400698663844,51.695142425188,-20.));
#335 = CIRCLE('',#336,15.778);
#336 = AXIS2_PLACEMENT_3D('',#337,#338,#339);
#337 = CARTESIAN_POINT('',(14.5,67.4348,-20.));
#338 = DIRECTION('',(0.,0.,1.));
#339 = DIRECTION('',(1.,0.,0.));
#340 = ORIENTED_EDGE('',*,*,#341,.F.);
#341 = EDGE_CURVE('',#342,#333,#344,.T.);
#342 = VERTEX_POINT('',#343);
#343 = CARTESIAN_POINT('',(17.477031665548,45.185838398604,-20.));
#344 = CIRCLE('',#345,4.7498);
#345 = AXIS2_PLACEMENT_3D('',#346,#347,#348);
#346 = CARTESIAN_POINT('',(13.069765625026,46.956885006704,-20.));
#347 = DIRECTION('',(0.,0.,1.));
#348 = DIRECTION('',(1.,0.,0.));
#349 = ORIENTED_EDGE('',*,*,#350,.T.);
#350 = EDGE_CURVE('',#342,#351,#353,.T.);
#351 = VERTEX_POINT('',#352);
#352 = CARTESIAN_POINT('',(9.196765855852,24.580319524825,-20.));
#353 = LINE('',#354,#355);
#354 = CARTESIAN_POINT('',(17.477031665548,45.185838398604,-20.));
#355 = VECTOR('',#356,1.);
#356 = DIRECTION('',(-0.372867617184,-0.927884551038,-0.));
#357 = ORIENTED_EDGE('',*,*,#358,.F.);
#358 = EDGE_CURVE('',#359,#351,#361,.T.);
#359 = VERTEX_POINT('',#360);
#360 = CARTESIAN_POINT('',(0.205165855852,25.108594155461,-20.));
#361 = CIRCLE('',#362,4.7498);
#362 = AXIS2_PLACEMENT_3D('',#363,#364,#365);
#363 = CARTESIAN_POINT('',(4.789499815331,26.351366132926,-20.));
#364 = DIRECTION('',(0.,0.,1.));
#365 = DIRECTION('',(1.,0.,0.));
#366 = ORIENTED_EDGE('',*,*,#367,.F.);
#367 = EDGE_CURVE('',#368,#359,#370,.T.);
#368 = VERTEX_POINT('',#369);
#369 = CARTESIAN_POINT('',(-7.112192963172,52.100847872157,-20.));
#370 = LINE('',#371,#372);
#371 = CARTESIAN_POINT('',(-7.112192963172,52.100847872157,-20.));
#372 = VECTOR('',#373,1.);
#373 = DIRECTION('',(0.261647222507,-0.965163577304,0.));
#374 = ORIENTED_EDGE('',*,*,#375,.F.);
#375 = EDGE_CURVE('',#376,#368,#378,.T.);
#376 = VERTEX_POINT('',#377);
#377 = CARTESIAN_POINT('',(-4.698929366039,57.568197168331,-20.));
#378 = CIRCLE('',#379,4.7498);
#379 = AXIS2_PLACEMENT_3D('',#380,#381,#382);
#380 = CARTESIAN_POINT('',(-2.527859003693,53.343619849622,-20.));
#381 = DIRECTION('',(0.,0.,1.));
#382 = DIRECTION('',(1.,0.,0.));
#383 = ORIENTED_EDGE('',*,*,#384,.T.);
#384 = EDGE_CURVE('',#376,#324,#385,.T.);
#385 = LINE('',#386,#387);
#386 = CARTESIAN_POINT('',(-4.698929366039,57.568197168331,-20.));
#387 = VECTOR('',#388,1.);
#388 = DIRECTION('',(0.889422148029,0.45708669046,0.));
#389 = FACE_BOUND('',#390,.F.);
#390 = EDGE_LOOP('',(#391));
#391 = ORIENTED_EDGE('',*,*,#392,.F.);
#392 = EDGE_CURVE('',#393,#393,#395,.T.);
#393 = VERTEX_POINT('',#394);
#394 = CARTESIAN_POINT('',(27.518945989576,12.508784217322,-20.));
#395 = CIRCLE('',#396,4.953);
#396 = AXIS2_PLACEMENT_3D('',#397,#398,#399);
#397 = CARTESIAN_POINT('',(22.565945989576,12.508784217322,-20.));
#398 = DIRECTION('',(0.,0.,1.));
#399 = DIRECTION('',(1.,0.,0.));
#400 = FACE_BOUND('',#401,.F.);
#401 = EDGE_LOOP('',(#402,#412,#421,#429,#438,#446));
#402 = ORIENTED_EDGE('',*,*,#403,.F.);
#403 = EDGE_CURVE('',#404,#406,#408,.T.);
#404 = VERTEX_POINT('',#405);
#405 = CARTESIAN_POINT('',(28.107485583038,30.839630686567,-20.));
#406 = VERTEX_POINT('',#407);
#407 = CARTESIAN_POINT('',(27.178191993032,40.51104191132,-20.));
#408 = LINE('',#409,#410);
#409 = CARTESIAN_POINT('',(28.107485583038,30.839630686567,-20.));
#410 = VECTOR('',#411,1.);
#411 = DIRECTION('',(-9.564613973104E-02,0.995415398693,0.));
#412 = ORIENTED_EDGE('',*,*,#413,.F.);
#413 = EDGE_CURVE('',#414,#404,#416,.T.);
#414 = VERTEX_POINT('',#415);
#415 = CARTESIAN_POINT('',(26.884594927074,27.179922744344,-20.));
#416 = CIRCLE('',#417,4.7498);
#417 = AXIS2_PLACEMENT_3D('',#418,#419,#420);
#418 = CARTESIAN_POINT('',(23.379461522328,30.385330652073,-20.));
#419 = DIRECTION('',(0.,0.,1.));
#420 = DIRECTION('',(1.,0.,0.));
#421 = ORIENTED_EDGE('',*,*,#422,.F.);
#422 = EDGE_CURVE('',#423,#414,#425,.T.);
#423 = VERTEX_POINT('',#424);
#424 = CARTESIAN_POINT('',(18.291040835495,17.78281810781,-20.));
#425 = LINE('',#426,#427);
#426 = CARTESIAN_POINT('',(18.291040835495,17.782818107793,-20.));
#427 = VECTOR('',#428,1.);
#428 = DIRECTION('',(0.674851132203,0.737953893793,0.));
#429 = ORIENTED_EDGE('',*,*,#430,.F.);
#430 = EDGE_CURVE('',#431,#423,#433,.T.);
#431 = VERTEX_POINT('',#432);
#432 = CARTESIAN_POINT('',(10.378758065446,22.759583462095,-20.));
#433 = CIRCLE('',#434,4.7498);
#434 = AXIS2_PLACEMENT_3D('',#435,#436,#437);
#435 = CARTESIAN_POINT('',(14.785892716668,20.988209925543,-20.));
#436 = DIRECTION('',(0.,0.,1.));
#437 = DIRECTION('',(1.,0.,0.));
#438 = ORIENTED_EDGE('',*,*,#439,.F.);
#439 = EDGE_CURVE('',#440,#431,#442,.T.);
#440 = VERTEX_POINT('',#441);
#441 = CARTESIAN_POINT('',(18.043033115746,41.828115001983,-20.));
#442 = LINE('',#443,#444);
#443 = CARTESIAN_POINT('',(18.043033115746,41.828115001983,-20.));
#444 = VECTOR('',#445,1.);
#445 = DIRECTION('',(-0.372936447125,-0.927856888968,-0.));
#446 = ORIENTED_EDGE('',*,*,#447,.F.);
#447 = EDGE_CURVE('',#406,#440,#448,.T.);
#448 = CIRCLE('',#449,4.7498);
#449 = AXIS2_PLACEMENT_3D('',#450,#451,#452);
#450 = CARTESIAN_POINT('',(22.450167932321,40.056741876826,-20.));
#451 = DIRECTION('',(0.,0.,1.));
#452 = DIRECTION('',(1.,0.,0.));
#453 = FACE_BOUND('',#454,.F.);
#454 = EDGE_LOOP('',(#455));
#455 = ORIENTED_EDGE('',*,*,#456,.F.);
#456 = EDGE_CURVE('',#457,#457,#459,.T.);
#457 = VERTEX_POINT('',#458);
#458 = CARTESIAN_POINT('',(26.196995885391,50.570429652821,-20.));
#459 = CIRCLE('',#460,3.175);
#460 = AXIS2_PLACEMENT_3D('',#461,#462,#463);
#461 = CARTESIAN_POINT('',(23.021995885391,50.570429652821,-20.));
#462 = DIRECTION('',(0.,0.,1.));
#463 = DIRECTION('',(1.,0.,0.));
#464 = FACE_BOUND('',#465,.F.);
#465 = EDGE_LOOP('',(#466));
#466 = ORIENTED_EDGE('',*,*,#467,.F.);
#467 = EDGE_CURVE('',#468,#468,#470,.T.);
#468 = VERTEX_POINT('',#469);
#469 = CARTESIAN_POINT('',(28.5,67.4348,-20.));
#470 = CIRCLE('',#471,14.);
#471 = AXIS2_PLACEMENT_3D('',#472,#473,#474);
#472 = CARTESIAN_POINT('',(14.5,67.4348,-20.));
#473 = DIRECTION('',(0.,0.,1.));
#474 = DIRECTION('',(1.,0.,0.));
#475 = PLANE('',#476);
#476 = AXIS2_PLACEMENT_3D('',#477,#478,#479);
#477 = CARTESIAN_POINT('',(12.878418394991,52.008392968303,-20.));
#478 = DIRECTION('',(0.,0.,1.));
#479 = DIRECTION('',(1.,0.,0.));
#480 = ADVANCED_FACE('',(#481,#585,#656,#667,#720,#731),#742,.T.);
#481 = FACE_BOUND('',#482,.T.);
#482 = EDGE_LOOP('',(#483,#494,#502,#510,#519,#526,#527,#528,#536,#544,
    #553,#562,#571,#579));
#483 = ORIENTED_EDGE('',*,*,#484,.F.);
#484 = EDGE_CURVE('',#485,#487,#489,.T.);
#485 = VERTEX_POINT('',#486);
#486 = CARTESIAN_POINT('',(19.07,0.,20.));
#487 = VERTEX_POINT('',#488);
#488 = CARTESIAN_POINT('',(1.E-15,19.07,20.));
#489 = CIRCLE('',#490,19.07);
#490 = AXIS2_PLACEMENT_3D('',#491,#492,#493);
#491 = CARTESIAN_POINT('',(0.,0.,20.));
#492 = DIRECTION('',(0.,0.,1.));
#493 = DIRECTION('',(1.,0.,0.));
#494 = ORIENTED_EDGE('',*,*,#495,.T.);
#495 = EDGE_CURVE('',#485,#496,#498,.T.);
#496 = VERTEX_POINT('',#497);
#497 = CARTESIAN_POINT('',(31.906994174373,9.886465562332,20.));
#498 = LINE('',#499,#500);
#499 = CARTESIAN_POINT('',(19.07,0.,20.));
#500 = VECTOR('',#501,1.);
#501 = DIRECTION('',(0.792270273818,0.610170314932,0.));
#502 = ORIENTED_EDGE('',*,*,#503,.T.);
#503 = EDGE_CURVE('',#496,#504,#506,.T.);
#504 = VERTEX_POINT('',#505);
#505 = CARTESIAN_POINT('',(27.927964008767,51.297315073301,20.));
#506 = LINE('',#507,#508);
#507 = CARTESIAN_POINT('',(31.906994174373,9.886465562332,20.));
#508 = VECTOR('',#509,1.);
#509 = DIRECTION('',(-9.564613973104E-02,0.995415398693,0.));
#510 = ORIENTED_EDGE('',*,*,#511,.F.);
#511 = EDGE_CURVE('',#512,#504,#514,.T.);
#512 = VERTEX_POINT('',#513);
#513 = CARTESIAN_POINT('',(29.257348717741,55.829893796137,20.));
#514 = CIRCLE('',#515,6.35);
#515 = AXIS2_PLACEMENT_3D('',#516,#517,#518);
#516 = CARTESIAN_POINT('',(34.248851790466,51.904668060593,20.));
#517 = DIRECTION('',(0.,0.,1.));
#518 = DIRECTION('',(1.,0.,0.));
#519 = ORIENTED_EDGE('',*,*,#520,.T.);
#520 = EDGE_CURVE('',#512,#186,#521,.T.);
#521 = CIRCLE('',#522,18.773736686591);
#522 = AXIS2_PLACEMENT_3D('',#523,#524,#525);
#523 = CARTESIAN_POINT('',(14.5,67.4348,20.));
#524 = DIRECTION('',(0.,0.,1.));
#525 = DIRECTION('',(1.,0.,0.));
#526 = ORIENTED_EDGE('',*,*,#185,.F.);
#527 = ORIENTED_EDGE('',*,*,#131,.T.);
#528 = ORIENTED_EDGE('',*,*,#529,.T.);
#529 = EDGE_CURVE('',#132,#530,#532,.T.);
#530 = VERTEX_POINT('',#531);
#531 = CARTESIAN_POINT('',(-15.58182830919,76.548206753832,20.));
#532 = LINE('',#533,#534);
#533 = CARTESIAN_POINT('',(-16.04709437074,78.26447896212,20.));
#534 = VECTOR('',#535,1.);
#535 = DIRECTION('',(0.261647222507,-0.965163577304,0.));
#536 = ORIENTED_EDGE('',*,*,#537,.F.);
#537 = EDGE_CURVE('',#538,#530,#540,.T.);
#538 = VERTEX_POINT('',#539);
#539 = CARTESIAN_POINT('',(-5.994061573669,78.796997139506,20.));
#540 = LINE('',#541,#542);
#541 = CARTESIAN_POINT('',(-5.994061573669,78.796997139506,20.));
#542 = VECTOR('',#543,1.);
#543 = DIRECTION('',(-0.973578902873,-0.228350870111,0.));
#544 = ORIENTED_EDGE('',*,*,#545,.F.);
#545 = EDGE_CURVE('',#546,#538,#548,.T.);
#546 = VERTEX_POINT('',#547);
#547 = CARTESIAN_POINT('',(-0.407228104425,72.601390138711,20.));
#548 = CIRCLE('',#549,4.762);
#549 = AXIS2_PLACEMENT_3D('',#550,#551,#552);
#550 = CARTESIAN_POINT('',(-4.906654730202,74.160814404024,20.));
#551 = DIRECTION('',(0.,0.,1.));
#552 = DIRECTION('',(1.,0.,0.));
#553 = ORIENTED_EDGE('',*,*,#554,.T.);
#554 = EDGE_CURVE('',#546,#555,#557,.T.);
#555 = VERTEX_POINT('',#556);
#556 = CARTESIAN_POINT('',(-1.098351902276,65.066146088695,20.));
#557 = CIRCLE('',#558,15.777170323565);
#558 = AXIS2_PLACEMENT_3D('',#559,#560,#561);
#559 = CARTESIAN_POINT('',(14.5,67.4348,20.));
#560 = DIRECTION('',(0.,0.,1.));
#561 = DIRECTION('',(1.,0.,0.));
#562 = ORIENTED_EDGE('',*,*,#563,.F.);
#563 = EDGE_CURVE('',#564,#555,#566,.T.);
#564 = VERTEX_POINT('',#565);
#565 = CARTESIAN_POINT('',(-3.629732582504,60.115790510618,20.));
#566 = CIRCLE('',#567,4.762);
#567 = AXIS2_PLACEMENT_3D('',#568,#569,#570);
#568 = CARTESIAN_POINT('',(-5.806379402473,64.351218779532,20.));
#569 = DIRECTION('',(0.,0.,1.));
#570 = DIRECTION('',(1.,0.,0.));
#571 = ORIENTED_EDGE('',*,*,#572,.F.);
#572 = EDGE_CURVE('',#573,#564,#575,.T.);
#573 = VERTEX_POINT('',#574);
#574 = CARTESIAN_POINT('',(-10.21035137015,56.733916931809,20.));
#575 = LINE('',#576,#577);
#576 = CARTESIAN_POINT('',(-10.21035137015,56.733916931809,20.));
#577 = VECTOR('',#578,1.);
#578 = DIRECTION('',(0.889422148029,0.45708669046,0.));
#579 = ORIENTED_EDGE('',*,*,#580,.T.);
#580 = EDGE_CURVE('',#573,#487,#581,.T.);
#581 = LINE('',#582,#583);
#582 = CARTESIAN_POINT('',(-16.04709437074,78.26447896212,20.));
#583 = VECTOR('',#584,1.);
#584 = DIRECTION('',(0.261647222507,-0.965163577304,0.));
#585 = FACE_BOUND('',#586,.T.);
#586 = EDGE_LOOP('',(#587,#598,#607,#616,#624,#633,#641,#650));
#587 = ORIENTED_EDGE('',*,*,#588,.F.);
#588 = EDGE_CURVE('',#589,#591,#593,.T.);
#589 = VERTEX_POINT('',#590);
#590 = CARTESIAN_POINT('',(2.516245257807,57.171520491043,20.));
#591 = VERTEX_POINT('',#592);
#592 = CARTESIAN_POINT('',(-3.262407705278,58.306446078756,20.));
#593 = CIRCLE('',#594,4.7498);
#594 = AXIS2_PLACEMENT_3D('',#595,#596,#597);
#595 = CARTESIAN_POINT('',(-1.091337342932,54.081868760048,20.));
#596 = DIRECTION('',(0.,0.,1.));
#597 = DIRECTION('',(1.,0.,0.));
#598 = ORIENTED_EDGE('',*,*,#599,.T.);
#599 = EDGE_CURVE('',#589,#600,#602,.T.);
#600 = VERTEX_POINT('',#601);
#601 = CARTESIAN_POINT('',(13.400698663844,51.695142425188,20.));
#602 = CIRCLE('',#603,15.778);
#603 = AXIS2_PLACEMENT_3D('',#604,#605,#606);
#604 = CARTESIAN_POINT('',(14.5,67.4348,20.));
#605 = DIRECTION('',(0.,0.,1.));
#606 = DIRECTION('',(1.,0.,0.));
#607 = ORIENTED_EDGE('',*,*,#608,.F.);
#608 = EDGE_CURVE('',#609,#600,#611,.T.);
#609 = VERTEX_POINT('',#610);
#610 = CARTESIAN_POINT('',(17.477031665548,45.185838398604,20.));
#611 = CIRCLE('',#612,4.7498);
#612 = AXIS2_PLACEMENT_3D('',#613,#614,#615);
#613 = CARTESIAN_POINT('',(13.069765625026,46.956885006704,20.));
#614 = DIRECTION('',(0.,0.,1.));
#615 = DIRECTION('',(1.,0.,0.));
#616 = ORIENTED_EDGE('',*,*,#617,.T.);
#617 = EDGE_CURVE('',#609,#618,#620,.T.);
#618 = VERTEX_POINT('',#619);
#619 = CARTESIAN_POINT('',(9.196765855852,24.580319524825,20.));
#620 = LINE('',#621,#622);
#621 = CARTESIAN_POINT('',(17.477031665548,45.185838398604,20.));
#622 = VECTOR('',#623,1.);
#623 = DIRECTION('',(-0.372867617184,-0.927884551038,0.));
#624 = ORIENTED_EDGE('',*,*,#625,.F.);
#625 = EDGE_CURVE('',#626,#618,#628,.T.);
#626 = VERTEX_POINT('',#627);
#627 = CARTESIAN_POINT('',(0.205165855852,25.108594155461,20.));
#628 = CIRCLE('',#629,4.7498);
#629 = AXIS2_PLACEMENT_3D('',#630,#631,#632);
#630 = CARTESIAN_POINT('',(4.789499815331,26.351366132926,20.));
#631 = DIRECTION('',(0.,0.,1.));
#632 = DIRECTION('',(1.,0.,0.));
#633 = ORIENTED_EDGE('',*,*,#634,.F.);
#634 = EDGE_CURVE('',#635,#626,#637,.T.);
#635 = VERTEX_POINT('',#636);
#636 = CARTESIAN_POINT('',(-7.112192963172,52.100847872157,20.));
#637 = LINE('',#638,#639);
#638 = CARTESIAN_POINT('',(-7.112192963172,52.100847872157,20.));
#639 = VECTOR('',#640,1.);
#640 = DIRECTION('',(0.261647222507,-0.965163577304,0.));
#641 = ORIENTED_EDGE('',*,*,#642,.F.);
#642 = EDGE_CURVE('',#643,#635,#645,.T.);
#643 = VERTEX_POINT('',#644);
#644 = CARTESIAN_POINT('',(-4.698929366039,57.568197168331,20.));
#645 = CIRCLE('',#646,4.7498);
#646 = AXIS2_PLACEMENT_3D('',#647,#648,#649);
#647 = CARTESIAN_POINT('',(-2.527859003693,53.343619849622,20.));
#648 = DIRECTION('',(0.,0.,1.));
#649 = DIRECTION('',(1.,0.,0.));
#650 = ORIENTED_EDGE('',*,*,#651,.T.);
#651 = EDGE_CURVE('',#643,#591,#652,.T.);
#652 = LINE('',#653,#654);
#653 = CARTESIAN_POINT('',(-4.698929366039,57.568197168331,20.));
#654 = VECTOR('',#655,1.);
#655 = DIRECTION('',(0.889422148029,0.45708669046,0.));
#656 = FACE_BOUND('',#657,.T.);
#657 = EDGE_LOOP('',(#658));
#658 = ORIENTED_EDGE('',*,*,#659,.F.);
#659 = EDGE_CURVE('',#660,#660,#662,.T.);
#660 = VERTEX_POINT('',#661);
#661 = CARTESIAN_POINT('',(27.518945989576,12.508784217322,20.));
#662 = CIRCLE('',#663,4.953);
#663 = AXIS2_PLACEMENT_3D('',#664,#665,#666);
#664 = CARTESIAN_POINT('',(22.565945989576,12.508784217322,20.));
#665 = DIRECTION('',(0.,0.,1.));
#666 = DIRECTION('',(1.,0.,0.));
#667 = FACE_BOUND('',#668,.T.);
#668 = EDGE_LOOP('',(#669,#679,#688,#696,#705,#713));
#669 = ORIENTED_EDGE('',*,*,#670,.F.);
#670 = EDGE_CURVE('',#671,#673,#675,.T.);
#671 = VERTEX_POINT('',#672);
#672 = CARTESIAN_POINT('',(28.107485583038,30.839630686567,20.));
#673 = VERTEX_POINT('',#674);
#674 = CARTESIAN_POINT('',(27.178191993032,40.51104191132,20.));
#675 = LINE('',#676,#677);
#676 = CARTESIAN_POINT('',(28.107485583038,30.839630686567,20.));
#677 = VECTOR('',#678,1.);
#678 = DIRECTION('',(-9.564613973104E-02,0.995415398693,0.));
#679 = ORIENTED_EDGE('',*,*,#680,.F.);
#680 = EDGE_CURVE('',#681,#671,#683,.T.);
#681 = VERTEX_POINT('',#682);
#682 = CARTESIAN_POINT('',(26.884594927074,27.179922744344,20.));
#683 = CIRCLE('',#684,4.7498);
#684 = AXIS2_PLACEMENT_3D('',#685,#686,#687);
#685 = CARTESIAN_POINT('',(23.379461522328,30.385330652073,20.));
#686 = DIRECTION('',(0.,0.,1.));
#687 = DIRECTION('',(1.,0.,0.));
#688 = ORIENTED_EDGE('',*,*,#689,.F.);
#689 = EDGE_CURVE('',#690,#681,#692,.T.);
#690 = VERTEX_POINT('',#691);
#691 = CARTESIAN_POINT('',(18.291040835495,17.78281810781,20.));
#692 = LINE('',#693,#694);
#693 = CARTESIAN_POINT('',(18.291040835495,17.782818107793,20.));
#694 = VECTOR('',#695,1.);
#695 = DIRECTION('',(0.674851132203,0.737953893793,0.));
#696 = ORIENTED_EDGE('',*,*,#697,.F.);
#697 = EDGE_CURVE('',#698,#690,#700,.T.);
#698 = VERTEX_POINT('',#699);
#699 = CARTESIAN_POINT('',(10.378758065446,22.759583462095,20.));
#700 = CIRCLE('',#701,4.7498);
#701 = AXIS2_PLACEMENT_3D('',#702,#703,#704);
#702 = CARTESIAN_POINT('',(14.785892716668,20.988209925543,20.));
#703 = DIRECTION('',(0.,0.,1.));
#704 = DIRECTION('',(1.,0.,0.));
#705 = ORIENTED_EDGE('',*,*,#706,.F.);
#706 = EDGE_CURVE('',#707,#698,#709,.T.);
#707 = VERTEX_POINT('',#708);
#708 = CARTESIAN_POINT('',(18.043033115746,41.828115001983,20.));
#709 = LINE('',#710,#711);
#710 = CARTESIAN_POINT('',(18.043033115746,41.828115001983,20.));
#711 = VECTOR('',#712,1.);
#712 = DIRECTION('',(-0.372936447125,-0.927856888968,0.));
#713 = ORIENTED_EDGE('',*,*,#714,.F.);
#714 = EDGE_CURVE('',#673,#707,#715,.T.);
#715 = CIRCLE('',#716,4.7498);
#716 = AXIS2_PLACEMENT_3D('',#717,#718,#719);
#717 = CARTESIAN_POINT('',(22.450167932321,40.056741876826,20.));
#718 = DIRECTION('',(0.,0.,1.));
#719 = DIRECTION('',(1.,0.,0.));
#720 = FACE_BOUND('',#721,.T.);
#721 = EDGE_LOOP('',(#722));
#722 = ORIENTED_EDGE('',*,*,#723,.F.);
#723 = EDGE_CURVE('',#724,#724,#726,.T.);
#724 = VERTEX_POINT('',#725);
#725 = CARTESIAN_POINT('',(26.196995885391,50.570429652821,20.));
#726 = CIRCLE('',#727,3.175);
#727 = AXIS2_PLACEMENT_3D('',#728,#729,#730);
#728 = CARTESIAN_POINT('',(23.021995885391,50.570429652821,20.));
#729 = DIRECTION('',(0.,0.,1.));
#730 = DIRECTION('',(1.,0.,0.));
#731 = FACE_BOUND('',#732,.T.);
#732 = EDGE_LOOP('',(#733));
#733 = ORIENTED_EDGE('',*,*,#734,.F.);
#734 = EDGE_CURVE('',#735,#735,#737,.T.);
#735 = VERTEX_POINT('',#736);
#736 = CARTESIAN_POINT('',(28.5,67.4348,20.));
#737 = CIRCLE('',#738,14.);
#738 = AXIS2_PLACEMENT_3D('',#739,#740,#741);
#739 = CARTESIAN_POINT('',(14.5,67.4348,20.));
#740 = DIRECTION('',(0.,0.,1.));
#741 = DIRECTION('',(1.,0.,0.));
#742 = PLANE('',#743);
#743 = AXIS2_PLACEMENT_3D('',#744,#745,#746);
#744 = CARTESIAN_POINT('',(12.878418394991,52.008392968303,20.));
#745 = DIRECTION('',(0.,0.,1.));
#746 = DIRECTION('',(1.,0.,0.));
#747 = ADVANCED_FACE('',(#748),#805,.F.);
#748 = FACE_BOUND('',#749,.F.);
#749 = EDGE_LOOP('',(#750,#751,#752,#753,#761,#769,#775,#776,#782,#783,
    #791,#799));
#750 = ORIENTED_EDGE('',*,*,#262,.F.);
#751 = ORIENTED_EDGE('',*,*,#139,.T.);
#752 = ORIENTED_EDGE('',*,*,#529,.T.);
#753 = ORIENTED_EDGE('',*,*,#754,.T.);
#754 = EDGE_CURVE('',#530,#755,#757,.T.);
#755 = VERTEX_POINT('',#756);
#756 = CARTESIAN_POINT('',(-15.58182830919,76.548206753832,1.));
#757 = LINE('',#758,#759);
#758 = CARTESIAN_POINT('',(-15.58182830919,76.548206753832,20.));
#759 = VECTOR('',#760,1.);
#760 = DIRECTION('',(-0.,-0.,-1.));
#761 = ORIENTED_EDGE('',*,*,#762,.T.);
#762 = EDGE_CURVE('',#755,#763,#765,.T.);
#763 = VERTEX_POINT('',#764);
#764 = CARTESIAN_POINT('',(-10.21035137015,56.733916931809,1.));
#765 = LINE('',#766,#767);
#766 = CARTESIAN_POINT('',(-15.58182830919,76.548206753832,1.));
#767 = VECTOR('',#768,1.);
#768 = DIRECTION('',(0.261647222507,-0.965163577304,0.));
#769 = ORIENTED_EDGE('',*,*,#770,.F.);
#770 = EDGE_CURVE('',#573,#763,#771,.T.);
#771 = LINE('',#772,#773);
#772 = CARTESIAN_POINT('',(-10.21035137015,56.733916931809,20.));
#773 = VECTOR('',#774,1.);
#774 = DIRECTION('',(-0.,-0.,-1.));
#775 = ORIENTED_EDGE('',*,*,#580,.T.);
#776 = ORIENTED_EDGE('',*,*,#777,.F.);
#777 = EDGE_CURVE('',#220,#487,#778,.T.);
#778 = LINE('',#779,#780);
#779 = CARTESIAN_POINT('',(5.8E-16,19.07,-20.));
#780 = VECTOR('',#781,1.);
#781 = DIRECTION('',(0.,0.,1.));
#782 = ORIENTED_EDGE('',*,*,#313,.F.);
#783 = ORIENTED_EDGE('',*,*,#784,.T.);
#784 = EDGE_CURVE('',#306,#785,#787,.T.);
#785 = VERTEX_POINT('',#786);
#786 = CARTESIAN_POINT('',(-10.21035137015,56.733916931809,-1.));
#787 = LINE('',#788,#789);
#788 = CARTESIAN_POINT('',(-10.21035137015,56.733916931809,-20.));
#789 = VECTOR('',#790,1.);
#790 = DIRECTION('',(0.,0.,1.));
#791 = ORIENTED_EDGE('',*,*,#792,.F.);
#792 = EDGE_CURVE('',#793,#785,#795,.T.);
#793 = VERTEX_POINT('',#794);
#794 = CARTESIAN_POINT('',(-15.58182830919,76.548206753832,-1.));
#795 = LINE('',#796,#797);
#796 = CARTESIAN_POINT('',(-15.58182830919,76.548206753832,-1.));
#797 = VECTOR('',#798,1.);
#798 = DIRECTION('',(0.261647222507,-0.965163577304,0.));
#799 = ORIENTED_EDGE('',*,*,#800,.F.);
#800 = EDGE_CURVE('',#263,#793,#801,.T.);
#801 = LINE('',#802,#803);
#802 = CARTESIAN_POINT('',(-15.58182830919,76.548206753832,-20.));
#803 = VECTOR('',#804,1.);
#804 = DIRECTION('',(0.,0.,1.));
#805 = PLANE('',#806);
#806 = AXIS2_PLACEMENT_3D('',#807,#808,#809);
#807 = CARTESIAN_POINT('',(-16.04709437074,78.26447896212,-20.));
#808 = DIRECTION('',(0.965163577304,0.261647222507,0.));
#809 = DIRECTION('',(0.261647222507,-0.965163577304,0.));
#810 = ADVANCED_FACE('',(#811),#830,.F.);
#811 = FACE_BOUND('',#812,.F.);
#812 = EDGE_LOOP('',(#813,#821,#822,#823));
#813 = ORIENTED_EDGE('',*,*,#814,.F.);
#814 = EDGE_CURVE('',#168,#815,#817,.T.);
#815 = VERTEX_POINT('',#816);
#816 = CARTESIAN_POINT('',(-11.0088225748,79.446194943294,3.5E-14));
#817 = LINE('',#818,#819);
#818 = CARTESIAN_POINT('',(-12.4588506,85.628420976539,3.614E-14));
#819 = VECTOR('',#820,1.);
#820 = DIRECTION('',(0.228350870111,-0.973578902873,-1.7E-16));
#821 = ORIENTED_EDGE('',*,*,#167,.F.);
#822 = ORIENTED_EDGE('',*,*,#814,.T.);
#823 = ORIENTED_EDGE('',*,*,#824,.T.);
#824 = EDGE_CURVE('',#815,#815,#825,.T.);
#825 = CIRCLE('',#826,14.2875);
#826 = AXIS2_PLACEMENT_3D('',#827,#828,#829);
#827 = CARTESIAN_POINT('',(2.901186,82.708758,3.375E-14));
#828 = DIRECTION('',(-0.228350870111,0.973578902873,4.4E-16));
#829 = DIRECTION('',(-0.973578902873,-0.228350870111,-3.E-17));
#830 = CYLINDRICAL_SURFACE('',#831,14.2875);
#831 = AXIS2_PLACEMENT_3D('',#832,#833,#834);
#832 = CARTESIAN_POINT('',(1.451157974797,88.890984033245,3.654E-14));
#833 = DIRECTION('',(-0.228350870111,0.973578902873,4.4E-16));
#834 = DIRECTION('',(-0.973578902873,-0.228350870111,-3.E-17));
#835 = ADVANCED_FACE('',(#836),#847,.T.);
#836 = FACE_BOUND('',#837,.F.);
#837 = EDGE_LOOP('',(#838,#844,#845,#846));
#838 = ORIENTED_EDGE('',*,*,#839,.T.);
#839 = EDGE_CURVE('',#245,#512,#840,.T.);
#840 = LINE('',#841,#842);
#841 = CARTESIAN_POINT('',(29.257348717741,55.829893796137,-20.));
#842 = VECTOR('',#843,1.);
#843 = DIRECTION('',(0.,0.,1.));
#844 = ORIENTED_EDGE('',*,*,#520,.T.);
#845 = ORIENTED_EDGE('',*,*,#194,.F.);
#846 = ORIENTED_EDGE('',*,*,#253,.F.);
#847 = CYLINDRICAL_SURFACE('',#848,18.773736686591);
#848 = AXIS2_PLACEMENT_3D('',#849,#850,#851);
#849 = CARTESIAN_POINT('',(14.5,67.4348,-20.));
#850 = DIRECTION('',(-0.,-0.,-1.));
#851 = DIRECTION('',(1.,0.,0.));
#852 = ADVANCED_FACE('',(#853),#864,.F.);
#853 = FACE_BOUND('',#854,.T.);
#854 = EDGE_LOOP('',(#855,#861,#862,#863));
#855 = ORIENTED_EDGE('',*,*,#856,.T.);
#856 = EDGE_CURVE('',#218,#485,#857,.T.);
#857 = LINE('',#858,#859);
#858 = CARTESIAN_POINT('',(19.07,0.,-20.));
#859 = VECTOR('',#860,1.);
#860 = DIRECTION('',(0.,0.,1.));
#861 = ORIENTED_EDGE('',*,*,#484,.T.);
#862 = ORIENTED_EDGE('',*,*,#777,.F.);
#863 = ORIENTED_EDGE('',*,*,#217,.F.);
#864 = CYLINDRICAL_SURFACE('',#865,19.07);
#865 = AXIS2_PLACEMENT_3D('',#866,#867,#868);
#866 = CARTESIAN_POINT('',(0.,0.,-20.));
#867 = DIRECTION('',(-0.,-0.,-1.));
#868 = DIRECTION('',(1.,0.,0.));
#869 = ADVANCED_FACE('',(#870),#888,.F.);
#870 = FACE_BOUND('',#871,.T.);
#871 = EDGE_LOOP('',(#872,#873,#881,#887));
#872 = ORIENTED_EDGE('',*,*,#784,.T.);
#873 = ORIENTED_EDGE('',*,*,#874,.T.);
#874 = EDGE_CURVE('',#785,#875,#877,.T.);
#875 = VERTEX_POINT('',#876);
#876 = CARTESIAN_POINT('',(-3.629732582504,60.115790510618,-1.));
#877 = LINE('',#878,#879);
#878 = CARTESIAN_POINT('',(-10.21035137015,56.733916931809,-1.));
#879 = VECTOR('',#880,1.);
#880 = DIRECTION('',(0.889422148029,0.45708669046,0.));
#881 = ORIENTED_EDGE('',*,*,#882,.F.);
#882 = EDGE_CURVE('',#297,#875,#883,.T.);
#883 = LINE('',#884,#885);
#884 = CARTESIAN_POINT('',(-3.629732582504,60.115790510618,-20.));
#885 = VECTOR('',#886,1.);
#886 = DIRECTION('',(0.,0.,1.));
#887 = ORIENTED_EDGE('',*,*,#305,.F.);
#888 = PLANE('',#889);
#889 = AXIS2_PLACEMENT_3D('',#890,#891,#892);
#890 = CARTESIAN_POINT('',(-10.21035137015,56.733916931809,-20.));
#891 = DIRECTION('',(0.45708669046,-0.889422148029,0.));
#892 = DIRECTION('',(-0.889422148029,-0.45708669046,-0.));
#893 = ADVANCED_FACE('',(#894),#913,.F.);
#894 = FACE_BOUND('',#895,.T.);
#895 = EDGE_LOOP('',(#896,#897,#906,#912));
#896 = ORIENTED_EDGE('',*,*,#882,.T.);
#897 = ORIENTED_EDGE('',*,*,#898,.T.);
#898 = EDGE_CURVE('',#875,#899,#901,.T.);
#899 = VERTEX_POINT('',#900);
#900 = CARTESIAN_POINT('',(-1.098351902276,65.066146088695,-1.));
#901 = CIRCLE('',#902,4.762);
#902 = AXIS2_PLACEMENT_3D('',#903,#904,#905);
#903 = CARTESIAN_POINT('',(-5.806379402473,64.351218779532,-1.));
#904 = DIRECTION('',(0.,0.,1.));
#905 = DIRECTION('',(1.,0.,0.));
#906 = ORIENTED_EDGE('',*,*,#907,.F.);
#907 = EDGE_CURVE('',#288,#899,#908,.T.);
#908 = LINE('',#909,#910);
#909 = CARTESIAN_POINT('',(-1.098351902276,65.066146088695,-20.));
#910 = VECTOR('',#911,1.);
#911 = DIRECTION('',(0.,0.,1.));
#912 = ORIENTED_EDGE('',*,*,#296,.F.);
#913 = CYLINDRICAL_SURFACE('',#914,4.762);
#914 = AXIS2_PLACEMENT_3D('',#915,#916,#917);
#915 = CARTESIAN_POINT('',(-5.806379402473,64.351218779532,-20.));
#916 = DIRECTION('',(-0.,-0.,-1.));
#917 = DIRECTION('',(1.,0.,0.));
#918 = ADVANCED_FACE('',(#919),#938,.T.);
#919 = FACE_BOUND('',#920,.F.);
#920 = EDGE_LOOP('',(#921,#929,#936,#937));
#921 = ORIENTED_EDGE('',*,*,#922,.T.);
#922 = EDGE_CURVE('',#279,#923,#925,.T.);
#923 = VERTEX_POINT('',#924);
#924 = CARTESIAN_POINT('',(-0.407228104425,72.601390138711,-1.));
#925 = LINE('',#926,#927);
#926 = CARTESIAN_POINT('',(-0.407228104425,72.601390138711,-20.));
#927 = VECTOR('',#928,1.);
#928 = DIRECTION('',(0.,0.,1.));
#929 = ORIENTED_EDGE('',*,*,#930,.T.);
#930 = EDGE_CURVE('',#923,#899,#931,.T.);
#931 = CIRCLE('',#932,15.777170323565);
#932 = AXIS2_PLACEMENT_3D('',#933,#934,#935);
#933 = CARTESIAN_POINT('',(14.5,67.4348,-1.));
#934 = DIRECTION('',(0.,0.,1.));
#935 = DIRECTION('',(1.,0.,0.));
#936 = ORIENTED_EDGE('',*,*,#907,.F.);
#937 = ORIENTED_EDGE('',*,*,#287,.F.);
#938 = CYLINDRICAL_SURFACE('',#939,15.777170323565);
#939 = AXIS2_PLACEMENT_3D('',#940,#941,#942);
#940 = CARTESIAN_POINT('',(14.5,67.4348,-20.));
#941 = DIRECTION('',(-0.,-0.,-1.));
#942 = DIRECTION('',(1.,0.,0.));
#943 = ADVANCED_FACE('',(#944),#963,.F.);
#944 = FACE_BOUND('',#945,.T.);
#945 = EDGE_LOOP('',(#946,#947,#956,#962));
#946 = ORIENTED_EDGE('',*,*,#922,.T.);
#947 = ORIENTED_EDGE('',*,*,#948,.T.);
#948 = EDGE_CURVE('',#923,#949,#951,.T.);
#949 = VERTEX_POINT('',#950);
#950 = CARTESIAN_POINT('',(-5.994061573669,78.796997139506,-1.));
#951 = CIRCLE('',#952,4.762);
#952 = AXIS2_PLACEMENT_3D('',#953,#954,#955);
#953 = CARTESIAN_POINT('',(-4.906654730202,74.160814404024,-1.));
#954 = DIRECTION('',(0.,0.,1.));
#955 = DIRECTION('',(1.,0.,0.));
#956 = ORIENTED_EDGE('',*,*,#957,.F.);
#957 = EDGE_CURVE('',#271,#949,#958,.T.);
#958 = LINE('',#959,#960);
#959 = CARTESIAN_POINT('',(-5.994061573669,78.796997139506,-20.));
#960 = VECTOR('',#961,1.);
#961 = DIRECTION('',(0.,0.,1.));
#962 = ORIENTED_EDGE('',*,*,#278,.F.);
#963 = CYLINDRICAL_SURFACE('',#964,4.762);
#964 = AXIS2_PLACEMENT_3D('',#965,#966,#967);
#965 = CARTESIAN_POINT('',(-4.906654730202,74.160814404024,-20.));
#966 = DIRECTION('',(-0.,-0.,-1.));
#967 = DIRECTION('',(1.,0.,0.));
#968 = ADVANCED_FACE('',(#969),#980,.F.);
#969 = FACE_BOUND('',#970,.T.);
#970 = EDGE_LOOP('',(#971,#972,#978,#979));
#971 = ORIENTED_EDGE('',*,*,#957,.T.);
#972 = ORIENTED_EDGE('',*,*,#973,.T.);
#973 = EDGE_CURVE('',#949,#793,#974,.T.);
#974 = LINE('',#975,#976);
#975 = CARTESIAN_POINT('',(-5.994061573669,78.796997139506,-1.));
#976 = VECTOR('',#977,1.);
#977 = DIRECTION('',(-0.973578902873,-0.228350870111,-0.));
#978 = ORIENTED_EDGE('',*,*,#800,.F.);
#979 = ORIENTED_EDGE('',*,*,#270,.F.);
#980 = PLANE('',#981);
#981 = AXIS2_PLACEMENT_3D('',#982,#983,#984);
#982 = CARTESIAN_POINT('',(-5.994061573669,78.796997139506,-20.));
#983 = DIRECTION('',(-0.228350870111,0.973578902873,0.));
#984 = DIRECTION('',(0.973578902873,0.228350870111,0.));
#985 = ADVANCED_FACE('',(#986),#997,.F.);
#986 = FACE_BOUND('',#987,.T.);
#987 = EDGE_LOOP('',(#988,#989,#990,#996));
#988 = ORIENTED_EDGE('',*,*,#839,.T.);
#989 = ORIENTED_EDGE('',*,*,#511,.T.);
#990 = ORIENTED_EDGE('',*,*,#991,.F.);
#991 = EDGE_CURVE('',#237,#504,#992,.T.);
#992 = LINE('',#993,#994);
#993 = CARTESIAN_POINT('',(27.927964008767,51.297315073301,-20.));
#994 = VECTOR('',#995,1.);
#995 = DIRECTION('',(0.,0.,1.));
#996 = ORIENTED_EDGE('',*,*,#244,.F.);
#997 = CYLINDRICAL_SURFACE('',#998,6.35);
#998 = AXIS2_PLACEMENT_3D('',#999,#1000,#1001);
#999 = CARTESIAN_POINT('',(34.248851790466,51.904668060593,-20.));
#1000 = DIRECTION('',(-0.,-0.,-1.));
#1001 = DIRECTION('',(1.,0.,0.));
#1002 = ADVANCED_FACE('',(#1003),#1014,.F.);
#1003 = FACE_BOUND('',#1004,.F.);
#1004 = EDGE_LOOP('',(#1005,#1011,#1012,#1013));
#1005 = ORIENTED_EDGE('',*,*,#1006,.T.);
#1006 = EDGE_CURVE('',#229,#496,#1007,.T.);
#1007 = LINE('',#1008,#1009);
#1008 = CARTESIAN_POINT('',(31.906994174373,9.886465562332,-20.));
#1009 = VECTOR('',#1010,1.);
#1010 = DIRECTION('',(0.,0.,1.));
#1011 = ORIENTED_EDGE('',*,*,#503,.T.);
#1012 = ORIENTED_EDGE('',*,*,#991,.F.);
#1013 = ORIENTED_EDGE('',*,*,#236,.F.);
#1014 = PLANE('',#1015);
#1015 = AXIS2_PLACEMENT_3D('',#1016,#1017,#1018);
#1016 = CARTESIAN_POINT('',(31.906994174373,9.886465562332,-20.));
#1017 = DIRECTION('',(-0.995415398693,-9.564613973104E-02,0.));
#1018 = DIRECTION('',(-9.564613973104E-02,0.995415398693,0.));
#1019 = ADVANCED_FACE('',(#1020),#1026,.F.);
#1020 = FACE_BOUND('',#1021,.F.);
#1021 = EDGE_LOOP('',(#1022,#1023,#1024,#1025));
#1022 = ORIENTED_EDGE('',*,*,#856,.T.);
#1023 = ORIENTED_EDGE('',*,*,#495,.T.);
#1024 = ORIENTED_EDGE('',*,*,#1006,.F.);
#1025 = ORIENTED_EDGE('',*,*,#228,.F.);
#1026 = PLANE('',#1027);
#1027 = AXIS2_PLACEMENT_3D('',#1028,#1029,#1030);
#1028 = CARTESIAN_POINT('',(19.07,0.,-20.));
#1029 = DIRECTION('',(-0.610170314932,0.792270273818,0.));
#1030 = DIRECTION('',(0.792270273818,0.610170314932,0.));
#1031 = ADVANCED_FACE('',(#1032),#1058,.F.);
#1032 = FACE_BOUND('',#1033,.T.);
#1033 = EDGE_LOOP('',(#1034,#1042,#1051,#1057));
#1034 = ORIENTED_EDGE('',*,*,#1035,.T.);
#1035 = EDGE_CURVE('',#322,#1036,#1038,.T.);
#1036 = VERTEX_POINT('',#1037);
#1037 = CARTESIAN_POINT('',(2.516245257807,57.171520491043,-1.));
#1038 = LINE('',#1039,#1040);
#1039 = CARTESIAN_POINT('',(2.516245257807,57.171520491043,-20.));
#1040 = VECTOR('',#1041,1.);
#1041 = DIRECTION('',(0.,0.,1.));
#1042 = ORIENTED_EDGE('',*,*,#1043,.T.);
#1043 = EDGE_CURVE('',#1036,#1044,#1046,.T.);
#1044 = VERTEX_POINT('',#1045);
#1045 = CARTESIAN_POINT('',(-3.262407705278,58.306446078756,-1.));
#1046 = CIRCLE('',#1047,4.7498);
#1047 = AXIS2_PLACEMENT_3D('',#1048,#1049,#1050);
#1048 = CARTESIAN_POINT('',(-1.091337342932,54.081868760048,-1.));
#1049 = DIRECTION('',(0.,0.,1.));
#1050 = DIRECTION('',(1.,0.,0.));
#1051 = ORIENTED_EDGE('',*,*,#1052,.F.);
#1052 = EDGE_CURVE('',#324,#1044,#1053,.T.);
#1053 = LINE('',#1054,#1055);
#1054 = CARTESIAN_POINT('',(-3.262407705278,58.306446078756,-20.));
#1055 = VECTOR('',#1056,1.);
#1056 = DIRECTION('',(0.,0.,1.));
#1057 = ORIENTED_EDGE('',*,*,#321,.F.);
#1058 = CYLINDRICAL_SURFACE('',#1059,4.7498);
#1059 = AXIS2_PLACEMENT_3D('',#1060,#1061,#1062);
#1060 = CARTESIAN_POINT('',(-1.091337342932,54.081868760048,-20.));
#1061 = DIRECTION('',(-0.,-0.,-1.));
#1062 = DIRECTION('',(1.,0.,0.));
#1063 = ADVANCED_FACE('',(#1064),#1083,.T.);
#1064 = FACE_BOUND('',#1065,.F.);
#1065 = EDGE_LOOP('',(#1066,#1067,#1076,#1082));
#1066 = ORIENTED_EDGE('',*,*,#1035,.T.);
#1067 = ORIENTED_EDGE('',*,*,#1068,.T.);
#1068 = EDGE_CURVE('',#1036,#1069,#1071,.T.);
#1069 = VERTEX_POINT('',#1070);
#1070 = CARTESIAN_POINT('',(13.400698663844,51.695142425188,-1.));
#1071 = CIRCLE('',#1072,15.778);
#1072 = AXIS2_PLACEMENT_3D('',#1073,#1074,#1075);
#1073 = CARTESIAN_POINT('',(14.5,67.4348,-1.));
#1074 = DIRECTION('',(0.,0.,1.));
#1075 = DIRECTION('',(1.,0.,0.));
#1076 = ORIENTED_EDGE('',*,*,#1077,.F.);
#1077 = EDGE_CURVE('',#333,#1069,#1078,.T.);
#1078 = LINE('',#1079,#1080);
#1079 = CARTESIAN_POINT('',(13.400698663844,51.695142425188,-20.));
#1080 = VECTOR('',#1081,1.);
#1081 = DIRECTION('',(0.,0.,1.));
#1082 = ORIENTED_EDGE('',*,*,#332,.F.);
#1083 = CYLINDRICAL_SURFACE('',#1084,15.778);
#1084 = AXIS2_PLACEMENT_3D('',#1085,#1086,#1087);
#1085 = CARTESIAN_POINT('',(14.5,67.4348,-20.));
#1086 = DIRECTION('',(-0.,-0.,-1.));
#1087 = DIRECTION('',(1.,0.,0.));
#1088 = ADVANCED_FACE('',(#1089),#1107,.T.);
#1089 = FACE_BOUND('',#1090,.F.);
#1090 = EDGE_LOOP('',(#1091,#1099,#1105,#1106));
#1091 = ORIENTED_EDGE('',*,*,#1092,.T.);
#1092 = EDGE_CURVE('',#376,#1093,#1095,.T.);
#1093 = VERTEX_POINT('',#1094);
#1094 = CARTESIAN_POINT('',(-4.698929366039,57.568197168331,-1.));
#1095 = LINE('',#1096,#1097);
#1096 = CARTESIAN_POINT('',(-4.698929366039,57.568197168331,-20.));
#1097 = VECTOR('',#1098,1.);
#1098 = DIRECTION('',(0.,0.,1.));
#1099 = ORIENTED_EDGE('',*,*,#1100,.T.);
#1100 = EDGE_CURVE('',#1093,#1044,#1101,.T.);
#1101 = LINE('',#1102,#1103);
#1102 = CARTESIAN_POINT('',(-4.698929366039,57.568197168331,-1.));
#1103 = VECTOR('',#1104,1.);
#1104 = DIRECTION('',(0.889422148029,0.45708669046,0.));
#1105 = ORIENTED_EDGE('',*,*,#1052,.F.);
#1106 = ORIENTED_EDGE('',*,*,#384,.F.);
#1107 = PLANE('',#1108);
#1108 = AXIS2_PLACEMENT_3D('',#1109,#1110,#1111);
#1109 = CARTESIAN_POINT('',(-4.698929366039,57.568197168331,-20.));
#1110 = DIRECTION('',(0.45708669046,-0.889422148029,0.));
#1111 = DIRECTION('',(-0.889422148029,-0.45708669046,-0.));
#1112 = ADVANCED_FACE('',(#1113),#1132,.F.);
#1113 = FACE_BOUND('',#1114,.T.);
#1114 = EDGE_LOOP('',(#1115,#1123,#1130,#1131));
#1115 = ORIENTED_EDGE('',*,*,#1116,.T.);
#1116 = EDGE_CURVE('',#342,#1117,#1119,.T.);
#1117 = VERTEX_POINT('',#1118);
#1118 = CARTESIAN_POINT('',(17.477031665548,45.185838398604,-1.));
#1119 = LINE('',#1120,#1121);
#1120 = CARTESIAN_POINT('',(17.477031665548,45.185838398604,-20.));
#1121 = VECTOR('',#1122,1.);
#1122 = DIRECTION('',(0.,0.,1.));
#1123 = ORIENTED_EDGE('',*,*,#1124,.T.);
#1124 = EDGE_CURVE('',#1117,#1069,#1125,.T.);
#1125 = CIRCLE('',#1126,4.7498);
#1126 = AXIS2_PLACEMENT_3D('',#1127,#1128,#1129);
#1127 = CARTESIAN_POINT('',(13.069765625026,46.956885006704,-1.));
#1128 = DIRECTION('',(0.,0.,1.));
#1129 = DIRECTION('',(1.,0.,0.));
#1130 = ORIENTED_EDGE('',*,*,#1077,.F.);
#1131 = ORIENTED_EDGE('',*,*,#341,.F.);
#1132 = CYLINDRICAL_SURFACE('',#1133,4.7498);
#1133 = AXIS2_PLACEMENT_3D('',#1134,#1135,#1136);
#1134 = CARTESIAN_POINT('',(13.069765625026,46.956885006704,-20.));
#1135 = DIRECTION('',(-0.,-0.,-1.));
#1136 = DIRECTION('',(1.,0.,0.));
#1137 = ADVANCED_FACE('',(#1138),#1157,.F.);
#1138 = FACE_BOUND('',#1139,.T.);
#1139 = EDGE_LOOP('',(#1140,#1141,#1150,#1156));
#1140 = ORIENTED_EDGE('',*,*,#1092,.T.);
#1141 = ORIENTED_EDGE('',*,*,#1142,.T.);
#1142 = EDGE_CURVE('',#1093,#1143,#1145,.T.);
#1143 = VERTEX_POINT('',#1144);
#1144 = CARTESIAN_POINT('',(-7.112192963172,52.100847872157,-1.));
#1145 = CIRCLE('',#1146,4.7498);
#1146 = AXIS2_PLACEMENT_3D('',#1147,#1148,#1149);
#1147 = CARTESIAN_POINT('',(-2.527859003693,53.343619849622,-1.));
#1148 = DIRECTION('',(0.,0.,1.));
#1149 = DIRECTION('',(1.,0.,0.));
#1150 = ORIENTED_EDGE('',*,*,#1151,.F.);
#1151 = EDGE_CURVE('',#368,#1143,#1152,.T.);
#1152 = LINE('',#1153,#1154);
#1153 = CARTESIAN_POINT('',(-7.112192963172,52.100847872157,-20.));
#1154 = VECTOR('',#1155,1.);
#1155 = DIRECTION('',(0.,0.,1.));
#1156 = ORIENTED_EDGE('',*,*,#375,.F.);
#1157 = CYLINDRICAL_SURFACE('',#1158,4.7498);
#1158 = AXIS2_PLACEMENT_3D('',#1159,#1160,#1161);
#1159 = CARTESIAN_POINT('',(-2.527859003693,53.343619849622,-20.));
#1160 = DIRECTION('',(-0.,-0.,-1.));
#1161 = DIRECTION('',(1.,0.,0.));
#1162 = ADVANCED_FACE('',(#1163),#1181,.T.);
#1163 = FACE_BOUND('',#1164,.F.);
#1164 = EDGE_LOOP('',(#1165,#1166,#1174,#1180));
#1165 = ORIENTED_EDGE('',*,*,#1116,.T.);
#1166 = ORIENTED_EDGE('',*,*,#1167,.T.);
#1167 = EDGE_CURVE('',#1117,#1168,#1170,.T.);
#1168 = VERTEX_POINT('',#1169);
#1169 = CARTESIAN_POINT('',(9.196765855852,24.580319524825,-1.));
#1170 = LINE('',#1171,#1172);
#1171 = CARTESIAN_POINT('',(17.477031665548,45.185838398604,-1.));
#1172 = VECTOR('',#1173,1.);
#1173 = DIRECTION('',(-0.372867617184,-0.927884551038,-0.));
#1174 = ORIENTED_EDGE('',*,*,#1175,.F.);
#1175 = EDGE_CURVE('',#351,#1168,#1176,.T.);
#1176 = LINE('',#1177,#1178);
#1177 = CARTESIAN_POINT('',(9.196765855852,24.580319524825,-20.));
#1178 = VECTOR('',#1179,1.);
#1179 = DIRECTION('',(0.,0.,1.));
#1180 = ORIENTED_EDGE('',*,*,#350,.F.);
#1181 = PLANE('',#1182);
#1182 = AXIS2_PLACEMENT_3D('',#1183,#1184,#1185);
#1183 = CARTESIAN_POINT('',(17.477031665548,45.185838398604,-20.));
#1184 = DIRECTION('',(-0.927884551038,0.372867617184,0.));
#1185 = DIRECTION('',(0.372867617184,0.927884551038,0.));
#1186 = ADVANCED_FACE('',(#1187),#1205,.F.);
#1187 = FACE_BOUND('',#1188,.T.);
#1188 = EDGE_LOOP('',(#1189,#1190,#1198,#1204));
#1189 = ORIENTED_EDGE('',*,*,#1151,.T.);
#1190 = ORIENTED_EDGE('',*,*,#1191,.T.);
#1191 = EDGE_CURVE('',#1143,#1192,#1194,.T.);
#1192 = VERTEX_POINT('',#1193);
#1193 = CARTESIAN_POINT('',(0.205165855852,25.108594155461,-1.));
#1194 = LINE('',#1195,#1196);
#1195 = CARTESIAN_POINT('',(-7.112192963172,52.100847872157,-1.));
#1196 = VECTOR('',#1197,1.);
#1197 = DIRECTION('',(0.261647222507,-0.965163577304,0.));
#1198 = ORIENTED_EDGE('',*,*,#1199,.F.);
#1199 = EDGE_CURVE('',#359,#1192,#1200,.T.);
#1200 = LINE('',#1201,#1202);
#1201 = CARTESIAN_POINT('',(0.205165855852,25.108594155461,-20.));
#1202 = VECTOR('',#1203,1.);
#1203 = DIRECTION('',(0.,0.,1.));
#1204 = ORIENTED_EDGE('',*,*,#367,.F.);
#1205 = PLANE('',#1206);
#1206 = AXIS2_PLACEMENT_3D('',#1207,#1208,#1209);
#1207 = CARTESIAN_POINT('',(-7.112192963172,52.100847872157,-20.));
#1208 = DIRECTION('',(-0.965163577304,-0.261647222507,-0.));
#1209 = DIRECTION('',(-0.261647222507,0.965163577304,0.));
#1210 = ADVANCED_FACE('',(#1211),#1223,.F.);
#1211 = FACE_BOUND('',#1212,.T.);
#1212 = EDGE_LOOP('',(#1213,#1214,#1221,#1222));
#1213 = ORIENTED_EDGE('',*,*,#1199,.T.);
#1214 = ORIENTED_EDGE('',*,*,#1215,.T.);
#1215 = EDGE_CURVE('',#1192,#1168,#1216,.T.);
#1216 = CIRCLE('',#1217,4.7498);
#1217 = AXIS2_PLACEMENT_3D('',#1218,#1219,#1220);
#1218 = CARTESIAN_POINT('',(4.789499815331,26.351366132926,-1.));
#1219 = DIRECTION('',(0.,0.,1.));
#1220 = DIRECTION('',(1.,0.,0.));
#1221 = ORIENTED_EDGE('',*,*,#1175,.F.);
#1222 = ORIENTED_EDGE('',*,*,#358,.F.);
#1223 = CYLINDRICAL_SURFACE('',#1224,4.7498);
#1224 = AXIS2_PLACEMENT_3D('',#1225,#1226,#1227);
#1225 = CARTESIAN_POINT('',(4.789499815331,26.351366132926,-20.));
#1226 = DIRECTION('',(-0.,-0.,-1.));
#1227 = DIRECTION('',(1.,0.,0.));
#1228 = ADVANCED_FACE('',(#1229),#1248,.F.);
#1229 = FACE_BOUND('',#1230,.T.);
#1230 = EDGE_LOOP('',(#1231,#1239,#1246,#1247));
#1231 = ORIENTED_EDGE('',*,*,#1232,.T.);
#1232 = EDGE_CURVE('',#393,#1233,#1235,.T.);
#1233 = VERTEX_POINT('',#1234);
#1234 = CARTESIAN_POINT('',(27.518945989576,12.508784217322,-1.));
#1235 = LINE('',#1236,#1237);
#1236 = CARTESIAN_POINT('',(27.518945989576,12.508784217322,-20.));
#1237 = VECTOR('',#1238,1.);
#1238 = DIRECTION('',(0.,0.,1.));
#1239 = ORIENTED_EDGE('',*,*,#1240,.T.);
#1240 = EDGE_CURVE('',#1233,#1233,#1241,.T.);
#1241 = CIRCLE('',#1242,4.953);
#1242 = AXIS2_PLACEMENT_3D('',#1243,#1244,#1245);
#1243 = CARTESIAN_POINT('',(22.565945989576,12.508784217322,-1.));
#1244 = DIRECTION('',(0.,0.,1.));
#1245 = DIRECTION('',(1.,0.,0.));
#1246 = ORIENTED_EDGE('',*,*,#1232,.F.);
#1247 = ORIENTED_EDGE('',*,*,#392,.F.);
#1248 = CYLINDRICAL_SURFACE('',#1249,4.953);
#1249 = AXIS2_PLACEMENT_3D('',#1250,#1251,#1252);
#1250 = CARTESIAN_POINT('',(22.565945989576,12.508784217322,-20.));
#1251 = DIRECTION('',(-0.,-0.,-1.));
#1252 = DIRECTION('',(1.,0.,0.));
#1253 = ADVANCED_FACE('',(#1254),#1279,.F.);
#1254 = FACE_BOUND('',#1255,.T.);
#1255 = EDGE_LOOP('',(#1256,#1264,#1272,#1278));
#1256 = ORIENTED_EDGE('',*,*,#1257,.T.);
#1257 = EDGE_CURVE('',#404,#1258,#1260,.T.);
#1258 = VERTEX_POINT('',#1259);
#1259 = CARTESIAN_POINT('',(28.107485583038,30.839630686567,-1.));
#1260 = LINE('',#1261,#1262);
#1261 = CARTESIAN_POINT('',(28.107485583038,30.839630686567,-20.));
#1262 = VECTOR('',#1263,1.);
#1263 = DIRECTION('',(0.,0.,1.));
#1264 = ORIENTED_EDGE('',*,*,#1265,.T.);
#1265 = EDGE_CURVE('',#1258,#1266,#1268,.T.);
#1266 = VERTEX_POINT('',#1267);
#1267 = CARTESIAN_POINT('',(27.178191993032,40.51104191132,-1.));
#1268 = LINE('',#1269,#1270);
#1269 = CARTESIAN_POINT('',(28.107485583038,30.839630686567,-1.));
#1270 = VECTOR('',#1271,1.);
#1271 = DIRECTION('',(-9.564613973104E-02,0.995415398693,0.));
#1272 = ORIENTED_EDGE('',*,*,#1273,.F.);
#1273 = EDGE_CURVE('',#406,#1266,#1274,.T.);
#1274 = LINE('',#1275,#1276);
#1275 = CARTESIAN_POINT('',(27.178191993032,40.51104191132,-20.));
#1276 = VECTOR('',#1277,1.);
#1277 = DIRECTION('',(0.,0.,1.));
#1278 = ORIENTED_EDGE('',*,*,#403,.F.);
#1279 = PLANE('',#1280);
#1280 = AXIS2_PLACEMENT_3D('',#1281,#1282,#1283);
#1281 = CARTESIAN_POINT('',(28.107485583038,30.839630686567,-20.));
#1282 = DIRECTION('',(0.995415398693,9.564613973104E-02,0.));
#1283 = DIRECTION('',(9.564613973104E-02,-0.995415398693,0.));
#1284 = ADVANCED_FACE('',(#1285),#1304,.F.);
#1285 = FACE_BOUND('',#1286,.T.);
#1286 = EDGE_LOOP('',(#1287,#1295,#1302,#1303));
#1287 = ORIENTED_EDGE('',*,*,#1288,.T.);
#1288 = EDGE_CURVE('',#414,#1289,#1291,.T.);
#1289 = VERTEX_POINT('',#1290);
#1290 = CARTESIAN_POINT('',(26.884594927074,27.179922744344,-1.));
#1291 = LINE('',#1292,#1293);
#1292 = CARTESIAN_POINT('',(26.884594927074,27.179922744344,-20.));
#1293 = VECTOR('',#1294,1.);
#1294 = DIRECTION('',(0.,0.,1.));
#1295 = ORIENTED_EDGE('',*,*,#1296,.T.);
#1296 = EDGE_CURVE('',#1289,#1258,#1297,.T.);
#1297 = CIRCLE('',#1298,4.7498);
#1298 = AXIS2_PLACEMENT_3D('',#1299,#1300,#1301);
#1299 = CARTESIAN_POINT('',(23.379461522328,30.385330652073,-1.));
#1300 = DIRECTION('',(0.,0.,1.));
#1301 = DIRECTION('',(1.,0.,0.));
#1302 = ORIENTED_EDGE('',*,*,#1257,.F.);
#1303 = ORIENTED_EDGE('',*,*,#413,.F.);
#1304 = CYLINDRICAL_SURFACE('',#1305,4.7498);
#1305 = AXIS2_PLACEMENT_3D('',#1306,#1307,#1308);
#1306 = CARTESIAN_POINT('',(23.379461522328,30.385330652073,-20.));
#1307 = DIRECTION('',(-0.,-0.,-1.));
#1308 = DIRECTION('',(1.,0.,0.));
#1309 = ADVANCED_FACE('',(#1310),#1329,.F.);
#1310 = FACE_BOUND('',#1311,.T.);
#1311 = EDGE_LOOP('',(#1312,#1313,#1322,#1328));
#1312 = ORIENTED_EDGE('',*,*,#1273,.T.);
#1313 = ORIENTED_EDGE('',*,*,#1314,.T.);
#1314 = EDGE_CURVE('',#1266,#1315,#1317,.T.);
#1315 = VERTEX_POINT('',#1316);
#1316 = CARTESIAN_POINT('',(18.043033115746,41.828115001983,-1.));
#1317 = CIRCLE('',#1318,4.7498);
#1318 = AXIS2_PLACEMENT_3D('',#1319,#1320,#1321);
#1319 = CARTESIAN_POINT('',(22.450167932321,40.056741876826,-1.));
#1320 = DIRECTION('',(0.,0.,1.));
#1321 = DIRECTION('',(1.,0.,0.));
#1322 = ORIENTED_EDGE('',*,*,#1323,.F.);
#1323 = EDGE_CURVE('',#440,#1315,#1324,.T.);
#1324 = LINE('',#1325,#1326);
#1325 = CARTESIAN_POINT('',(18.043033115746,41.828115001983,-20.));
#1326 = VECTOR('',#1327,1.);
#1327 = DIRECTION('',(0.,0.,1.));
#1328 = ORIENTED_EDGE('',*,*,#447,.F.);
#1329 = CYLINDRICAL_SURFACE('',#1330,4.7498);
#1330 = AXIS2_PLACEMENT_3D('',#1331,#1332,#1333);
#1331 = CARTESIAN_POINT('',(22.450167932321,40.056741876826,-20.));
#1332 = DIRECTION('',(-0.,-0.,-1.));
#1333 = DIRECTION('',(1.,0.,0.));
#1334 = ADVANCED_FACE('',(#1335),#1353,.F.);
#1335 = FACE_BOUND('',#1336,.T.);
#1336 = EDGE_LOOP('',(#1337,#1345,#1351,#1352));
#1337 = ORIENTED_EDGE('',*,*,#1338,.T.);
#1338 = EDGE_CURVE('',#423,#1339,#1341,.T.);
#1339 = VERTEX_POINT('',#1340);
#1340 = CARTESIAN_POINT('',(18.291040835495,17.78281810781,-1.));
#1341 = LINE('',#1342,#1343);
#1342 = CARTESIAN_POINT('',(18.291040835495,17.78281810781,-20.));
#1343 = VECTOR('',#1344,1.);
#1344 = DIRECTION('',(0.,0.,1.));
#1345 = ORIENTED_EDGE('',*,*,#1346,.T.);
#1346 = EDGE_CURVE('',#1339,#1289,#1347,.T.);
#1347 = LINE('',#1348,#1349);
#1348 = CARTESIAN_POINT('',(18.291040835495,17.782818107793,-1.));
#1349 = VECTOR('',#1350,1.);
#1350 = DIRECTION('',(0.674851132203,0.737953893793,0.));
#1351 = ORIENTED_EDGE('',*,*,#1288,.F.);
#1352 = ORIENTED_EDGE('',*,*,#422,.F.);
#1353 = PLANE('',#1354);
#1354 = AXIS2_PLACEMENT_3D('',#1355,#1356,#1357);
#1355 = CARTESIAN_POINT('',(18.291040835495,17.782818107793,-20.));
#1356 = DIRECTION('',(0.737953893793,-0.674851132203,0.));
#1357 = DIRECTION('',(-0.674851132203,-0.737953893793,-0.));
#1358 = ADVANCED_FACE('',(#1359),#1377,.F.);
#1359 = FACE_BOUND('',#1360,.T.);
#1360 = EDGE_LOOP('',(#1361,#1362,#1370,#1376));
#1361 = ORIENTED_EDGE('',*,*,#1323,.T.);
#1362 = ORIENTED_EDGE('',*,*,#1363,.T.);
#1363 = EDGE_CURVE('',#1315,#1364,#1366,.T.);
#1364 = VERTEX_POINT('',#1365);
#1365 = CARTESIAN_POINT('',(10.378758065446,22.759583462095,-1.));
#1366 = LINE('',#1367,#1368);
#1367 = CARTESIAN_POINT('',(18.043033115746,41.828115001983,-1.));
#1368 = VECTOR('',#1369,1.);
#1369 = DIRECTION('',(-0.372936447125,-0.927856888968,-0.));
#1370 = ORIENTED_EDGE('',*,*,#1371,.F.);
#1371 = EDGE_CURVE('',#431,#1364,#1372,.T.);
#1372 = LINE('',#1373,#1374);
#1373 = CARTESIAN_POINT('',(10.378758065446,22.759583462095,-20.));
#1374 = VECTOR('',#1375,1.);
#1375 = DIRECTION('',(0.,0.,1.));
#1376 = ORIENTED_EDGE('',*,*,#439,.F.);
#1377 = PLANE('',#1378);
#1378 = AXIS2_PLACEMENT_3D('',#1379,#1380,#1381);
#1379 = CARTESIAN_POINT('',(18.043033115746,41.828115001983,-20.));
#1380 = DIRECTION('',(-0.927856888968,0.372936447125,0.));
#1381 = DIRECTION('',(0.372936447125,0.927856888968,0.));
#1382 = ADVANCED_FACE('',(#1383),#1395,.F.);
#1383 = FACE_BOUND('',#1384,.T.);
#1384 = EDGE_LOOP('',(#1385,#1386,#1393,#1394));
#1385 = ORIENTED_EDGE('',*,*,#1371,.T.);
#1386 = ORIENTED_EDGE('',*,*,#1387,.T.);
#1387 = EDGE_CURVE('',#1364,#1339,#1388,.T.);
#1388 = CIRCLE('',#1389,4.7498);
#1389 = AXIS2_PLACEMENT_3D('',#1390,#1391,#1392);
#1390 = CARTESIAN_POINT('',(14.785892716668,20.988209925543,-1.));
#1391 = DIRECTION('',(0.,0.,1.));
#1392 = DIRECTION('',(1.,0.,0.));
#1393 = ORIENTED_EDGE('',*,*,#1338,.F.);
#1394 = ORIENTED_EDGE('',*,*,#430,.F.);
#1395 = CYLINDRICAL_SURFACE('',#1396,4.7498);
#1396 = AXIS2_PLACEMENT_3D('',#1397,#1398,#1399);
#1397 = CARTESIAN_POINT('',(14.785892716668,20.988209925543,-20.));
#1398 = DIRECTION('',(-0.,-0.,-1.));
#1399 = DIRECTION('',(1.,0.,0.));
#1400 = ADVANCED_FACE('',(#1401),#1420,.F.);
#1401 = FACE_BOUND('',#1402,.T.);
#1402 = EDGE_LOOP('',(#1403,#1411,#1418,#1419));
#1403 = ORIENTED_EDGE('',*,*,#1404,.T.);
#1404 = EDGE_CURVE('',#457,#1405,#1407,.T.);
#1405 = VERTEX_POINT('',#1406);
#1406 = CARTESIAN_POINT('',(26.196995885391,50.570429652821,-1.));
#1407 = LINE('',#1408,#1409);
#1408 = CARTESIAN_POINT('',(26.196995885391,50.570429652821,-20.));
#1409 = VECTOR('',#1410,1.);
#1410 = DIRECTION('',(0.,0.,1.));
#1411 = ORIENTED_EDGE('',*,*,#1412,.T.);
#1412 = EDGE_CURVE('',#1405,#1405,#1413,.T.);
#1413 = CIRCLE('',#1414,3.175);
#1414 = AXIS2_PLACEMENT_3D('',#1415,#1416,#1417);
#1415 = CARTESIAN_POINT('',(23.021995885391,50.570429652821,-1.));
#1416 = DIRECTION('',(0.,0.,1.));
#1417 = DIRECTION('',(1.,0.,0.));
#1418 = ORIENTED_EDGE('',*,*,#1404,.F.);
#1419 = ORIENTED_EDGE('',*,*,#456,.F.);
#1420 = CYLINDRICAL_SURFACE('',#1421,3.175);
#1421 = AXIS2_PLACEMENT_3D('',#1422,#1423,#1424);
#1422 = CARTESIAN_POINT('',(23.021995885391,50.570429652821,-20.));
#1423 = DIRECTION('',(-0.,-0.,-1.));
#1424 = DIRECTION('',(1.,0.,0.));
#1425 = ADVANCED_FACE('',(#1426),#1445,.F.);
#1426 = FACE_BOUND('',#1427,.T.);
#1427 = EDGE_LOOP('',(#1428,#1429,#1437,#1444));
#1428 = ORIENTED_EDGE('',*,*,#467,.F.);
#1429 = ORIENTED_EDGE('',*,*,#1430,.T.);
#1430 = EDGE_CURVE('',#468,#1431,#1433,.T.);
#1431 = VERTEX_POINT('',#1432);
#1432 = CARTESIAN_POINT('',(28.5,67.4348,-12.));
#1433 = LINE('',#1434,#1435);
#1434 = CARTESIAN_POINT('',(28.5,67.4348,-20.));
#1435 = VECTOR('',#1436,1.);
#1436 = DIRECTION('',(0.,0.,1.));
#1437 = ORIENTED_EDGE('',*,*,#1438,.T.);
#1438 = EDGE_CURVE('',#1431,#1431,#1439,.T.);
#1439 = CIRCLE('',#1440,14.);
#1440 = AXIS2_PLACEMENT_3D('',#1441,#1442,#1443);
#1441 = CARTESIAN_POINT('',(14.5,67.4348,-12.));
#1442 = DIRECTION('',(0.,0.,1.));
#1443 = DIRECTION('',(1.,0.,0.));
#1444 = ORIENTED_EDGE('',*,*,#1430,.F.);
#1445 = CYLINDRICAL_SURFACE('',#1446,14.);
#1446 = AXIS2_PLACEMENT_3D('',#1447,#1448,#1449);
#1447 = CARTESIAN_POINT('',(14.5,67.4348,-20.));
#1448 = DIRECTION('',(-0.,-0.,-1.));
#1449 = DIRECTION('',(1.,0.,0.));
#1450 = ADVANCED_FACE('',(#1451),#1469,.F.);
#1451 = FACE_BOUND('',#1452,.F.);
#1452 = EDGE_LOOP('',(#1453,#1454,#1462,#1468));
#1453 = ORIENTED_EDGE('',*,*,#770,.T.);
#1454 = ORIENTED_EDGE('',*,*,#1455,.T.);
#1455 = EDGE_CURVE('',#763,#1456,#1458,.T.);
#1456 = VERTEX_POINT('',#1457);
#1457 = CARTESIAN_POINT('',(-3.629732582504,60.115790510618,1.));
#1458 = LINE('',#1459,#1460);
#1459 = CARTESIAN_POINT('',(-10.21035137015,56.733916931809,1.));
#1460 = VECTOR('',#1461,1.);
#1461 = DIRECTION('',(0.889422148029,0.45708669046,0.));
#1462 = ORIENTED_EDGE('',*,*,#1463,.F.);
#1463 = EDGE_CURVE('',#564,#1456,#1464,.T.);
#1464 = LINE('',#1465,#1466);
#1465 = CARTESIAN_POINT('',(-3.629732582504,60.115790510618,20.));
#1466 = VECTOR('',#1467,1.);
#1467 = DIRECTION('',(-0.,-0.,-1.));
#1468 = ORIENTED_EDGE('',*,*,#572,.F.);
#1469 = PLANE('',#1470);
#1470 = AXIS2_PLACEMENT_3D('',#1471,#1472,#1473);
#1471 = CARTESIAN_POINT('',(-10.21035137015,56.733916931809,20.));
#1472 = DIRECTION('',(0.45708669046,-0.889422148029,0.));
#1473 = DIRECTION('',(0.889422148029,0.45708669046,0.));
#1474 = ADVANCED_FACE('',(#1475),#1494,.F.);
#1475 = FACE_BOUND('',#1476,.F.);
#1476 = EDGE_LOOP('',(#1477,#1478,#1487,#1493));
#1477 = ORIENTED_EDGE('',*,*,#1463,.T.);
#1478 = ORIENTED_EDGE('',*,*,#1479,.T.);
#1479 = EDGE_CURVE('',#1456,#1480,#1482,.T.);
#1480 = VERTEX_POINT('',#1481);
#1481 = CARTESIAN_POINT('',(-1.098351902276,65.066146088695,1.));
#1482 = CIRCLE('',#1483,4.762);
#1483 = AXIS2_PLACEMENT_3D('',#1484,#1485,#1486);
#1484 = CARTESIAN_POINT('',(-5.806379402473,64.351218779532,1.));
#1485 = DIRECTION('',(0.,0.,1.));
#1486 = DIRECTION('',(1.,0.,0.));
#1487 = ORIENTED_EDGE('',*,*,#1488,.F.);
#1488 = EDGE_CURVE('',#555,#1480,#1489,.T.);
#1489 = LINE('',#1490,#1491);
#1490 = CARTESIAN_POINT('',(-1.098351902276,65.066146088695,20.));
#1491 = VECTOR('',#1492,1.);
#1492 = DIRECTION('',(-0.,-0.,-1.));
#1493 = ORIENTED_EDGE('',*,*,#563,.F.);
#1494 = CYLINDRICAL_SURFACE('',#1495,4.762);
#1495 = AXIS2_PLACEMENT_3D('',#1496,#1497,#1498);
#1496 = CARTESIAN_POINT('',(-5.806379402473,64.351218779532,20.));
#1497 = DIRECTION('',(0.,0.,1.));
#1498 = DIRECTION('',(1.,0.,0.));
#1499 = ADVANCED_FACE('',(#1500),#1519,.T.);
#1500 = FACE_BOUND('',#1501,.T.);
#1501 = EDGE_LOOP('',(#1502,#1510,#1517,#1518));
#1502 = ORIENTED_EDGE('',*,*,#1503,.T.);
#1503 = EDGE_CURVE('',#546,#1504,#1506,.T.);
#1504 = VERTEX_POINT('',#1505);
#1505 = CARTESIAN_POINT('',(-0.407228104425,72.601390138711,1.));
#1506 = LINE('',#1507,#1508);
#1507 = CARTESIAN_POINT('',(-0.407228104425,72.601390138711,20.));
#1508 = VECTOR('',#1509,1.);
#1509 = DIRECTION('',(-0.,-0.,-1.));
#1510 = ORIENTED_EDGE('',*,*,#1511,.T.);
#1511 = EDGE_CURVE('',#1504,#1480,#1512,.T.);
#1512 = CIRCLE('',#1513,15.777170323565);
#1513 = AXIS2_PLACEMENT_3D('',#1514,#1515,#1516);
#1514 = CARTESIAN_POINT('',(14.5,67.4348,1.));
#1515 = DIRECTION('',(0.,0.,1.));
#1516 = DIRECTION('',(1.,0.,0.));
#1517 = ORIENTED_EDGE('',*,*,#1488,.F.);
#1518 = ORIENTED_EDGE('',*,*,#554,.F.);
#1519 = CYLINDRICAL_SURFACE('',#1520,15.777170323565);
#1520 = AXIS2_PLACEMENT_3D('',#1521,#1522,#1523);
#1521 = CARTESIAN_POINT('',(14.5,67.4348,20.));
#1522 = DIRECTION('',(0.,0.,1.));
#1523 = DIRECTION('',(1.,0.,0.));
#1524 = ADVANCED_FACE('',(#1525),#1544,.F.);
#1525 = FACE_BOUND('',#1526,.F.);
#1526 = EDGE_LOOP('',(#1527,#1528,#1537,#1543));
#1527 = ORIENTED_EDGE('',*,*,#1503,.T.);
#1528 = ORIENTED_EDGE('',*,*,#1529,.T.);
#1529 = EDGE_CURVE('',#1504,#1530,#1532,.T.);
#1530 = VERTEX_POINT('',#1531);
#1531 = CARTESIAN_POINT('',(-5.994061573669,78.796997139506,1.));
#1532 = CIRCLE('',#1533,4.762);
#1533 = AXIS2_PLACEMENT_3D('',#1534,#1535,#1536);
#1534 = CARTESIAN_POINT('',(-4.906654730202,74.160814404024,1.));
#1535 = DIRECTION('',(0.,0.,1.));
#1536 = DIRECTION('',(1.,0.,0.));
#1537 = ORIENTED_EDGE('',*,*,#1538,.F.);
#1538 = EDGE_CURVE('',#538,#1530,#1539,.T.);
#1539 = LINE('',#1540,#1541);
#1540 = CARTESIAN_POINT('',(-5.994061573669,78.796997139506,20.));
#1541 = VECTOR('',#1542,1.);
#1542 = DIRECTION('',(-0.,-0.,-1.));
#1543 = ORIENTED_EDGE('',*,*,#545,.F.);
#1544 = CYLINDRICAL_SURFACE('',#1545,4.762);
#1545 = AXIS2_PLACEMENT_3D('',#1546,#1547,#1548);
#1546 = CARTESIAN_POINT('',(-4.906654730202,74.160814404024,20.));
#1547 = DIRECTION('',(0.,0.,1.));
#1548 = DIRECTION('',(1.,0.,0.));
#1549 = ADVANCED_FACE('',(#1550),#1561,.F.);
#1550 = FACE_BOUND('',#1551,.F.);
#1551 = EDGE_LOOP('',(#1552,#1553,#1559,#1560));
#1552 = ORIENTED_EDGE('',*,*,#1538,.T.);
#1553 = ORIENTED_EDGE('',*,*,#1554,.T.);
#1554 = EDGE_CURVE('',#1530,#755,#1555,.T.);
#1555 = LINE('',#1556,#1557);
#1556 = CARTESIAN_POINT('',(-5.994061573669,78.796997139506,1.));
#1557 = VECTOR('',#1558,1.);
#1558 = DIRECTION('',(-0.973578902873,-0.228350870111,0.));
#1559 = ORIENTED_EDGE('',*,*,#754,.F.);
#1560 = ORIENTED_EDGE('',*,*,#537,.F.);
#1561 = PLANE('',#1562);
#1562 = AXIS2_PLACEMENT_3D('',#1563,#1564,#1565);
#1563 = CARTESIAN_POINT('',(-5.994061573669,78.796997139506,20.));
#1564 = DIRECTION('',(-0.228350870111,0.973578902873,0.));
#1565 = DIRECTION('',(-0.973578902873,-0.228350870111,0.));
#1566 = ADVANCED_FACE('',(#1567),#1593,.F.);
#1567 = FACE_BOUND('',#1568,.F.);
#1568 = EDGE_LOOP('',(#1569,#1577,#1586,#1592));
#1569 = ORIENTED_EDGE('',*,*,#1570,.T.);
#1570 = EDGE_CURVE('',#589,#1571,#1573,.T.);
#1571 = VERTEX_POINT('',#1572);
#1572 = CARTESIAN_POINT('',(2.516245257807,57.171520491043,1.));
#1573 = LINE('',#1574,#1575);
#1574 = CARTESIAN_POINT('',(2.516245257807,57.171520491043,20.));
#1575 = VECTOR('',#1576,1.);
#1576 = DIRECTION('',(-0.,-0.,-1.));
#1577 = ORIENTED_EDGE('',*,*,#1578,.T.);
#1578 = EDGE_CURVE('',#1571,#1579,#1581,.T.);
#1579 = VERTEX_POINT('',#1580);
#1580 = CARTESIAN_POINT('',(-3.262407705278,58.306446078756,1.));
#1581 = CIRCLE('',#1582,4.7498);
#1582 = AXIS2_PLACEMENT_3D('',#1583,#1584,#1585);
#1583 = CARTESIAN_POINT('',(-1.091337342932,54.081868760048,1.));
#1584 = DIRECTION('',(0.,0.,1.));
#1585 = DIRECTION('',(1.,0.,0.));
#1586 = ORIENTED_EDGE('',*,*,#1587,.F.);
#1587 = EDGE_CURVE('',#591,#1579,#1588,.T.);
#1588 = LINE('',#1589,#1590);
#1589 = CARTESIAN_POINT('',(-3.262407705278,58.306446078756,20.));
#1590 = VECTOR('',#1591,1.);
#1591 = DIRECTION('',(-0.,-0.,-1.));
#1592 = ORIENTED_EDGE('',*,*,#588,.F.);
#1593 = CYLINDRICAL_SURFACE('',#1594,4.7498);
#1594 = AXIS2_PLACEMENT_3D('',#1595,#1596,#1597);
#1595 = CARTESIAN_POINT('',(-1.091337342932,54.081868760048,20.));
#1596 = DIRECTION('',(0.,0.,1.));
#1597 = DIRECTION('',(1.,0.,0.));
#1598 = ADVANCED_FACE('',(#1599),#1618,.T.);
#1599 = FACE_BOUND('',#1600,.T.);
#1600 = EDGE_LOOP('',(#1601,#1602,#1611,#1617));
#1601 = ORIENTED_EDGE('',*,*,#1570,.T.);
#1602 = ORIENTED_EDGE('',*,*,#1603,.T.);
#1603 = EDGE_CURVE('',#1571,#1604,#1606,.T.);
#1604 = VERTEX_POINT('',#1605);
#1605 = CARTESIAN_POINT('',(13.400698663844,51.695142425188,1.));
#1606 = CIRCLE('',#1607,15.778);
#1607 = AXIS2_PLACEMENT_3D('',#1608,#1609,#1610);
#1608 = CARTESIAN_POINT('',(14.5,67.4348,1.));
#1609 = DIRECTION('',(0.,0.,1.));
#1610 = DIRECTION('',(1.,0.,0.));
#1611 = ORIENTED_EDGE('',*,*,#1612,.F.);
#1612 = EDGE_CURVE('',#600,#1604,#1613,.T.);
#1613 = LINE('',#1614,#1615);
#1614 = CARTESIAN_POINT('',(13.400698663844,51.695142425188,20.));
#1615 = VECTOR('',#1616,1.);
#1616 = DIRECTION('',(-0.,-0.,-1.));
#1617 = ORIENTED_EDGE('',*,*,#599,.F.);
#1618 = CYLINDRICAL_SURFACE('',#1619,15.778);
#1619 = AXIS2_PLACEMENT_3D('',#1620,#1621,#1622);
#1620 = CARTESIAN_POINT('',(14.5,67.4348,20.));
#1621 = DIRECTION('',(0.,0.,1.));
#1622 = DIRECTION('',(1.,0.,0.));
#1623 = ADVANCED_FACE('',(#1624),#1642,.T.);
#1624 = FACE_BOUND('',#1625,.T.);
#1625 = EDGE_LOOP('',(#1626,#1634,#1640,#1641));
#1626 = ORIENTED_EDGE('',*,*,#1627,.T.);
#1627 = EDGE_CURVE('',#643,#1628,#1630,.T.);
#1628 = VERTEX_POINT('',#1629);
#1629 = CARTESIAN_POINT('',(-4.698929366039,57.568197168331,1.));
#1630 = LINE('',#1631,#1632);
#1631 = CARTESIAN_POINT('',(-4.698929366039,57.568197168331,20.));
#1632 = VECTOR('',#1633,1.);
#1633 = DIRECTION('',(-0.,-0.,-1.));
#1634 = ORIENTED_EDGE('',*,*,#1635,.T.);
#1635 = EDGE_CURVE('',#1628,#1579,#1636,.T.);
#1636 = LINE('',#1637,#1638);
#1637 = CARTESIAN_POINT('',(-4.698929366039,57.568197168331,1.));
#1638 = VECTOR('',#1639,1.);
#1639 = DIRECTION('',(0.889422148029,0.45708669046,0.));
#1640 = ORIENTED_EDGE('',*,*,#1587,.F.);
#1641 = ORIENTED_EDGE('',*,*,#651,.F.);
#1642 = PLANE('',#1643);
#1643 = AXIS2_PLACEMENT_3D('',#1644,#1645,#1646);
#1644 = CARTESIAN_POINT('',(-4.698929366039,57.568197168331,20.));
#1645 = DIRECTION('',(0.45708669046,-0.889422148029,0.));
#1646 = DIRECTION('',(0.889422148029,0.45708669046,0.));
#1647 = ADVANCED_FACE('',(#1648),#1667,.F.);
#1648 = FACE_BOUND('',#1649,.F.);
#1649 = EDGE_LOOP('',(#1650,#1658,#1665,#1666));
#1650 = ORIENTED_EDGE('',*,*,#1651,.T.);
#1651 = EDGE_CURVE('',#609,#1652,#1654,.T.);
#1652 = VERTEX_POINT('',#1653);
#1653 = CARTESIAN_POINT('',(17.477031665548,45.185838398604,1.));
#1654 = LINE('',#1655,#1656);
#1655 = CARTESIAN_POINT('',(17.477031665548,45.185838398604,20.));
#1656 = VECTOR('',#1657,1.);
#1657 = DIRECTION('',(-0.,-0.,-1.));
#1658 = ORIENTED_EDGE('',*,*,#1659,.T.);
#1659 = EDGE_CURVE('',#1652,#1604,#1660,.T.);
#1660 = CIRCLE('',#1661,4.7498);
#1661 = AXIS2_PLACEMENT_3D('',#1662,#1663,#1664);
#1662 = CARTESIAN_POINT('',(13.069765625026,46.956885006704,1.));
#1663 = DIRECTION('',(0.,0.,1.));
#1664 = DIRECTION('',(1.,0.,0.));
#1665 = ORIENTED_EDGE('',*,*,#1612,.F.);
#1666 = ORIENTED_EDGE('',*,*,#608,.F.);
#1667 = CYLINDRICAL_SURFACE('',#1668,4.7498);
#1668 = AXIS2_PLACEMENT_3D('',#1669,#1670,#1671);
#1669 = CARTESIAN_POINT('',(13.069765625026,46.956885006704,20.));
#1670 = DIRECTION('',(0.,0.,1.));
#1671 = DIRECTION('',(1.,0.,0.));
#1672 = ADVANCED_FACE('',(#1673),#1692,.F.);
#1673 = FACE_BOUND('',#1674,.F.);
#1674 = EDGE_LOOP('',(#1675,#1676,#1685,#1691));
#1675 = ORIENTED_EDGE('',*,*,#1627,.T.);
#1676 = ORIENTED_EDGE('',*,*,#1677,.T.);
#1677 = EDGE_CURVE('',#1628,#1678,#1680,.T.);
#1678 = VERTEX_POINT('',#1679);
#1679 = CARTESIAN_POINT('',(-7.112192963172,52.100847872157,1.));
#1680 = CIRCLE('',#1681,4.7498);
#1681 = AXIS2_PLACEMENT_3D('',#1682,#1683,#1684);
#1682 = CARTESIAN_POINT('',(-2.527859003693,53.343619849622,1.));
#1683 = DIRECTION('',(0.,0.,1.));
#1684 = DIRECTION('',(1.,0.,0.));
#1685 = ORIENTED_EDGE('',*,*,#1686,.F.);
#1686 = EDGE_CURVE('',#635,#1678,#1687,.T.);
#1687 = LINE('',#1688,#1689);
#1688 = CARTESIAN_POINT('',(-7.112192963172,52.100847872157,20.));
#1689 = VECTOR('',#1690,1.);
#1690 = DIRECTION('',(-0.,-0.,-1.));
#1691 = ORIENTED_EDGE('',*,*,#642,.F.);
#1692 = CYLINDRICAL_SURFACE('',#1693,4.7498);
#1693 = AXIS2_PLACEMENT_3D('',#1694,#1695,#1696);
#1694 = CARTESIAN_POINT('',(-2.527859003693,53.343619849622,20.));
#1695 = DIRECTION('',(0.,0.,1.));
#1696 = DIRECTION('',(1.,0.,0.));
#1697 = ADVANCED_FACE('',(#1698),#1716,.T.);
#1698 = FACE_BOUND('',#1699,.T.);
#1699 = EDGE_LOOP('',(#1700,#1701,#1709,#1715));
#1700 = ORIENTED_EDGE('',*,*,#1651,.T.);
#1701 = ORIENTED_EDGE('',*,*,#1702,.T.);
#1702 = EDGE_CURVE('',#1652,#1703,#1705,.T.);
#1703 = VERTEX_POINT('',#1704);
#1704 = CARTESIAN_POINT('',(9.196765855852,24.580319524825,1.));
#1705 = LINE('',#1706,#1707);
#1706 = CARTESIAN_POINT('',(17.477031665548,45.185838398604,1.));
#1707 = VECTOR('',#1708,1.);
#1708 = DIRECTION('',(-0.372867617184,-0.927884551038,0.));
#1709 = ORIENTED_EDGE('',*,*,#1710,.F.);
#1710 = EDGE_CURVE('',#618,#1703,#1711,.T.);
#1711 = LINE('',#1712,#1713);
#1712 = CARTESIAN_POINT('',(9.196765855852,24.580319524825,20.));
#1713 = VECTOR('',#1714,1.);
#1714 = DIRECTION('',(-0.,-0.,-1.));
#1715 = ORIENTED_EDGE('',*,*,#617,.F.);
#1716 = PLANE('',#1717);
#1717 = AXIS2_PLACEMENT_3D('',#1718,#1719,#1720);
#1718 = CARTESIAN_POINT('',(17.477031665548,45.185838398604,20.));
#1719 = DIRECTION('',(-0.927884551038,0.372867617184,0.));
#1720 = DIRECTION('',(-0.372867617184,-0.927884551038,0.));
#1721 = ADVANCED_FACE('',(#1722),#1740,.F.);
#1722 = FACE_BOUND('',#1723,.F.);
#1723 = EDGE_LOOP('',(#1724,#1725,#1733,#1739));
#1724 = ORIENTED_EDGE('',*,*,#1686,.T.);
#1725 = ORIENTED_EDGE('',*,*,#1726,.T.);
#1726 = EDGE_CURVE('',#1678,#1727,#1729,.T.);
#1727 = VERTEX_POINT('',#1728);
#1728 = CARTESIAN_POINT('',(0.205165855852,25.108594155461,1.));
#1729 = LINE('',#1730,#1731);
#1730 = CARTESIAN_POINT('',(-7.112192963172,52.100847872157,1.));
#1731 = VECTOR('',#1732,1.);
#1732 = DIRECTION('',(0.261647222507,-0.965163577304,0.));
#1733 = ORIENTED_EDGE('',*,*,#1734,.F.);
#1734 = EDGE_CURVE('',#626,#1727,#1735,.T.);
#1735 = LINE('',#1736,#1737);
#1736 = CARTESIAN_POINT('',(0.205165855852,25.108594155461,20.));
#1737 = VECTOR('',#1738,1.);
#1738 = DIRECTION('',(-0.,-0.,-1.));
#1739 = ORIENTED_EDGE('',*,*,#634,.F.);
#1740 = PLANE('',#1741);
#1741 = AXIS2_PLACEMENT_3D('',#1742,#1743,#1744);
#1742 = CARTESIAN_POINT('',(-7.112192963172,52.100847872157,20.));
#1743 = DIRECTION('',(-0.965163577304,-0.261647222507,0.));
#1744 = DIRECTION('',(0.261647222507,-0.965163577304,0.));
#1745 = ADVANCED_FACE('',(#1746),#1758,.F.);
#1746 = FACE_BOUND('',#1747,.F.);
#1747 = EDGE_LOOP('',(#1748,#1749,#1756,#1757));
#1748 = ORIENTED_EDGE('',*,*,#1734,.T.);
#1749 = ORIENTED_EDGE('',*,*,#1750,.T.);
#1750 = EDGE_CURVE('',#1727,#1703,#1751,.T.);
#1751 = CIRCLE('',#1752,4.7498);
#1752 = AXIS2_PLACEMENT_3D('',#1753,#1754,#1755);
#1753 = CARTESIAN_POINT('',(4.789499815331,26.351366132926,1.));
#1754 = DIRECTION('',(0.,0.,1.));
#1755 = DIRECTION('',(1.,0.,0.));
#1756 = ORIENTED_EDGE('',*,*,#1710,.F.);
#1757 = ORIENTED_EDGE('',*,*,#625,.F.);
#1758 = CYLINDRICAL_SURFACE('',#1759,4.7498);
#1759 = AXIS2_PLACEMENT_3D('',#1760,#1761,#1762);
#1760 = CARTESIAN_POINT('',(4.789499815331,26.351366132926,20.));
#1761 = DIRECTION('',(0.,0.,1.));
#1762 = DIRECTION('',(1.,0.,0.));
#1763 = ADVANCED_FACE('',(#1764),#1783,.F.);
#1764 = FACE_BOUND('',#1765,.F.);
#1765 = EDGE_LOOP('',(#1766,#1774,#1781,#1782));
#1766 = ORIENTED_EDGE('',*,*,#1767,.T.);
#1767 = EDGE_CURVE('',#660,#1768,#1770,.T.);
#1768 = VERTEX_POINT('',#1769);
#1769 = CARTESIAN_POINT('',(27.518945989576,12.508784217322,1.));
#1770 = LINE('',#1771,#1772);
#1771 = CARTESIAN_POINT('',(27.518945989576,12.508784217322,20.));
#1772 = VECTOR('',#1773,1.);
#1773 = DIRECTION('',(-0.,-0.,-1.));
#1774 = ORIENTED_EDGE('',*,*,#1775,.T.);
#1775 = EDGE_CURVE('',#1768,#1768,#1776,.T.);
#1776 = CIRCLE('',#1777,4.953);
#1777 = AXIS2_PLACEMENT_3D('',#1778,#1779,#1780);
#1778 = CARTESIAN_POINT('',(22.565945989576,12.508784217322,1.));
#1779 = DIRECTION('',(0.,0.,1.));
#1780 = DIRECTION('',(1.,0.,0.));
#1781 = ORIENTED_EDGE('',*,*,#1767,.F.);
#1782 = ORIENTED_EDGE('',*,*,#659,.F.);
#1783 = CYLINDRICAL_SURFACE('',#1784,4.953);
#1784 = AXIS2_PLACEMENT_3D('',#1785,#1786,#1787);
#1785 = CARTESIAN_POINT('',(22.565945989576,12.508784217322,20.));
#1786 = DIRECTION('',(0.,0.,1.));
#1787 = DIRECTION('',(1.,0.,0.));
#1788 = ADVANCED_FACE('',(#1789),#1814,.F.);
#1789 = FACE_BOUND('',#1790,.F.);
#1790 = EDGE_LOOP('',(#1791,#1799,#1807,#1813));
#1791 = ORIENTED_EDGE('',*,*,#1792,.T.);
#1792 = EDGE_CURVE('',#671,#1793,#1795,.T.);
#1793 = VERTEX_POINT('',#1794);
#1794 = CARTESIAN_POINT('',(28.107485583038,30.839630686567,1.));
#1795 = LINE('',#1796,#1797);
#1796 = CARTESIAN_POINT('',(28.107485583038,30.839630686567,20.));
#1797 = VECTOR('',#1798,1.);
#1798 = DIRECTION('',(-0.,-0.,-1.));
#1799 = ORIENTED_EDGE('',*,*,#1800,.T.);
#1800 = EDGE_CURVE('',#1793,#1801,#1803,.T.);
#1801 = VERTEX_POINT('',#1802);
#1802 = CARTESIAN_POINT('',(27.178191993032,40.51104191132,1.));
#1803 = LINE('',#1804,#1805);
#1804 = CARTESIAN_POINT('',(28.107485583038,30.839630686567,1.));
#1805 = VECTOR('',#1806,1.);
#1806 = DIRECTION('',(-9.564613973104E-02,0.995415398693,0.));
#1807 = ORIENTED_EDGE('',*,*,#1808,.F.);
#1808 = EDGE_CURVE('',#673,#1801,#1809,.T.);
#1809 = LINE('',#1810,#1811);
#1810 = CARTESIAN_POINT('',(27.178191993032,40.51104191132,20.));
#1811 = VECTOR('',#1812,1.);
#1812 = DIRECTION('',(-0.,-0.,-1.));
#1813 = ORIENTED_EDGE('',*,*,#670,.F.);
#1814 = PLANE('',#1815);
#1815 = AXIS2_PLACEMENT_3D('',#1816,#1817,#1818);
#1816 = CARTESIAN_POINT('',(28.107485583038,30.839630686567,20.));
#1817 = DIRECTION('',(0.995415398693,9.564613973104E-02,0.));
#1818 = DIRECTION('',(-9.564613973104E-02,0.995415398693,0.));
#1819 = ADVANCED_FACE('',(#1820),#1839,.F.);
#1820 = FACE_BOUND('',#1821,.F.);
#1821 = EDGE_LOOP('',(#1822,#1830,#1837,#1838));
#1822 = ORIENTED_EDGE('',*,*,#1823,.T.);
#1823 = EDGE_CURVE('',#681,#1824,#1826,.T.);
#1824 = VERTEX_POINT('',#1825);
#1825 = CARTESIAN_POINT('',(26.884594927074,27.179922744344,1.));
#1826 = LINE('',#1827,#1828);
#1827 = CARTESIAN_POINT('',(26.884594927074,27.179922744344,20.));
#1828 = VECTOR('',#1829,1.);
#1829 = DIRECTION('',(-0.,-0.,-1.));
#1830 = ORIENTED_EDGE('',*,*,#1831,.T.);
#1831 = EDGE_CURVE('',#1824,#1793,#1832,.T.);
#1832 = CIRCLE('',#1833,4.7498);
#1833 = AXIS2_PLACEMENT_3D('',#1834,#1835,#1836);
#1834 = CARTESIAN_POINT('',(23.379461522328,30.385330652073,1.));
#1835 = DIRECTION('',(0.,0.,1.));
#1836 = DIRECTION('',(1.,0.,0.));
#1837 = ORIENTED_EDGE('',*,*,#1792,.F.);
#1838 = ORIENTED_EDGE('',*,*,#680,.F.);
#1839 = CYLINDRICAL_SURFACE('',#1840,4.7498);
#1840 = AXIS2_PLACEMENT_3D('',#1841,#1842,#1843);
#1841 = CARTESIAN_POINT('',(23.379461522328,30.385330652073,20.));
#1842 = DIRECTION('',(0.,0.,1.));
#1843 = DIRECTION('',(1.,0.,0.));
#1844 = ADVANCED_FACE('',(#1845),#1864,.F.);
#1845 = FACE_BOUND('',#1846,.F.);
#1846 = EDGE_LOOP('',(#1847,#1848,#1857,#1863));
#1847 = ORIENTED_EDGE('',*,*,#1808,.T.);
#1848 = ORIENTED_EDGE('',*,*,#1849,.T.);
#1849 = EDGE_CURVE('',#1801,#1850,#1852,.T.);
#1850 = VERTEX_POINT('',#1851);
#1851 = CARTESIAN_POINT('',(18.043033115746,41.828115001983,1.));
#1852 = CIRCLE('',#1853,4.7498);
#1853 = AXIS2_PLACEMENT_3D('',#1854,#1855,#1856);
#1854 = CARTESIAN_POINT('',(22.450167932321,40.056741876826,1.));
#1855 = DIRECTION('',(0.,0.,1.));
#1856 = DIRECTION('',(1.,0.,0.));
#1857 = ORIENTED_EDGE('',*,*,#1858,.F.);
#1858 = EDGE_CURVE('',#707,#1850,#1859,.T.);
#1859 = LINE('',#1860,#1861);
#1860 = CARTESIAN_POINT('',(18.043033115746,41.828115001983,20.));
#1861 = VECTOR('',#1862,1.);
#1862 = DIRECTION('',(-0.,-0.,-1.));
#1863 = ORIENTED_EDGE('',*,*,#714,.F.);
#1864 = CYLINDRICAL_SURFACE('',#1865,4.7498);
#1865 = AXIS2_PLACEMENT_3D('',#1866,#1867,#1868);
#1866 = CARTESIAN_POINT('',(22.450167932321,40.056741876826,20.));
#1867 = DIRECTION('',(0.,0.,1.));
#1868 = DIRECTION('',(1.,0.,0.));
#1869 = ADVANCED_FACE('',(#1870),#1888,.F.);
#1870 = FACE_BOUND('',#1871,.F.);
#1871 = EDGE_LOOP('',(#1872,#1880,#1886,#1887));
#1872 = ORIENTED_EDGE('',*,*,#1873,.T.);
#1873 = EDGE_CURVE('',#690,#1874,#1876,.T.);
#1874 = VERTEX_POINT('',#1875);
#1875 = CARTESIAN_POINT('',(18.291040835495,17.78281810781,1.));
#1876 = LINE('',#1877,#1878);
#1877 = CARTESIAN_POINT('',(18.291040835495,17.78281810781,20.));
#1878 = VECTOR('',#1879,1.);
#1879 = DIRECTION('',(-0.,-0.,-1.));
#1880 = ORIENTED_EDGE('',*,*,#1881,.T.);
#1881 = EDGE_CURVE('',#1874,#1824,#1882,.T.);
#1882 = LINE('',#1883,#1884);
#1883 = CARTESIAN_POINT('',(18.291040835495,17.782818107793,1.));
#1884 = VECTOR('',#1885,1.);
#1885 = DIRECTION('',(0.674851132203,0.737953893793,0.));
#1886 = ORIENTED_EDGE('',*,*,#1823,.F.);
#1887 = ORIENTED_EDGE('',*,*,#689,.F.);
#1888 = PLANE('',#1889);
#1889 = AXIS2_PLACEMENT_3D('',#1890,#1891,#1892);
#1890 = CARTESIAN_POINT('',(18.291040835495,17.782818107793,20.));
#1891 = DIRECTION('',(0.737953893793,-0.674851132203,0.));
#1892 = DIRECTION('',(0.674851132203,0.737953893793,0.));
#1893 = ADVANCED_FACE('',(#1894),#1912,.F.);
#1894 = FACE_BOUND('',#1895,.F.);
#1895 = EDGE_LOOP('',(#1896,#1897,#1905,#1911));
#1896 = ORIENTED_EDGE('',*,*,#1858,.T.);
#1897 = ORIENTED_EDGE('',*,*,#1898,.T.);
#1898 = EDGE_CURVE('',#1850,#1899,#1901,.T.);
#1899 = VERTEX_POINT('',#1900);
#1900 = CARTESIAN_POINT('',(10.378758065446,22.759583462095,1.));
#1901 = LINE('',#1902,#1903);
#1902 = CARTESIAN_POINT('',(18.043033115746,41.828115001983,1.));
#1903 = VECTOR('',#1904,1.);
#1904 = DIRECTION('',(-0.372936447125,-0.927856888968,0.));
#1905 = ORIENTED_EDGE('',*,*,#1906,.F.);
#1906 = EDGE_CURVE('',#698,#1899,#1907,.T.);
#1907 = LINE('',#1908,#1909);
#1908 = CARTESIAN_POINT('',(10.378758065446,22.759583462095,20.));
#1909 = VECTOR('',#1910,1.);
#1910 = DIRECTION('',(-0.,-0.,-1.));
#1911 = ORIENTED_EDGE('',*,*,#706,.F.);
#1912 = PLANE('',#1913);
#1913 = AXIS2_PLACEMENT_3D('',#1914,#1915,#1916);
#1914 = CARTESIAN_POINT('',(18.043033115746,41.828115001983,20.));
#1915 = DIRECTION('',(-0.927856888968,0.372936447125,0.));
#1916 = DIRECTION('',(-0.372936447125,-0.927856888968,0.));
#1917 = ADVANCED_FACE('',(#1918),#1930,.F.);
#1918 = FACE_BOUND('',#1919,.F.);
#1919 = EDGE_LOOP('',(#1920,#1921,#1928,#1929));
#1920 = ORIENTED_EDGE('',*,*,#1906,.T.);
#1921 = ORIENTED_EDGE('',*,*,#1922,.T.);
#1922 = EDGE_CURVE('',#1899,#1874,#1923,.T.);
#1923 = CIRCLE('',#1924,4.7498);
#1924 = AXIS2_PLACEMENT_3D('',#1925,#1926,#1927);
#1925 = CARTESIAN_POINT('',(14.785892716668,20.988209925543,1.));
#1926 = DIRECTION('',(0.,0.,1.));
#1927 = DIRECTION('',(1.,0.,0.));
#1928 = ORIENTED_EDGE('',*,*,#1873,.F.);
#1929 = ORIENTED_EDGE('',*,*,#697,.F.);
#1930 = CYLINDRICAL_SURFACE('',#1931,4.7498);
#1931 = AXIS2_PLACEMENT_3D('',#1932,#1933,#1934);
#1932 = CARTESIAN_POINT('',(14.785892716668,20.988209925543,20.));
#1933 = DIRECTION('',(0.,0.,1.));
#1934 = DIRECTION('',(1.,0.,0.));
#1935 = ADVANCED_FACE('',(#1936),#1955,.F.);
#1936 = FACE_BOUND('',#1937,.F.);
#1937 = EDGE_LOOP('',(#1938,#1946,#1953,#1954));
#1938 = ORIENTED_EDGE('',*,*,#1939,.T.);
#1939 = EDGE_CURVE('',#724,#1940,#1942,.T.);
#1940 = VERTEX_POINT('',#1941);
#1941 = CARTESIAN_POINT('',(26.196995885391,50.570429652821,1.));
#1942 = LINE('',#1943,#1944);
#1943 = CARTESIAN_POINT('',(26.196995885391,50.570429652821,20.));
#1944 = VECTOR('',#1945,1.);
#1945 = DIRECTION('',(-0.,-0.,-1.));
#1946 = ORIENTED_EDGE('',*,*,#1947,.T.);
#1947 = EDGE_CURVE('',#1940,#1940,#1948,.T.);
#1948 = CIRCLE('',#1949,3.175);
#1949 = AXIS2_PLACEMENT_3D('',#1950,#1951,#1952);
#1950 = CARTESIAN_POINT('',(23.021995885391,50.570429652821,1.));
#1951 = DIRECTION('',(0.,0.,1.));
#1952 = DIRECTION('',(1.,0.,0.));
#1953 = ORIENTED_EDGE('',*,*,#1939,.F.);
#1954 = ORIENTED_EDGE('',*,*,#723,.F.);
#1955 = CYLINDRICAL_SURFACE('',#1956,3.175);
#1956 = AXIS2_PLACEMENT_3D('',#1957,#1958,#1959);
#1957 = CARTESIAN_POINT('',(23.021995885391,50.570429652821,20.));
#1958 = DIRECTION('',(0.,0.,1.));
#1959 = DIRECTION('',(1.,0.,0.));
#1960 = ADVANCED_FACE('',(#1961),#1980,.F.);
#1961 = FACE_BOUND('',#1962,.T.);
#1962 = EDGE_LOOP('',(#1963,#1972,#1978,#1979));
#1963 = ORIENTED_EDGE('',*,*,#1964,.F.);
#1964 = EDGE_CURVE('',#1965,#1965,#1967,.T.);
#1965 = VERTEX_POINT('',#1966);
#1966 = CARTESIAN_POINT('',(28.5,67.4348,12.));
#1967 = CIRCLE('',#1968,14.);
#1968 = AXIS2_PLACEMENT_3D('',#1969,#1970,#1971);
#1969 = CARTESIAN_POINT('',(14.5,67.4348,12.));
#1970 = DIRECTION('',(0.,0.,1.));
#1971 = DIRECTION('',(1.,0.,0.));
#1972 = ORIENTED_EDGE('',*,*,#1973,.T.);
#1973 = EDGE_CURVE('',#1965,#735,#1974,.T.);
#1974 = LINE('',#1975,#1976);
#1975 = CARTESIAN_POINT('',(28.5,67.4348,-20.));
#1976 = VECTOR('',#1977,1.);
#1977 = DIRECTION('',(0.,0.,1.));
#1978 = ORIENTED_EDGE('',*,*,#734,.T.);
#1979 = ORIENTED_EDGE('',*,*,#1973,.F.);
#1980 = CYLINDRICAL_SURFACE('',#1981,14.);
#1981 = AXIS2_PLACEMENT_3D('',#1982,#1983,#1984);
#1982 = CARTESIAN_POINT('',(14.5,67.4348,-20.));
#1983 = DIRECTION('',(-0.,-0.,-1.));
#1984 = DIRECTION('',(1.,0.,0.));
#1985 = ADVANCED_FACE('',(#1986),#1994,.T.);
#1986 = FACE_BOUND('',#1987,.F.);
#1987 = EDGE_LOOP('',(#1988,#1989,#1990,#1991,#1992,#1993));
#1988 = ORIENTED_EDGE('',*,*,#948,.T.);
#1989 = ORIENTED_EDGE('',*,*,#973,.T.);
#1990 = ORIENTED_EDGE('',*,*,#792,.T.);
#1991 = ORIENTED_EDGE('',*,*,#874,.T.);
#1992 = ORIENTED_EDGE('',*,*,#898,.T.);
#1993 = ORIENTED_EDGE('',*,*,#930,.F.);
#1994 = PLANE('',#1995);
#1995 = AXIS2_PLACEMENT_3D('',#1996,#1997,#1998);
#1996 = CARTESIAN_POINT('',(-7.547699223345,68.914511970656,-1.));
#1997 = DIRECTION('',(-0.,-0.,-1.));
#1998 = DIRECTION('',(-1.,-0.,-0.));
#1999 = ADVANCED_FACE('',(#2000),#2008,.T.);
#2000 = FACE_BOUND('',#2001,.T.);
#2001 = EDGE_LOOP('',(#2002,#2003,#2004,#2005,#2006,#2007));
#2002 = ORIENTED_EDGE('',*,*,#1529,.T.);
#2003 = ORIENTED_EDGE('',*,*,#1554,.T.);
#2004 = ORIENTED_EDGE('',*,*,#762,.T.);
#2005 = ORIENTED_EDGE('',*,*,#1455,.T.);
#2006 = ORIENTED_EDGE('',*,*,#1479,.T.);
#2007 = ORIENTED_EDGE('',*,*,#1511,.F.);
#2008 = PLANE('',#2009);
#2009 = AXIS2_PLACEMENT_3D('',#2010,#2011,#2012);
#2010 = CARTESIAN_POINT('',(-7.547699223345,68.914511970656,1.));
#2011 = DIRECTION('',(0.,0.,1.));
#2012 = DIRECTION('',(1.,0.,0.));
#2013 = ADVANCED_FACE('',(#2014),#2017,.F.);
#2014 = FACE_BOUND('',#2015,.F.);
#2015 = EDGE_LOOP('',(#2016));
#2016 = ORIENTED_EDGE('',*,*,#824,.F.);
#2017 = PLANE('',#2018);
#2018 = AXIS2_PLACEMENT_3D('',#2019,#2020,#2021);
#2019 = CARTESIAN_POINT('',(21.849466370748,87.15303703788,-20.));
#2020 = DIRECTION('',(0.228350870111,-0.973578902873,0.));
#2021 = DIRECTION('',(-0.973578902873,-0.228350870111,0.));
#2022 = ADVANCED_FACE('',(#2023),#2033,.T.);
#2023 = FACE_BOUND('',#2024,.T.);
#2024 = EDGE_LOOP('',(#2025,#2026,#2027,#2028,#2029,#2030,#2031,#2032));
#2025 = ORIENTED_EDGE('',*,*,#1068,.T.);
#2026 = ORIENTED_EDGE('',*,*,#1124,.F.);
#2027 = ORIENTED_EDGE('',*,*,#1167,.T.);
#2028 = ORIENTED_EDGE('',*,*,#1215,.F.);
#2029 = ORIENTED_EDGE('',*,*,#1191,.F.);
#2030 = ORIENTED_EDGE('',*,*,#1142,.F.);
#2031 = ORIENTED_EDGE('',*,*,#1100,.T.);
#2032 = ORIENTED_EDGE('',*,*,#1043,.F.);
#2033 = PLANE('',#2034);
#2034 = AXIS2_PLACEMENT_3D('',#2035,#2036,#2037);
#2035 = CARTESIAN_POINT('',(13.283319445064,34.832766012655,-1.));
#2036 = DIRECTION('',(-0.,-0.,-1.));
#2037 = DIRECTION('',(-1.,-0.,-0.));
#2038 = ADVANCED_FACE('',(#2039),#2042,.T.);
#2039 = FACE_BOUND('',#2040,.F.);
#2040 = EDGE_LOOP('',(#2041));
#2041 = ORIENTED_EDGE('',*,*,#1240,.T.);
#2042 = PLANE('',#2043);
#2043 = AXIS2_PLACEMENT_3D('',#2044,#2045,#2046);
#2044 = CARTESIAN_POINT('',(13.283319445064,34.832766012655,-1.));
#2045 = DIRECTION('',(-0.,-0.,-1.));
#2046 = DIRECTION('',(-1.,-0.,-0.));
#2047 = ADVANCED_FACE('',(#2048),#2056,.T.);
#2048 = FACE_BOUND('',#2049,.F.);
#2049 = EDGE_LOOP('',(#2050,#2051,#2052,#2053,#2054,#2055));
#2050 = ORIENTED_EDGE('',*,*,#1265,.T.);
#2051 = ORIENTED_EDGE('',*,*,#1314,.T.);
#2052 = ORIENTED_EDGE('',*,*,#1363,.T.);
#2053 = ORIENTED_EDGE('',*,*,#1387,.T.);
#2054 = ORIENTED_EDGE('',*,*,#1346,.T.);
#2055 = ORIENTED_EDGE('',*,*,#1296,.T.);
#2056 = PLANE('',#2057);
#2057 = AXIS2_PLACEMENT_3D('',#2058,#2059,#2060);
#2058 = CARTESIAN_POINT('',(13.283319445064,34.832766012655,-1.));
#2059 = DIRECTION('',(-0.,-0.,-1.));
#2060 = DIRECTION('',(-1.,-0.,-0.));
#2061 = ADVANCED_FACE('',(#2062),#2065,.T.);
#2062 = FACE_BOUND('',#2063,.F.);
#2063 = EDGE_LOOP('',(#2064));
#2064 = ORIENTED_EDGE('',*,*,#1412,.T.);
#2065 = PLANE('',#2066);
#2066 = AXIS2_PLACEMENT_3D('',#2067,#2068,#2069);
#2067 = CARTESIAN_POINT('',(13.283319445064,34.832766012655,-1.));
#2068 = DIRECTION('',(-0.,-0.,-1.));
#2069 = DIRECTION('',(-1.,-0.,-0.));
#2070 = ADVANCED_FACE('',(#2071,#2074),#2085,.F.);
#2071 = FACE_BOUND('',#2072,.F.);
#2072 = EDGE_LOOP('',(#2073));
#2073 = ORIENTED_EDGE('',*,*,#1438,.T.);
#2074 = FACE_BOUND('',#2075,.T.);
#2075 = EDGE_LOOP('',(#2076));
#2076 = ORIENTED_EDGE('',*,*,#2077,.T.);
#2077 = EDGE_CURVE('',#2078,#2078,#2080,.T.);
#2078 = VERTEX_POINT('',#2079);
#2079 = CARTESIAN_POINT('',(27.5094,67.4348,-12.));
#2080 = CIRCLE('',#2081,13.0094);
#2081 = AXIS2_PLACEMENT_3D('',#2082,#2083,#2084);
#2082 = CARTESIAN_POINT('',(14.5,67.4348,-12.));
#2083 = DIRECTION('',(0.,0.,1.));
#2084 = DIRECTION('',(1.,0.,0.));
#2085 = PLANE('',#2086);
#2086 = AXIS2_PLACEMENT_3D('',#2087,#2088,#2089);
#2087 = CARTESIAN_POINT('',(14.5,67.4348,-12.));
#2088 = DIRECTION('',(0.,0.,1.));
#2089 = DIRECTION('',(1.,0.,0.));
#2090 = ADVANCED_FACE('',(#2091),#2101,.T.);
#2091 = FACE_BOUND('',#2092,.F.);
#2092 = EDGE_LOOP('',(#2093,#2094,#2095,#2096,#2097,#2098,#2099,#2100));
#2093 = ORIENTED_EDGE('',*,*,#1603,.T.);
#2094 = ORIENTED_EDGE('',*,*,#1659,.F.);
#2095 = ORIENTED_EDGE('',*,*,#1702,.T.);
#2096 = ORIENTED_EDGE('',*,*,#1750,.F.);
#2097 = ORIENTED_EDGE('',*,*,#1726,.F.);
#2098 = ORIENTED_EDGE('',*,*,#1677,.F.);
#2099 = ORIENTED_EDGE('',*,*,#1635,.T.);
#2100 = ORIENTED_EDGE('',*,*,#1578,.F.);
#2101 = PLANE('',#2102);
#2102 = AXIS2_PLACEMENT_3D('',#2103,#2104,#2105);
#2103 = CARTESIAN_POINT('',(13.283319445064,34.832766012655,1.));
#2104 = DIRECTION('',(0.,0.,1.));
#2105 = DIRECTION('',(1.,0.,0.));
#2106 = ADVANCED_FACE('',(#2107),#2110,.T.);
#2107 = FACE_BOUND('',#2108,.T.);
#2108 = EDGE_LOOP('',(#2109));
#2109 = ORIENTED_EDGE('',*,*,#1775,.T.);
#2110 = PLANE('',#2111);
#2111 = AXIS2_PLACEMENT_3D('',#2112,#2113,#2114);
#2112 = CARTESIAN_POINT('',(13.283319445064,34.832766012655,1.));
#2113 = DIRECTION('',(0.,0.,1.));
#2114 = DIRECTION('',(1.,0.,0.));
#2115 = ADVANCED_FACE('',(#2116),#2124,.T.);
#2116 = FACE_BOUND('',#2117,.T.);
#2117 = EDGE_LOOP('',(#2118,#2119,#2120,#2121,#2122,#2123));
#2118 = ORIENTED_EDGE('',*,*,#1800,.T.);
#2119 = ORIENTED_EDGE('',*,*,#1849,.T.);
#2120 = ORIENTED_EDGE('',*,*,#1898,.T.);
#2121 = ORIENTED_EDGE('',*,*,#1922,.T.);
#2122 = ORIENTED_EDGE('',*,*,#1881,.T.);
#2123 = ORIENTED_EDGE('',*,*,#1831,.T.);
#2124 = PLANE('',#2125);
#2125 = AXIS2_PLACEMENT_3D('',#2126,#2127,#2128);
#2126 = CARTESIAN_POINT('',(13.283319445064,34.832766012655,1.));
#2127 = DIRECTION('',(0.,0.,1.));
#2128 = DIRECTION('',(1.,0.,0.));
#2129 = ADVANCED_FACE('',(#2130),#2133,.T.);
#2130 = FACE_BOUND('',#2131,.T.);
#2131 = EDGE_LOOP('',(#2132));
#2132 = ORIENTED_EDGE('',*,*,#1947,.T.);
#2133 = PLANE('',#2134);
#2134 = AXIS2_PLACEMENT_3D('',#2135,#2136,#2137);
#2135 = CARTESIAN_POINT('',(13.283319445064,34.832766012655,1.));
#2136 = DIRECTION('',(0.,0.,1.));
#2137 = DIRECTION('',(1.,0.,0.));
#2138 = ADVANCED_FACE('',(#2139,#2142),#2153,.T.);
#2139 = FACE_BOUND('',#2140,.T.);
#2140 = EDGE_LOOP('',(#2141));
#2141 = ORIENTED_EDGE('',*,*,#1964,.T.);
#2142 = FACE_BOUND('',#2143,.F.);
#2143 = EDGE_LOOP('',(#2144));
#2144 = ORIENTED_EDGE('',*,*,#2145,.T.);
#2145 = EDGE_CURVE('',#2146,#2146,#2148,.T.);
#2146 = VERTEX_POINT('',#2147);
#2147 = CARTESIAN_POINT('',(27.5094,67.4348,12.));
#2148 = CIRCLE('',#2149,13.0094);
#2149 = AXIS2_PLACEMENT_3D('',#2150,#2151,#2152);
#2150 = CARTESIAN_POINT('',(14.5,67.4348,12.));
#2151 = DIRECTION('',(0.,0.,1.));
#2152 = DIRECTION('',(1.,0.,0.));
#2153 = PLANE('',#2154);
#2154 = AXIS2_PLACEMENT_3D('',#2155,#2156,#2157);
#2155 = CARTESIAN_POINT('',(14.5,67.4348,12.));
#2156 = DIRECTION('',(0.,0.,1.));
#2157 = DIRECTION('',(1.,0.,0.));
#2158 = ADVANCED_FACE('',(#2159),#2170,.F.);
#2159 = FACE_BOUND('',#2160,.T.);
#2160 = EDGE_LOOP('',(#2161,#2167,#2168,#2169));
#2161 = ORIENTED_EDGE('',*,*,#2162,.T.);
#2162 = EDGE_CURVE('',#2078,#2146,#2163,.T.);
#2163 = LINE('',#2164,#2165);
#2164 = CARTESIAN_POINT('',(27.5094,67.4348,-12.));
#2165 = VECTOR('',#2166,1.);
#2166 = DIRECTION('',(0.,0.,1.));
#2167 = ORIENTED_EDGE('',*,*,#2145,.T.);
#2168 = ORIENTED_EDGE('',*,*,#2162,.F.);
#2169 = ORIENTED_EDGE('',*,*,#2077,.F.);
#2170 = CYLINDRICAL_SURFACE('',#2171,13.0094);
#2171 = AXIS2_PLACEMENT_3D('',#2172,#2173,#2174);
#2172 = CARTESIAN_POINT('',(14.5,67.4348,-12.));
#2173 = DIRECTION('',(-0.,-0.,-1.));
#2174 = DIRECTION('',(1.,0.,0.));
#2175 = ( GEOMETRIC_REPRESENTATION_CONTEXT(3) 
GLOBAL_UNCERTAINTY_ASSIGNED_CONTEXT((#2179)) 
GLOBAL_UNIT_ASSIGNED_CONTEXT((#2176,#2177,#2178)) REPRESENTATION_CONTEXT
('Context #1','3D Context with UNIT and UNCERTAINTY') );
#2176 = ( LENGTH_UNIT() NAMED_UNIT(*) SI_UNIT(.MILLI.,.METRE.) );
#2177 = ( NAMED_UNIT(*) PLANE_ANGLE_UNIT() SI_UNIT($,.RADIAN.) );
#2178 = ( NAMED_UNIT(*) SI_UNIT($,.STERADIAN.) SOLID_ANGLE_UNIT() );
#2179 = UNCERTAINTY_MEASURE_WITH_UNIT(LENGTH_MEASURE(1.E-07),#2176,
  'distance_accuracy_value','confusion accuracy');
#2180 = CONTEXT_DEPENDENT_SHAPE_REPRESENTATION(#2181,#2183);
#2181 = ( REPRESENTATION_RELATIONSHIP('','',#56,#10) 
REPRESENTATION_RELATIONSHIP_WITH_TRANSFORMATION(#2182) 
SHAPE_REPRESENTATION_RELATIONSHIP() );
#2182 = ITEM_DEFINED_TRANSFORMATION('','',#11,#15);
#2183 = PRODUCT_DEFINITION_SHAPE('Placement','Placement of an item',
  #2184);
#2184 = NEXT_ASSEMBLY_USAGE_OCCURRENCE('1','BB_Weldment','',#5,#51,$);
#2185 = PRODUCT_RELATED_PRODUCT_CATEGORY('part',$,(#53));
#2186 = SHAPE_DEFINITION_REPRESENTATION(#2187,#2193);
#2187 = PRODUCT_DEFINITION_SHAPE('','',#2188);
#2188 = PRODUCT_DEFINITION('design','',#2189,#2192);
#2189 = PRODUCT_DEFINITION_FORMATION('','',#2190);
#2190 = PRODUCT('BB iso 68','BB iso 68','',(#2191));
#2191 = PRODUCT_CONTEXT('',#2,'mechanical');
#2192 = PRODUCT_DEFINITION_CONTEXT('part definition',#2,'design');
#2193 = ADVANCED_BREP_SHAPE_REPRESENTATION('',(#11,#2194),#2286);
#2194 = MANIFOLD_SOLID_BREP('',#2195);
#2195 = CLOSED_SHELL('',(#2196,#2229,#2262,#2274));
#2196 = ADVANCED_FACE('',(#2197),#2224,.T.);
#2197 = FACE_BOUND('',#2198,.F.);
#2198 = EDGE_LOOP('',(#2199,#2209,#2216,#2217));
#2199 = ORIENTED_EDGE('',*,*,#2200,.T.);
#2200 = EDGE_CURVE('',#2201,#2203,#2205,.T.);
#2201 = VERTEX_POINT('',#2202);
#2202 = CARTESIAN_POINT('',(19.05,0.,-34.));
#2203 = VERTEX_POINT('',#2204);
#2204 = CARTESIAN_POINT('',(19.05,0.,34.));
#2205 = LINE('',#2206,#2207);
#2206 = CARTESIAN_POINT('',(19.05,0.,-34.));
#2207 = VECTOR('',#2208,1.);
#2208 = DIRECTION('',(0.,0.,1.));
#2209 = ORIENTED_EDGE('',*,*,#2210,.T.);
#2210 = EDGE_CURVE('',#2203,#2203,#2211,.T.);
#2211 = CIRCLE('',#2212,19.05);
#2212 = AXIS2_PLACEMENT_3D('',#2213,#2214,#2215);
#2213 = CARTESIAN_POINT('',(0.,0.,34.));
#2214 = DIRECTION('',(0.,0.,1.));
#2215 = DIRECTION('',(1.,0.,0.));
#2216 = ORIENTED_EDGE('',*,*,#2200,.F.);
#2217 = ORIENTED_EDGE('',*,*,#2218,.F.);
#2218 = EDGE_CURVE('',#2201,#2201,#2219,.T.);
#2219 = CIRCLE('',#2220,19.05);
#2220 = AXIS2_PLACEMENT_3D('',#2221,#2222,#2223);
#2221 = CARTESIAN_POINT('',(0.,0.,-34.));
#2222 = DIRECTION('',(0.,0.,1.));
#2223 = DIRECTION('',(1.,0.,0.));
#2224 = CYLINDRICAL_SURFACE('',#2225,19.05);
#2225 = AXIS2_PLACEMENT_3D('',#2226,#2227,#2228);
#2226 = CARTESIAN_POINT('',(0.,0.,-34.));
#2227 = DIRECTION('',(-0.,-0.,-1.));
#2228 = DIRECTION('',(1.,0.,0.));
#2229 = ADVANCED_FACE('',(#2230),#2257,.F.);
#2230 = FACE_BOUND('',#2231,.T.);
#2231 = EDGE_LOOP('',(#2232,#2242,#2249,#2250));
#2232 = ORIENTED_EDGE('',*,*,#2233,.T.);
#2233 = EDGE_CURVE('',#2234,#2236,#2238,.T.);
#2234 = VERTEX_POINT('',#2235);
#2235 = CARTESIAN_POINT('',(17.5,0.,-34.));
#2236 = VERTEX_POINT('',#2237);
#2237 = CARTESIAN_POINT('',(17.5,0.,34.));
#2238 = LINE('',#2239,#2240);
#2239 = CARTESIAN_POINT('',(17.5,0.,-34.));
#2240 = VECTOR('',#2241,1.);
#2241 = DIRECTION('',(0.,0.,1.));
#2242 = ORIENTED_EDGE('',*,*,#2243,.T.);
#2243 = EDGE_CURVE('',#2236,#2236,#2244,.T.);
#2244 = CIRCLE('',#2245,17.5);
#2245 = AXIS2_PLACEMENT_3D('',#2246,#2247,#2248);
#2246 = CARTESIAN_POINT('',(0.,0.,34.));
#2247 = DIRECTION('',(0.,0.,1.));
#2248 = DIRECTION('',(1.,0.,0.));
#2249 = ORIENTED_EDGE('',*,*,#2233,.F.);
#2250 = ORIENTED_EDGE('',*,*,#2251,.F.);
#2251 = EDGE_CURVE('',#2234,#2234,#2252,.T.);
#2252 = CIRCLE('',#2253,17.5);
#2253 = AXIS2_PLACEMENT_3D('',#2254,#2255,#2256);
#2254 = CARTESIAN_POINT('',(0.,0.,-34.));
#2255 = DIRECTION('',(0.,0.,1.));
#2256 = DIRECTION('',(1.,0.,0.));
#2257 = CYLINDRICAL_SURFACE('',#2258,17.5);
#2258 = AXIS2_PLACEMENT_3D('',#2259,#2260,#2261);
#2259 = CARTESIAN_POINT('',(0.,0.,-34.));
#2260 = DIRECTION('',(-0.,-0.,-1.));
#2261 = DIRECTION('',(1.,0.,0.));
#2262 = ADVANCED_FACE('',(#2263,#2266),#2269,.F.);
#2263 = FACE_BOUND('',#2264,.F.);
#2264 = EDGE_LOOP('',(#2265));
#2265 = ORIENTED_EDGE('',*,*,#2218,.T.);
#2266 = FACE_BOUND('',#2267,.T.);
#2267 = EDGE_LOOP('',(#2268));
#2268 = ORIENTED_EDGE('',*,*,#2251,.T.);
#2269 = PLANE('',#2270);
#2270 = AXIS2_PLACEMENT_3D('',#2271,#2272,#2273);
#2271 = CARTESIAN_POINT('',(-6.E-16,5.6E-16,-34.));
#2272 = DIRECTION('',(0.,0.,1.));
#2273 = DIRECTION('',(1.,0.,0.));
#2274 = ADVANCED_FACE('',(#2275,#2278),#2281,.T.);
#2275 = FACE_BOUND('',#2276,.T.);
#2276 = EDGE_LOOP('',(#2277));
#2277 = ORIENTED_EDGE('',*,*,#2210,.T.);
#2278 = FACE_BOUND('',#2279,.F.);
#2279 = EDGE_LOOP('',(#2280));
#2280 = ORIENTED_EDGE('',*,*,#2243,.T.);
#2281 = PLANE('',#2282);
#2282 = AXIS2_PLACEMENT_3D('',#2283,#2284,#2285);
#2283 = CARTESIAN_POINT('',(-6.E-16,5.6E-16,34.));
#2284 = DIRECTION('',(0.,0.,1.));
#2285 = DIRECTION('',(1.,0.,0.));
#2286 = ( GEOMETRIC_REPRESENTATION_CONTEXT(3) 
GLOBAL_UNCERTAINTY_ASSIGNED_CONTEXT((#2290)) 
GLOBAL_UNIT_ASSIGNED_CONTEXT((#2287,#2288,#2289)) REPRESENTATION_CONTEXT
('Context #1','3D Context with UNIT and UNCERTAINTY') );
#2287 = ( LENGTH_UNIT() NAMED_UNIT(*) SI_UNIT(.MILLI.,.METRE.) );
#2288 = ( NAMED_UNIT(*) PLANE_ANGLE_UNIT() SI_UNIT($,.RADIAN.) );
#2289 = ( NAMED_UNIT(*) SI_UNIT($,.STERADIAN.) SOLID_ANGLE_UNIT() );
#2290 = UNCERTAINTY_MEASURE_WITH_UNIT(LENGTH_MEASURE(1.E-07),#2287,
  'distance_accuracy_value','confusion accuracy');
#2291 = CONTEXT_DEPENDENT_SHAPE_REPRESENTATION(#2292,#2294);
#2292 = ( REPRESENTATION_RELATIONSHIP('','',#2193,#10) 
REPRESENTATION_RELATIONSHIP_WITH_TRANSFORMATION(#2293) 
SHAPE_REPRESENTATION_RELATIONSHIP() );
#2293 = ITEM_DEFINED_TRANSFORMATION('','',#11,#19);
#2294 = PRODUCT_DEFINITION_SHAPE('Placement','Placement of an item',
  #2295);
#2295 = NEXT_ASSEMBLY_USAGE_OCCURRENCE('2','BB iso 68','',#5,#2188,$);
#2296 = PRODUCT_RELATED_PRODUCT_CATEGORY('part',$,(#2190));
#2297 = SHAPE_DEFINITION_REPRESENTATION(#2298,#2304);
#2298 = PRODUCT_DEFINITION_SHAPE('','',#2299);
#2299 = PRODUCT_DEFINITION('design','',#2300,#2303);
#2300 = PRODUCT_DEFINITION_FORMATION('','',#2301);
#2301 = PRODUCT('SeatTube','SeatTube','',(#2302));
#2302 = PRODUCT_CONTEXT('',#2,'mechanical');
#2303 = PRODUCT_DEFINITION_CONTEXT('part definition',#2,'design');
#2304 = ADVANCED_BREP_SHAPE_REPRESENTATION('',(#11,#2305),#2827);
#2305 = MANIFOLD_SOLID_BREP('',#2306);
#2306 = CLOSED_SHELL('',(#2307,#2492,#2512,#2554,#2578,#2629,#2646,#2706
    ,#2730,#2783,#2800));
#2307 = ADVANCED_FACE('',(#2308,#2395),#2487,.T.);
#2308 = FACE_BOUND('',#2309,.T.);
#2309 = EDGE_LOOP('',(#2310,#2320,#2329,#2337,#2372,#2380,#2387,#2388));
#2310 = ORIENTED_EDGE('',*,*,#2311,.F.);
#2311 = EDGE_CURVE('',#2312,#2314,#2316,.T.);
#2312 = VERTEX_POINT('',#2313);
#2313 = CARTESIAN_POINT('',(-74.64162052247,413.31420068245,17.4625));
#2314 = VERTEX_POINT('',#2315);
#2315 = CARTESIAN_POINT('',(2.901186,82.708758,17.4625));
#2316 = LINE('',#2317,#2318);
#2317 = CARTESIAN_POINT('',(-74.64162052247,413.31420068245,17.4625));
#2318 = VECTOR('',#2319,1.);
#2319 = DIRECTION('',(0.228350870111,-0.973578902873,2.2E-16));
#2320 = ORIENTED_EDGE('',*,*,#2321,.F.);
#2321 = EDGE_CURVE('',#2322,#2312,#2324,.T.);
#2322 = VERTEX_POINT('',#2323);
#2323 = CARTESIAN_POINT('',(-57.92387080294,417.23531347925,-3.175));
#2324 = CIRCLE('',#2325,17.4625);
#2325 = AXIS2_PLACEMENT_3D('',#2326,#2327,#2328);
#2326 = CARTESIAN_POINT('',(-74.64162052247,413.31420068245,
    -1.758354689247E-15));
#2327 = DIRECTION('',(-0.228350870111,0.973578902873,1.629777571435E-16)
  );
#2328 = DIRECTION('',(2.893635839087E-16,-9.95310505329E-17,1.));
#2329 = ORIENTED_EDGE('',*,*,#2330,.F.);
#2330 = EDGE_CURVE('',#2331,#2322,#2333,.T.);
#2331 = VERTEX_POINT('',#2332);
#2332 = CARTESIAN_POINT('',(-52.12375870214,392.50640934631,-3.175));
#2333 = LINE('',#2334,#2335);
#2334 = CARTESIAN_POINT('',(-57.92387080294,417.23531347925,-3.175));
#2335 = VECTOR('',#2336,1.);
#2336 = DIRECTION('',(-0.228350870111,0.973578902873,-2.8E-16));
#2337 = ORIENTED_EDGE('',*,*,#2338,.F.);
#2338 = EDGE_CURVE('',#2339,#2331,#2341,.T.);
#2339 = VERTEX_POINT('',#2340);
#2340 = CARTESIAN_POINT('',(-52.12375870214,392.5064093463,3.175));
#2341 = B_SPLINE_CURVE_WITH_KNOTS('',8,(#2342,#2343,#2344,#2345,#2346,
    #2347,#2348,#2349,#2350,#2351,#2352,#2353,#2354,#2355,#2356,#2357,
    #2358,#2359,#2360,#2361,#2362,#2363,#2364,#2365,#2366,#2367,#2368,
    #2369,#2370,#2371),.UNSPECIFIED.,.F.,.F.,(9,7,7,7,9),(0.,
    0.17721927441,0.354449872642,0.646187727362,1.),.UNSPECIFIED.);
#2342 = CARTESIAN_POINT('',(-52.12375870214,392.50640934631,3.175));
#2343 = CARTESIAN_POINT('',(-52.06952427575,392.27517968943,3.175));
#2344 = CARTESIAN_POINT('',(-52.01163962634,392.04482704248,
    3.15469601126));
#2345 = CARTESIAN_POINT('',(-51.95056453855,391.81731197416,
    3.114091701855));
#2346 = CARTESIAN_POINT('',(-51.88693969535,391.59455208077,
    3.053433813693));
#2347 = CARTESIAN_POINT('',(-51.82157310952,391.37838940643,
    2.973201377291));
#2348 = CARTESIAN_POINT('',(-51.7554114125,391.17056672571,
    2.874102183167));
#2349 = CARTESIAN_POINT('',(-51.68949600063,390.97271268878,
    2.757076509844));
#2350 = CARTESIAN_POINT('',(-51.5603079497,390.59994706011,
    2.489531159635));
#2351 = CARTESIAN_POINT('',(-51.49701570941,390.42497831823,
    2.338968148895));
#2352 = CARTESIAN_POINT('',(-51.43609763755,390.26292552808,
    2.172770059902));
#2353 = CARTESIAN_POINT('',(-51.37864818918,390.11511237805,
    1.992287355115));
#2354 = CARTESIAN_POINT('',(-51.32572473042,389.98269009464,
    1.799040727491));
#2355 = CARTESIAN_POINT('',(-51.27829336619,389.86663512989,
    1.594695219046));
#2356 = CARTESIAN_POINT('',(-51.23718182029,389.76774476178,
    1.381037706264));
#2357 = CARTESIAN_POINT('',(-51.14683775255,389.55310925422,
    0.796039827843));
#2358 = CARTESIAN_POINT('',(-51.10726453686,389.46239590928,
    0.397407789171));
#2359 = CARTESIAN_POINT('',(-51.09114230454,389.42699812329,
    -2.213351231359E-02));
#2360 = CARTESIAN_POINT('',(-51.10228976342,389.45220563513,
    -0.445539504009));
#2361 = CARTESIAN_POINT('',(-51.14015306703,389.53684155299,
    -0.855051500521));
#2362 = CARTESIAN_POINT('',(-51.19929085559,389.67364890013,
    -1.233914937507));
#2363 = CARTESIAN_POINT('',(-51.27159875569,389.84866525493,
    -1.569344739511));
#2364 = CARTESIAN_POINT('',(-51.44009925442,390.27328170792,
    -2.197864390894));
#2365 = CARTESIAN_POINT('',(-51.54337075044,390.5441098071,
    -2.486417387983));
#2366 = CARTESIAN_POINT('',(-51.65042323747,390.84107409288,
    -2.720975300701));
#2367 = CARTESIAN_POINT('',(-51.7564275951,391.15624065101,
    -2.904603079452));
#2368 = CARTESIAN_POINT('',(-51.85833921204,391.48394965513,
    -3.040179994603));
#2369 = CARTESIAN_POINT('',(-51.95423631876,391.82014949732,
    -3.129920584367));
#2370 = CARTESIAN_POINT('',(-52.04294847252,392.16187317416,-3.175));
#2371 = CARTESIAN_POINT('',(-52.12375870214,392.50640934631,-3.175));
#2372 = ORIENTED_EDGE('',*,*,#2373,.T.);
#2373 = EDGE_CURVE('',#2339,#2374,#2376,.T.);
#2374 = VERTEX_POINT('',#2375);
#2375 = CARTESIAN_POINT('',(-57.92387080295,417.23531347926,3.175));
#2376 = LINE('',#2377,#2378);
#2377 = CARTESIAN_POINT('',(-57.92387080294,417.23531347925,3.175));
#2378 = VECTOR('',#2379,1.);
#2379 = DIRECTION('',(-0.228350870111,0.973578902873,-2.8E-16));
#2380 = ORIENTED_EDGE('',*,*,#2381,.F.);
#2381 = EDGE_CURVE('',#2312,#2374,#2382,.T.);
#2382 = CIRCLE('',#2383,17.4625);
#2383 = AXIS2_PLACEMENT_3D('',#2384,#2385,#2386);
#2384 = CARTESIAN_POINT('',(-74.64162052247,413.31420068245,
    -1.758354689247E-15));
#2385 = DIRECTION('',(-0.228350870111,0.973578902873,1.629777571435E-16)
  );
#2386 = DIRECTION('',(2.893635839087E-16,-9.95310505329E-17,1.));
#2387 = ORIENTED_EDGE('',*,*,#2311,.T.);
#2388 = ORIENTED_EDGE('',*,*,#2389,.T.);
#2389 = EDGE_CURVE('',#2314,#2314,#2390,.T.);
#2390 = CIRCLE('',#2391,17.4625);
#2391 = AXIS2_PLACEMENT_3D('',#2392,#2393,#2394);
#2392 = CARTESIAN_POINT('',(2.901186,82.708758,3.543E-14));
#2393 = DIRECTION('',(-0.228350870111,0.973578902873,-1.4E-16));
#2394 = DIRECTION('',(6.995160412768E-17,1.602063368546E-16,1.));
#2395 = FACE_BOUND('',#2396,.T.);
#2396 = EDGE_LOOP('',(#2397,#2436,#2444,#2481));
#2397 = ORIENTED_EDGE('',*,*,#2398,.F.);
#2398 = EDGE_CURVE('',#2399,#2401,#2403,.T.);
#2399 = VERTEX_POINT('',#2400);
#2400 = CARTESIAN_POINT('',(13.591355999476,112.05134240442,3.50012));
#2401 = VERTEX_POINT('',#2402);
#2402 = CARTESIAN_POINT('',(13.591355999476,112.05134240442,-3.50012));
#2403 = B_SPLINE_CURVE_WITH_KNOTS('',7,(#2404,#2405,#2406,#2407,#2408,
    #2409,#2410,#2411,#2412,#2413,#2414,#2415,#2416,#2417,#2418,#2419,
    #2420,#2421,#2422,#2423,#2424,#2425,#2426,#2427,#2428,#2429,#2430,
    #2431,#2432,#2433,#2434,#2435),.UNSPECIFIED.,.F.,.F.,(8,6,6,6,6,8),(
    0.,0.269185864997,0.453289048023,0.596916332456,0.731918582818,1.),
  .UNSPECIFIED.);
#2404 = CARTESIAN_POINT('',(13.591355999476,112.05134240442,3.50012));
#2405 = CARTESIAN_POINT('',(13.675018872977,111.69464392303,3.50012));
#2406 = CARTESIAN_POINT('',(13.767463266215,111.34059163437,
    3.455376920816));
#2407 = CARTESIAN_POINT('',(13.867935639022,110.9921761978,
    3.366143340826));
#2408 = CARTESIAN_POINT('',(13.975147464187,110.65249985656,
    3.231319346717));
#2409 = CARTESIAN_POINT('',(14.087025155449,110.32563433754,
    3.048864145377));
#2410 = CARTESIAN_POINT('',(14.200220151121,110.01707615877,
    2.81597994581));
#2411 = CARTESIAN_POINT('',(14.383968520698,109.54258583285,
    2.334189909772));
#2412 = CARTESIAN_POINT('',(14.457443765658,109.36045620653,
    2.111641419086));
#2413 = CARTESIAN_POINT('',(14.527304893896,109.19379813088,
    1.862168419392));
#2414 = CARTESIAN_POINT('',(14.590720742694,109.04739243146,
    1.586618127642));
#2415 = CARTESIAN_POINT('',(14.64462653674,108.9259294524,1.286676550612
    ));
#2416 = CARTESIAN_POINT('',(14.685943979119,108.83410951426,
    0.964918448792));
#2417 = CARTESIAN_POINT('',(14.732120834181,108.73214014062,
    0.359761714803));
#2418 = CARTESIAN_POINT('',(14.742767338757,108.70898490631,
    8.651502760483E-02));
#2419 = CARTESIAN_POINT('',(14.742685252478,108.70925789444,
    -0.189996500235));
#2420 = CARTESIAN_POINT('',(14.731568122825,108.73338173055,
    -0.464710944268));
#2421 = CARTESIAN_POINT('',(14.710051372044,108.7803821896,
    -0.732601235838));
#2422 = CARTESIAN_POINT('',(14.67963786037,108.84788129679,
    -0.988989799345));
#2423 = CARTESIAN_POINT('',(14.607473710456,109.01108168619,
    -1.456254039343));
#2424 = CARTESIAN_POINT('',(14.566388303247,109.10513024477,
    -1.669751085938));
#2425 = CARTESIAN_POINT('',(14.520412732368,109.21214431253,
    -1.869721064597));
#2426 = CARTESIAN_POINT('',(14.470713990023,109.33029729047,
    -2.055794265408));
#2427 = CARTESIAN_POINT('',(14.418358023634,109.45790561726,
    -2.227811206131));
#2428 = CARTESIAN_POINT('',(14.36429091611,109.5933989804,
    -2.385784782942));
#2429 = CARTESIAN_POINT('',(14.200218506007,110.01708040692,
    -2.815984259316));
#2430 = CARTESIAN_POINT('',(14.08702483429,110.3256356712,
    -3.048863082772));
#2431 = CARTESIAN_POINT('',(13.975149223871,110.65249531373,
    -3.231316104903));
#2432 = CARTESIAN_POINT('',(13.86793797015,110.99216862842,
    -3.366140611591));
#2433 = CARTESIAN_POINT('',(13.767465039915,111.34058467607,
    -3.45537626706));
#2434 = CARTESIAN_POINT('',(13.675019478509,111.69464134132,-3.50012));
#2435 = CARTESIAN_POINT('',(13.591355999476,112.05134240442,-3.50012));
#2436 = ORIENTED_EDGE('',*,*,#2437,.T.);
#2437 = EDGE_CURVE('',#2399,#2438,#2440,.T.);
#2438 = VERTEX_POINT('',#2439);
#2439 = CARTESIAN_POINT('',(10.165809792737,126.65623318536,3.50012));
#2440 = LINE('',#2441,#2442);
#2441 = CARTESIAN_POINT('',(-57.98550739178,417.22085674785,3.50012));
#2442 = VECTOR('',#2443,1.);
#2443 = DIRECTION('',(-0.228350870111,0.973578902873,-2.8E-16));
#2444 = ORIENTED_EDGE('',*,*,#2445,.F.);
#2445 = EDGE_CURVE('',#2446,#2438,#2448,.T.);
#2446 = VERTEX_POINT('',#2447);
#2447 = CARTESIAN_POINT('',(10.165809792737,126.65623318536,-3.50012));
#2448 = B_SPLINE_CURVE_WITH_KNOTS('',7,(#2449,#2450,#2451,#2452,#2453,
    #2454,#2455,#2456,#2457,#2458,#2459,#2460,#2461,#2462,#2463,#2464,
    #2465,#2466,#2467,#2468,#2469,#2470,#2471,#2472,#2473,#2474,#2475,
    #2476,#2477,#2478,#2479,#2480),.UNSPECIFIED.,.F.,.F.,(8,6,6,6,6,8),(
    0.,0.26924120008,0.45329967207,0.596924166188,0.731923793756,1.),
  .UNSPECIFIED.);
#2449 = CARTESIAN_POINT('',(10.165809792737,126.65623318536,-3.50012));
#2450 = CARTESIAN_POINT('',(10.082146920075,127.01293166318,-3.50012));
#2451 = CARTESIAN_POINT('',(10.007526343828,127.37116450857,
    -3.45537691814));
#2452 = CARTESIAN_POINT('',(9.94260287678,127.72791782584,
    -3.366143349524));
#2453 = CARTESIAN_POINT('',(9.887601710595,128.07984011673,
    -3.231319334412));
#2454 = CARTESIAN_POINT('',(9.842475971006,128.42236212681,
    -3.048864154306));
#2455 = CARTESIAN_POINT('',(9.806670236824,128.74907180931,
    -2.81597994287));
#2456 = CARTESIAN_POINT('',(9.760289168815,129.25568709226,
    -2.334277640678));
#2457 = CARTESIAN_POINT('',(9.745116967305,129.45150432632,
    -2.111750423533));
#2458 = CARTESIAN_POINT('',(9.73358617711,129.63189582434,
    -1.862240508782));
#2459 = CARTESIAN_POINT('',(9.725289582304,129.79127488007,
    -1.586620508928));
#2460 = CARTESIAN_POINT('',(9.719566926704,129.924053251,-1.286614812447
    ));
#2461 = CARTESIAN_POINT('',(9.715749696821,130.02465288399,
    -0.964842492384));
#2462 = CARTESIAN_POINT('',(9.711772177533,130.13650586434,
    -0.359761714803));
#2463 = CARTESIAN_POINT('',(9.711012745133,130.16198009049,
    -8.651502760487E-02));
#2464 = CARTESIAN_POINT('',(9.711060599614,130.16169907337,
    0.189996500235));
#2465 = CARTESIAN_POINT('',(9.711829162035,130.13514800273,
    0.464710944268));
#2466 = CARTESIAN_POINT('',(9.713454412848,130.08348203448,
    0.732601235838));
#2467 = CARTESIAN_POINT('',(9.716225150393,130.00949937315,
    0.988989799345));
#2468 = CARTESIAN_POINT('',(9.724151507028,129.83123214539,
    1.456254039273));
#2469 = CARTESIAN_POINT('',(9.729168122314,129.72872372803,
    1.669751085933));
#2470 = CARTESIAN_POINT('',(9.735569481991,129.61242761279,
    1.869721064649));
#2471 = CARTESIAN_POINT('',(9.743588704523,129.48449879172,
    2.055794265454));
#2472 = CARTESIAN_POINT('',(9.753432000955,129.34691920825,
    2.227811206123));
#2473 = CARTESIAN_POINT('',(9.765248572694,129.20151607147,2.38578478289
    ));
#2474 = CARTESIAN_POINT('',(9.806670652168,128.74906727255,
    2.815984256527));
#2475 = CARTESIAN_POINT('',(9.842476276294,128.4223607899,3.048863091245
    ));
#2476 = CARTESIAN_POINT('',(9.887601266873,128.07984496776,
    3.231316093206));
#2477 = CARTESIAN_POINT('',(9.942601599282,127.7279256422,3.366140619885
    ));
#2478 = CARTESIAN_POINT('',(10.00752483849,127.37117153044,
    3.455376264497));
#2479 = CARTESIAN_POINT('',(10.082146314635,127.01293424449,3.50012));
#2480 = CARTESIAN_POINT('',(10.165809792737,126.65623318536,3.50012));
#2481 = ORIENTED_EDGE('',*,*,#2482,.F.);
#2482 = EDGE_CURVE('',#2401,#2446,#2483,.T.);
#2483 = LINE('',#2484,#2485);
#2484 = CARTESIAN_POINT('',(-57.98550739178,417.22085674785,-3.50012));
#2485 = VECTOR('',#2486,1.);
#2486 = DIRECTION('',(-0.228350870111,0.973578902873,-2.8E-16));
#2487 = CYLINDRICAL_SURFACE('',#2488,17.4625);
#2488 = AXIS2_PLACEMENT_3D('',#2489,#2490,#2491);
#2489 = CARTESIAN_POINT('',(-74.64162052247,413.31420068245,-6.E-14));
#2490 = DIRECTION('',(-0.228350870111,0.973578902873,-2.8E-16));
#2491 = DIRECTION('',(4.067126845154E-17,2.971380323523E-16,1.));
#2492 = ADVANCED_FACE('',(#2493,#2496),#2507,.T.);
#2493 = FACE_BOUND('',#2494,.T.);
#2494 = EDGE_LOOP('',(#2495));
#2495 = ORIENTED_EDGE('',*,*,#2389,.F.);
#2496 = FACE_BOUND('',#2497,.T.);
#2497 = EDGE_LOOP('',(#2498));
#2498 = ORIENTED_EDGE('',*,*,#2499,.T.);
#2499 = EDGE_CURVE('',#2500,#2500,#2502,.T.);
#2500 = VERTEX_POINT('',#2501);
#2501 = CARTESIAN_POINT('',(2.901186,82.708758,15.9893));
#2502 = CIRCLE('',#2503,15.9893);
#2503 = AXIS2_PLACEMENT_3D('',#2504,#2505,#2506);
#2504 = CARTESIAN_POINT('',(2.901186,82.708758,3.543E-14));
#2505 = DIRECTION('',(-0.228350870111,0.973578902873,-1.4E-16));
#2506 = DIRECTION('',(6.995160412768E-17,1.602063368546E-16,1.));
#2507 = PLANE('',#2508);
#2508 = AXIS2_PLACEMENT_3D('',#2509,#2510,#2511);
#2509 = CARTESIAN_POINT('',(21.849466370748,87.153037037879,-20.));
#2510 = DIRECTION('',(0.228350870111,-0.973578902873,2.2E-16));
#2511 = DIRECTION('',(-0.973578902873,-0.228350870111,6.2E-16));
#2512 = ADVANCED_FACE('',(#2513),#2549,.T.);
#2513 = FACE_BOUND('',#2514,.T.);
#2514 = EDGE_LOOP('',(#2515,#2516,#2517,#2525,#2534,#2543));
#2515 = ORIENTED_EDGE('',*,*,#2321,.T.);
#2516 = ORIENTED_EDGE('',*,*,#2381,.T.);
#2517 = ORIENTED_EDGE('',*,*,#2518,.F.);
#2518 = EDGE_CURVE('',#2519,#2374,#2521,.T.);
#2519 = VERTEX_POINT('',#2520);
#2520 = CARTESIAN_POINT('',(-59.38476343146,416.89266420669,3.175));
#2521 = LINE('',#2522,#2523);
#2522 = CARTESIAN_POINT('',(-74.64162052248,413.31420068248,3.175));
#2523 = VECTOR('',#2524,1.);
#2524 = DIRECTION('',(0.973578902873,0.228350870111,-2.5E-16));
#2525 = ORIENTED_EDGE('',*,*,#2526,.F.);
#2526 = EDGE_CURVE('',#2527,#2519,#2529,.T.);
#2527 = VERTEX_POINT('',#2528);
#2528 = CARTESIAN_POINT('',(-74.64162052247,413.31420068245,15.9893));
#2529 = CIRCLE('',#2530,15.9893);
#2530 = AXIS2_PLACEMENT_3D('',#2531,#2532,#2533);
#2531 = CARTESIAN_POINT('',(-74.64162052247,413.31420068245,
    -1.758354689247E-15));
#2532 = DIRECTION('',(-0.228350870111,0.973578902873,1.629777571435E-16)
  );
#2533 = DIRECTION('',(2.893635839087E-16,-9.95310505329E-17,1.));
#2534 = ORIENTED_EDGE('',*,*,#2535,.F.);
#2535 = EDGE_CURVE('',#2536,#2527,#2538,.T.);
#2536 = VERTEX_POINT('',#2537);
#2537 = CARTESIAN_POINT('',(-59.38476343145,416.89266420668,-3.175));
#2538 = CIRCLE('',#2539,15.9893);
#2539 = AXIS2_PLACEMENT_3D('',#2540,#2541,#2542);
#2540 = CARTESIAN_POINT('',(-74.64162052247,413.31420068245,
    -1.758354689247E-15));
#2541 = DIRECTION('',(-0.228350870111,0.973578902873,1.629777571435E-16)
  );
#2542 = DIRECTION('',(2.893635839087E-16,-9.95310505329E-17,1.));
#2543 = ORIENTED_EDGE('',*,*,#2544,.T.);
#2544 = EDGE_CURVE('',#2536,#2322,#2545,.T.);
#2545 = LINE('',#2546,#2547);
#2546 = CARTESIAN_POINT('',(-74.64162052247,413.31420068245,-3.175));
#2547 = VECTOR('',#2548,1.);
#2548 = DIRECTION('',(0.973578902873,0.228350870111,-2.5E-16));
#2549 = PLANE('',#2550);
#2550 = AXIS2_PLACEMENT_3D('',#2551,#2552,#2553);
#2551 = CARTESIAN_POINT('',(-74.64162052247,413.31420068245,
    3.410605131648E-13));
#2552 = DIRECTION('',(-0.228350870111,0.973578902873,-1.387778780781E-16
    ));
#2553 = DIRECTION('',(0.973578902873,0.228350870111,-7.771561172376E-16)
  );
#2554 = ADVANCED_FACE('',(#2555),#2573,.T.);
#2555 = FACE_BOUND('',#2556,.T.);
#2556 = EDGE_LOOP('',(#2557,#2565,#2566,#2567));
#2557 = ORIENTED_EDGE('',*,*,#2558,.T.);
#2558 = EDGE_CURVE('',#2559,#2519,#2561,.T.);
#2559 = VERTEX_POINT('',#2560);
#2560 = CARTESIAN_POINT('',(-53.58465133065,392.16376007373,3.175));
#2561 = LINE('',#2562,#2563);
#2562 = CARTESIAN_POINT('',(-59.38476343145,416.89266420668,3.175));
#2563 = VECTOR('',#2564,1.);
#2564 = DIRECTION('',(-0.228350870111,0.973578902873,-2.8E-16));
#2565 = ORIENTED_EDGE('',*,*,#2518,.T.);
#2566 = ORIENTED_EDGE('',*,*,#2373,.F.);
#2567 = ORIENTED_EDGE('',*,*,#2568,.F.);
#2568 = EDGE_CURVE('',#2559,#2339,#2569,.T.);
#2569 = LINE('',#2570,#2571);
#2570 = CARTESIAN_POINT('',(-68.84150842167,388.5852965495,3.175));
#2571 = VECTOR('',#2572,1.);
#2572 = DIRECTION('',(0.973578902873,0.228350870111,-2.5E-16));
#2573 = PLANE('',#2574);
#2574 = AXIS2_PLACEMENT_3D('',#2575,#2576,#2577);
#2575 = CARTESIAN_POINT('',(-74.64162052248,413.31420068248,3.175));
#2576 = DIRECTION('',(-2.2E-16,-1.7E-16,-1.));
#2577 = DIRECTION('',(0.228350870111,-0.973578902873,1.152712220641E-16)
  );
#2578 = ADVANCED_FACE('',(#2579),#2624,.F.);
#2579 = FACE_BOUND('',#2580,.T.);
#2580 = EDGE_LOOP('',(#2581,#2616,#2617,#2618));
#2581 = ORIENTED_EDGE('',*,*,#2582,.F.);
#2582 = EDGE_CURVE('',#2559,#2583,#2585,.T.);
#2583 = VERTEX_POINT('',#2584);
#2584 = CARTESIAN_POINT('',(-53.58465133065,392.16376007374,-3.175));
#2585 = B_SPLINE_CURVE_WITH_KNOTS('',8,(#2586,#2587,#2588,#2589,#2590,
    #2591,#2592,#2593,#2594,#2595,#2596,#2597,#2598,#2599,#2600,#2601,
    #2602,#2603,#2604,#2605,#2606,#2607,#2608,#2609,#2610,#2611,#2612,
    #2613,#2614,#2615),.UNSPECIFIED.,.F.,.F.,(9,7,7,7,9),(0.,
    0.177203690671,0.354420967631,0.646122568275,1.),.UNSPECIFIED.);
#2586 = CARTESIAN_POINT('',(-53.58465133065,392.16376007374,3.175));
#2587 = CARTESIAN_POINT('',(-53.53041622822,391.93252753456,3.175));
#2588 = CARTESIAN_POINT('',(-53.47218114612,391.70225592152,
    3.154694858239));
#2589 = CARTESIAN_POINT('',(-53.4104076682,391.47491069067,3.11409175047
    ));
#2590 = CARTESIAN_POINT('',(-53.34575246225,391.2523965688,
    3.053435439722));
#2591 = CARTESIAN_POINT('',(-53.27905795151,391.03654211204,
    2.973202710225));
#2592 = CARTESIAN_POINT('',(-53.21132287772,390.82908246858,
    2.874101473714));
#2593 = CARTESIAN_POINT('',(-53.14365275582,390.63164034559,
    2.757074548089));
#2594 = CARTESIAN_POINT('',(-53.01072258915,390.25975575922,
    2.489531412886));
#2595 = CARTESIAN_POINT('',(-52.94544093826,390.0852527676,2.33896792396
    ));
#2596 = CARTESIAN_POINT('',(-52.88248190186,389.92367820396,
    2.172769191783));
#2597 = CARTESIAN_POINT('',(-52.82301065742,389.77633960555,
    1.992286404503));
#2598 = CARTESIAN_POINT('',(-52.76815388994,389.64437159781,
    1.799040580807));
#2599 = CARTESIAN_POINT('',(-52.71894104334,389.52873509976,
    1.594696375766));
#2600 = CARTESIAN_POINT('',(-52.67625385914,389.43021418542,
    1.381039500028));
#2601 = CARTESIAN_POINT('',(-52.58240075433,389.21640700626,
    0.796054747134));
#2602 = CARTESIAN_POINT('',(-52.54121588224,389.12603734105,
    0.397349941449));
#2603 = CARTESIAN_POINT('',(-52.52441374319,389.09079608734,
    -2.230293591206E-02));
#2604 = CARTESIAN_POINT('',(-52.53603399589,389.11593155085,
    -0.44581930958));
#2605 = CARTESIAN_POINT('',(-52.57549286104,389.2002658435,
    -0.855418864896));
#2606 = CARTESIAN_POINT('',(-52.63703553417,389.33660226709,
    -1.234301577264));
#2607 = CARTESIAN_POINT('',(-52.71210465342,389.51100871639,
    -1.569630562606));
#2608 = CARTESIAN_POINT('',(-52.88655526163,389.93384092561,
    -2.19762390636));
#2609 = CARTESIAN_POINT('',(-52.99329402063,390.20365978238,
    -2.486066372297));
#2610 = CARTESIAN_POINT('',(-53.10365239425,390.4996943575,
    -2.720624122628));
#2611 = CARTESIAN_POINT('',(-53.21254250362,390.81411172018,
    -2.904329421237));
#2612 = CARTESIAN_POINT('',(-53.31674911648,391.14131189607,
    -3.040017800033));
#2613 = CARTESIAN_POINT('',(-53.41424166369,391.47726547839,
    -3.129860847934));
#2614 = CARTESIAN_POINT('',(-53.50378756424,391.81899564632,-3.175));
#2615 = CARTESIAN_POINT('',(-53.58465133065,392.16376007374,-3.175));
#2616 = ORIENTED_EDGE('',*,*,#2568,.T.);
#2617 = ORIENTED_EDGE('',*,*,#2338,.T.);
#2618 = ORIENTED_EDGE('',*,*,#2619,.F.);
#2619 = EDGE_CURVE('',#2583,#2331,#2620,.T.);
#2620 = LINE('',#2621,#2622);
#2621 = CARTESIAN_POINT('',(-68.84150842167,388.58529654952,-3.175));
#2622 = VECTOR('',#2623,1.);
#2623 = DIRECTION('',(0.973578902873,0.228350870111,-2.5E-16));
#2624 = CYLINDRICAL_SURFACE('',#2625,3.175);
#2625 = AXIS2_PLACEMENT_3D('',#2626,#2627,#2628);
#2626 = CARTESIAN_POINT('',(-68.84150842167,388.58529654952,2.83E-15));
#2627 = DIRECTION('',(-0.973578902873,-0.228350870111,-1.E-17));
#2628 = DIRECTION('',(-4.791380935754E-17,1.604893115977E-16,1.));
#2629 = ADVANCED_FACE('',(#2630),#2641,.F.);
#2630 = FACE_BOUND('',#2631,.F.);
#2631 = EDGE_LOOP('',(#2632,#2638,#2639,#2640));
#2632 = ORIENTED_EDGE('',*,*,#2633,.T.);
#2633 = EDGE_CURVE('',#2583,#2536,#2634,.T.);
#2634 = LINE('',#2635,#2636);
#2635 = CARTESIAN_POINT('',(-59.38476343145,416.89266420668,-3.175));
#2636 = VECTOR('',#2637,1.);
#2637 = DIRECTION('',(-0.228350870111,0.973578902873,-2.8E-16));
#2638 = ORIENTED_EDGE('',*,*,#2544,.T.);
#2639 = ORIENTED_EDGE('',*,*,#2330,.F.);
#2640 = ORIENTED_EDGE('',*,*,#2619,.F.);
#2641 = PLANE('',#2642);
#2642 = AXIS2_PLACEMENT_3D('',#2643,#2644,#2645);
#2643 = CARTESIAN_POINT('',(-74.64162052247,413.31420068245,-3.175));
#2644 = DIRECTION('',(-2.2E-16,-1.7E-16,-1.));
#2645 = DIRECTION('',(0.228350870111,-0.973578902873,1.152712220641E-16)
  );
#2646 = ADVANCED_FACE('',(#2647),#2701,.F.);
#2647 = FACE_BOUND('',#2648,.T.);
#2648 = EDGE_LOOP('',(#2649,#2688,#2694,#2695));
#2649 = ORIENTED_EDGE('',*,*,#2650,.F.);
#2650 = EDGE_CURVE('',#2651,#2653,#2655,.T.);
#2651 = VERTEX_POINT('',#2652);
#2652 = CARTESIAN_POINT('',(12.124536375507,111.70730296762,3.50012));
#2653 = VERTEX_POINT('',#2654);
#2654 = CARTESIAN_POINT('',(12.124536375507,111.70730296762,-3.50012));
#2655 = B_SPLINE_CURVE_WITH_KNOTS('',7,(#2656,#2657,#2658,#2659,#2660,
    #2661,#2662,#2663,#2664,#2665,#2666,#2667,#2668,#2669,#2670,#2671,
    #2672,#2673,#2674,#2675,#2676,#2677,#2678,#2679,#2680,#2681,#2682,
    #2683,#2684,#2685,#2686,#2687),.UNSPECIFIED.,.F.,.F.,(8,6,6,6,6,8),(
    0.,0.275895272395,0.440731381003,0.590264133444,0.72447470346,1.),
  .UNSPECIFIED.);
#2656 = CARTESIAN_POINT('',(12.124536375507,111.70730296762,3.50012));
#2657 = CARTESIAN_POINT('',(12.210519167024,111.34071346529,3.50012));
#2658 = CARTESIAN_POINT('',(12.306668616044,110.97720723419,
    3.452861069261));
#2659 = CARTESIAN_POINT('',(12.412153248578,110.62003122975,
    3.358652616765));
#2660 = CARTESIAN_POINT('',(12.52548495499,110.27254058919,
    3.216296065854));
#2661 = CARTESIAN_POINT('',(12.644230575456,109.93917629858,
    3.023573491056));
#2662 = CARTESIAN_POINT('',(12.764417463703,109.62595364728,
    2.777441982889));
#2663 = CARTESIAN_POINT('',(12.948464404109,109.17280338133,
    2.294237165141));
#2664 = CARTESIAN_POINT('',(13.016009402069,109.01267544812,
    2.092124915447));
#2665 = CARTESIAN_POINT('',(13.080422854204,108.86523146764,
    1.86860682416));
#2666 = CARTESIAN_POINT('',(13.139605342854,108.73379352644,
    1.624199092596));
#2667 = CARTESIAN_POINT('',(13.191274859894,108.62169172486,
    1.359931554977));
#2668 = CARTESIAN_POINT('',(13.233090583774,108.53233223447,
    1.077394510751));
#2669 = CARTESIAN_POINT('',(13.289799870498,108.41215102848,
    0.508022256008));
#2670 = CARTESIAN_POINT('',(13.306631756681,108.3770910531,
    0.226038620819));
#2671 = CARTESIAN_POINT('',(13.31159447302,108.36694400455,
    -6.174225673605E-02));
#2672 = CARTESIAN_POINT('',(13.303964000316,108.38270805208,
    -0.349502419944));
#2673 = CARTESIAN_POINT('',(13.284224442532,108.42368887079,
    -0.6313686272));
#2674 = CARTESIAN_POINT('',(13.254005661024,108.48749107934,
    -0.90180814654));
#2675 = CARTESIAN_POINT('',(13.181420179037,108.64383491387,
    -1.384176585306));
#2676 = CARTESIAN_POINT('',(13.140521019519,108.73296626477,
    -1.599891185363));
#2677 = CARTESIAN_POINT('',(13.094325806806,108.83531008159,
    -1.802444759872));
#2678 = CARTESIAN_POINT('',(13.04406057079,108.94905765924,
    -1.991379350453));
#2679 = CARTESIAN_POINT('',(12.990861940089,109.0725211039,
    -2.166454591305));
#2680 = CARTESIAN_POINT('',(12.935751501937,109.20410439067,
    -2.327614169745));
#2681 = CARTESIAN_POINT('',(12.764415632458,109.62595815607,
    -2.777446790719));
#2682 = CARTESIAN_POINT('',(12.644230183446,109.93917783171,
    -3.023572343306));
#2683 = CARTESIAN_POINT('',(12.525486882662,110.27253587171,
    -3.216292590843));
#2684 = CARTESIAN_POINT('',(12.412155742357,110.62002337091,
    -3.358649689799));
#2685 = CARTESIAN_POINT('',(12.306670477463,110.97719999145,
    -3.452860388455));
#2686 = CARTESIAN_POINT('',(12.210519779666,111.34071085327,-3.50012));
#2687 = CARTESIAN_POINT('',(12.124536375507,111.70730296762,-3.50012));
#2688 = ORIENTED_EDGE('',*,*,#2689,.T.);
#2689 = EDGE_CURVE('',#2651,#2399,#2690,.T.);
#2690 = LINE('',#2691,#2692);
#2691 = CARTESIAN_POINT('',(-3.064757131212,108.14468633902,3.50012));
#2692 = VECTOR('',#2693,1.);
#2693 = DIRECTION('',(0.973578902873,0.228350870111,-2.5E-16));
#2694 = ORIENTED_EDGE('',*,*,#2398,.T.);
#2695 = ORIENTED_EDGE('',*,*,#2696,.F.);
#2696 = EDGE_CURVE('',#2653,#2401,#2697,.T.);
#2697 = LINE('',#2698,#2699);
#2698 = CARTESIAN_POINT('',(-3.064757131212,108.14468633902,-3.50012));
#2699 = VECTOR('',#2700,1.);
#2700 = DIRECTION('',(0.973578902873,0.228350870111,-2.5E-16));
#2701 = CYLINDRICAL_SURFACE('',#2702,3.50012);
#2702 = AXIS2_PLACEMENT_3D('',#2703,#2704,#2705);
#2703 = CARTESIAN_POINT('',(-3.064757131212,108.14468633902,3.493E-14));
#2704 = DIRECTION('',(-0.973578902873,-0.228350870111,-1.E-17));
#2705 = DIRECTION('',(-4.791380935754E-17,1.604893115977E-16,1.));
#2706 = ADVANCED_FACE('',(#2707),#2725,.T.);
#2707 = FACE_BOUND('',#2708,.T.);
#2708 = EDGE_LOOP('',(#2709,#2717,#2718,#2719));
#2709 = ORIENTED_EDGE('',*,*,#2710,.F.);
#2710 = EDGE_CURVE('',#2653,#2711,#2713,.T.);
#2711 = VERTEX_POINT('',#2712);
#2712 = CARTESIAN_POINT('',(8.698990168768,126.31219374855,-3.50012));
#2713 = LINE('',#2714,#2715);
#2714 = CARTESIAN_POINT('',(-59.45232701575,416.87681731105,-3.50012));
#2715 = VECTOR('',#2716,1.);
#2716 = DIRECTION('',(-0.228350870111,0.973578902873,-2.8E-16));
#2717 = ORIENTED_EDGE('',*,*,#2696,.T.);
#2718 = ORIENTED_EDGE('',*,*,#2482,.T.);
#2719 = ORIENTED_EDGE('',*,*,#2720,.F.);
#2720 = EDGE_CURVE('',#2711,#2446,#2721,.T.);
#2721 = LINE('',#2722,#2723);
#2722 = CARTESIAN_POINT('',(-6.490303337951,122.74957711996,-3.50012));
#2723 = VECTOR('',#2724,1.);
#2724 = DIRECTION('',(0.973578902873,0.228350870111,-2.5E-16));
#2725 = PLANE('',#2726);
#2726 = AXIS2_PLACEMENT_3D('',#2727,#2728,#2729);
#2727 = CARTESIAN_POINT('',(-3.064757131212,108.14468633902,-3.50012));
#2728 = DIRECTION('',(2.2E-16,1.7E-16,1.));
#2729 = DIRECTION('',(-0.228350870111,0.973578902873,-1.152712220641E-16
    ));
#2730 = ADVANCED_FACE('',(#2731),#2778,.F.);
#2731 = FACE_BOUND('',#2732,.T.);
#2732 = EDGE_LOOP('',(#2733,#2770,#2771,#2772));
#2733 = ORIENTED_EDGE('',*,*,#2734,.F.);
#2734 = EDGE_CURVE('',#2711,#2735,#2737,.T.);
#2735 = VERTEX_POINT('',#2736);
#2736 = CARTESIAN_POINT('',(8.698990168768,126.31219374855,3.50012));
#2737 = B_SPLINE_CURVE_WITH_KNOTS('',7,(#2738,#2739,#2740,#2741,#2742,
    #2743,#2744,#2745,#2746,#2747,#2748,#2749,#2750,#2751,#2752,#2753,
    #2754,#2755,#2756,#2757,#2758,#2759,#2760,#2761,#2762,#2763,#2764,
    #2765,#2766,#2767,#2768,#2769),.UNSPECIFIED.,.F.,.F.,(8,6,6,6,6,8),(
    0.,0.275940709611,0.440739326488,0.590269954529,0.724478617826,1.),
  .UNSPECIFIED.);
#2738 = CARTESIAN_POINT('',(8.698990168768,126.31219374855,-3.50012));
#2739 = CARTESIAN_POINT('',(8.61300737625,126.67878325516,-3.50012));
#2740 = CARTESIAN_POINT('',(8.537501914561,127.04713146803,
    -3.452861072562));
#2741 = CARTESIAN_POINT('',(8.473172715458,127.41396043979,
    -3.358652606038));
#2742 = CARTESIAN_POINT('',(8.420178703526,127.77560309912,
    -3.216296081022));
#2743 = CARTESIAN_POINT('',(8.378315055351,128.12699993849,
    -3.023573480057));
#2744 = CARTESIAN_POINT('',(8.346698056901,128.4609964506,
    -2.777441986506));
#2745 = CARTESIAN_POINT('',(8.310069887589,128.94865070401,
    -2.29430801916));
#2746 = CARTESIAN_POINT('',(8.299369733132,129.12212070284,
    -2.092210931838));
#2747 = CARTESIAN_POINT('',(8.291504151186,129.28286838851,
    -1.868661544927));
#2748 = CARTESIAN_POINT('',(8.286071696367,129.42694973433,
    -1.624197376371));
#2749 = CARTESIAN_POINT('',(8.282508435719,129.55034776713,
    -1.359878670702));
#2750 = CARTESIAN_POINT('',(8.28023123377,129.64896942741,
    -1.077330847729));
#2751 = CARTESIAN_POINT('',(8.277589912108,129.78181723511,
    -0.508022256008));
#2752 = CARTESIAN_POINT('',(8.277077532075,129.8207049161,
    -0.226038620819));
#2753 = CARTESIAN_POINT('',(8.277010960712,129.83200034509,
    6.174225673593E-02));
#2754 = CARTESIAN_POINT('',(8.277185506673,129.81448752572,
    0.349502419944));
#2755 = CARTESIAN_POINT('',(8.277726066295,129.76900362265,0.6313686272)
  );
#2756 = CARTESIAN_POINT('',(8.279027454748,129.69841890079,0.90180814654
    ));
#2757 = CARTESIAN_POINT('',(8.283527753791,129.52610583077,
    1.384176585306));
#2758 = CARTESIAN_POINT('',(8.286524829806,129.42808462645,
    1.599891185363));
#2759 = CARTESIAN_POINT('',(8.290652895844,129.31587404945,
    1.802444759872));
#2760 = CARTESIAN_POINT('',(8.296205907381,129.19163931423,
    1.991379350453));
#2761 = CARTESIAN_POINT('',(8.303451459074,129.05739767219,
    2.166454591305));
#2762 = CARTESIAN_POINT('',(8.312594949798,128.91503293524,
    2.327614169745));
#2763 = CARTESIAN_POINT('',(8.346698421126,128.46099160144,
    2.777446790719));
#2764 = CARTESIAN_POINT('',(8.378315387636,128.12699837578,
    3.023572343306));
#2765 = CARTESIAN_POINT('',(8.420178328526,127.77560821015,
    3.216292590843));
#2766 = CARTESIAN_POINT('',(8.473171459822,127.41396855871,
    3.358649689799));
#2767 = CARTESIAN_POINT('',(8.5375003582,127.04713879955,3.452860388455)
  );
#2768 = CARTESIAN_POINT('',(8.61300676461,126.6787858629,3.50012));
#2769 = CARTESIAN_POINT('',(8.698990168768,126.31219374855,3.50012));
#2770 = ORIENTED_EDGE('',*,*,#2720,.T.);
#2771 = ORIENTED_EDGE('',*,*,#2445,.T.);
#2772 = ORIENTED_EDGE('',*,*,#2773,.F.);
#2773 = EDGE_CURVE('',#2735,#2438,#2774,.T.);
#2774 = LINE('',#2775,#2776);
#2775 = CARTESIAN_POINT('',(-6.490303337951,122.74957711996,3.50012));
#2776 = VECTOR('',#2777,1.);
#2777 = DIRECTION('',(0.973578902873,0.228350870111,-2.5E-16));
#2778 = CYLINDRICAL_SURFACE('',#2779,3.50012);
#2779 = AXIS2_PLACEMENT_3D('',#2780,#2781,#2782);
#2780 = CARTESIAN_POINT('',(-6.490303337951,122.74957711996,3.316E-14));
#2781 = DIRECTION('',(-0.973578902873,-0.228350870111,-1.E-17));
#2782 = DIRECTION('',(-4.791380935754E-17,1.604893115977E-16,1.));
#2783 = ADVANCED_FACE('',(#2784),#2795,.F.);
#2784 = FACE_BOUND('',#2785,.F.);
#2785 = EDGE_LOOP('',(#2786,#2792,#2793,#2794));
#2786 = ORIENTED_EDGE('',*,*,#2787,.F.);
#2787 = EDGE_CURVE('',#2651,#2735,#2788,.T.);
#2788 = LINE('',#2789,#2790);
#2789 = CARTESIAN_POINT('',(-59.45232701575,416.87681731105,3.50012));
#2790 = VECTOR('',#2791,1.);
#2791 = DIRECTION('',(-0.228350870111,0.973578902873,-2.8E-16));
#2792 = ORIENTED_EDGE('',*,*,#2689,.T.);
#2793 = ORIENTED_EDGE('',*,*,#2437,.T.);
#2794 = ORIENTED_EDGE('',*,*,#2773,.F.);
#2795 = PLANE('',#2796);
#2796 = AXIS2_PLACEMENT_3D('',#2797,#2798,#2799);
#2797 = CARTESIAN_POINT('',(-3.064757131212,108.14468633902,3.50012));
#2798 = DIRECTION('',(2.2E-16,1.7E-16,1.));
#2799 = DIRECTION('',(-0.228350870111,0.973578902873,-1.152712220641E-16
    ));
#2800 = ADVANCED_FACE('',(#2801,#2816),#2822,.F.);
#2801 = FACE_BOUND('',#2802,.F.);
#2802 = EDGE_LOOP('',(#2803,#2809,#2810,#2811,#2812,#2813,#2814,#2815));
#2803 = ORIENTED_EDGE('',*,*,#2804,.F.);
#2804 = EDGE_CURVE('',#2527,#2500,#2805,.T.);
#2805 = LINE('',#2806,#2807);
#2806 = CARTESIAN_POINT('',(-74.64162052247,413.31420068245,15.9893));
#2807 = VECTOR('',#2808,1.);
#2808 = DIRECTION('',(0.228350870111,-0.973578902873,2.2E-16));
#2809 = ORIENTED_EDGE('',*,*,#2535,.F.);
#2810 = ORIENTED_EDGE('',*,*,#2633,.F.);
#2811 = ORIENTED_EDGE('',*,*,#2582,.F.);
#2812 = ORIENTED_EDGE('',*,*,#2558,.T.);
#2813 = ORIENTED_EDGE('',*,*,#2526,.F.);
#2814 = ORIENTED_EDGE('',*,*,#2804,.T.);
#2815 = ORIENTED_EDGE('',*,*,#2499,.T.);
#2816 = FACE_BOUND('',#2817,.F.);
#2817 = EDGE_LOOP('',(#2818,#2819,#2820,#2821));
#2818 = ORIENTED_EDGE('',*,*,#2650,.F.);
#2819 = ORIENTED_EDGE('',*,*,#2787,.T.);
#2820 = ORIENTED_EDGE('',*,*,#2734,.F.);
#2821 = ORIENTED_EDGE('',*,*,#2710,.F.);
#2822 = CYLINDRICAL_SURFACE('',#2823,15.9893);
#2823 = AXIS2_PLACEMENT_3D('',#2824,#2825,#2826);
#2824 = CARTESIAN_POINT('',(-74.64162052247,413.31420068245,-6.E-14));
#2825 = DIRECTION('',(-0.228350870111,0.973578902873,-2.8E-16));
#2826 = DIRECTION('',(4.067126845154E-17,2.971380323523E-16,1.));
#2827 = ( GEOMETRIC_REPRESENTATION_CONTEXT(3) 
GLOBAL_UNCERTAINTY_ASSIGNED_CONTEXT((#2831)) 
GLOBAL_UNIT_ASSIGNED_CONTEXT((#2828,#2829,#2830)) REPRESENTATION_CONTEXT
('Context #1','3D Context with UNIT and UNCERTAINTY') );
#2828 = ( LENGTH_UNIT() NAMED_UNIT(*) SI_UNIT(.MILLI.,.METRE.) );
#2829 = ( NAMED_UNIT(*) PLANE_ANGLE_UNIT() SI_UNIT($,.RADIAN.) );
#2830 = ( NAMED_UNIT(*) SI_UNIT($,.STERADIAN.) SOLID_ANGLE_UNIT() );
#2831 = UNCERTAINTY_MEASURE_WITH_UNIT(LENGTH_MEASURE(1.E-07),#2828,
  'distance_accuracy_value','confusion accuracy');
#2832 = CONTEXT_DEPENDENT_SHAPE_REPRESENTATION(#2833,#2835);
#2833 = ( REPRESENTATION_RELATIONSHIP('','',#2304,#10) 
REPRESENTATION_RELATIONSHIP_WITH_TRANSFORMATION(#2834) 
SHAPE_REPRESENTATION_RELATIONSHIP() );
#2834 = ITEM_DEFINED_TRANSFORMATION('','',#11,#23);
#2835 = PRODUCT_DEFINITION_SHAPE('Placement','Placement of an item',
  #2836);
#2836 = NEXT_ASSEMBLY_USAGE_OCCURRENCE('3','SeatTube','',#5,#2299,$);
#2837 = PRODUCT_RELATED_PRODUCT_CATEGORY('part',$,(#2301));
#2838 = SHAPE_DEFINITION_REPRESENTATION(#2839,#2845);
#2839 = PRODUCT_DEFINITION_SHAPE('','',#2840);
#2840 = PRODUCT_DEFINITION('design','',#2841,#2844);
#2841 = PRODUCT_DEFINITION_FORMATION('','',#2842);
#2842 = PRODUCT('DownTube','DownTube','',(#2843));
#2843 = PRODUCT_CONTEXT('',#2,'mechanical');
#2844 = PRODUCT_DEFINITION_CONTEXT('part definition',#2,'design');
#2845 = ADVANCED_BREP_SHAPE_REPRESENTATION('',(#11,#2846),#4476);
#2846 = MANIFOLD_SOLID_BREP('',#2847);
#2847 = CLOSED_SHELL('',(#2848,#3534,#3728,#3813,#3898,#3940,#3981,#4062
    ,#4096,#4156,#4180,#4204,#4260,#4291,#4344,#4405,#4422));
#2848 = ADVANCED_FACE('',(#2849,#3329,#3430),#3529,.T.);
#2849 = FACE_BOUND('',#2850,.F.);
#2850 = EDGE_LOOP('',(#2851,#2944,#2952,#2983,#2991,#3022,#3030,#3039,
    #3061,#3092,#3107,#3138,#3160,#3167,#3168,#3203,#3204,#3239,#3240));
#2851 = ORIENTED_EDGE('',*,*,#2852,.F.);
#2852 = EDGE_CURVE('',#2853,#2855,#2857,.T.);
#2853 = VERTEX_POINT('',#2854);
#2854 = CARTESIAN_POINT('',(483.63121297546,502.73181673095,
    -1.136868377216E-13));
#2855 = VERTEX_POINT('',#2856);
#2856 = CARTESIAN_POINT('',(466.88514164999,540.70024306682,
    -1.136868377216E-13));
#2857 = B_SPLINE_CURVE_WITH_KNOTS('',8,(#2858,#2859,#2860,#2861,#2862,
    #2863,#2864,#2865,#2866,#2867,#2868,#2869,#2870,#2871,#2872,#2873,
    #2874,#2875,#2876,#2877,#2878,#2879,#2880,#2881,#2882,#2883,#2884,
    #2885,#2886,#2887,#2888,#2889,#2890,#2891,#2892,#2893,#2894,#2895,
    #2896,#2897,#2898,#2899,#2900,#2901,#2902,#2903,#2904,#2905,#2906,
    #2907,#2908,#2909,#2910,#2911,#2912,#2913,#2914,#2915,#2916,#2917,
    #2918,#2919,#2920,#2921,#2922,#2923,#2924,#2925,#2926,#2927,#2928,
    #2929,#2930,#2931,#2932,#2933,#2934,#2935,#2936,#2937,#2938,#2939,
    #2940,#2941,#2942,#2943),.UNSPECIFIED.,.F.,.F.,(9,7,7,7,7,7,7,7,7,7,
    7,7,9),(0.,4.216320151952E-02,0.119173962883,0.30229069184,
    0.351034635005,0.549994785877,0.588705164628,0.652664887098,
    0.713577780467,0.789133253953,0.865581203479,0.903262743502,1.),
  .UNSPECIFIED.);
#2858 = CARTESIAN_POINT('',(483.63121297546,502.73181673095,-7.917E-14)
  );
#2859 = CARTESIAN_POINT('',(483.63121297546,502.73181673095,0.445832896)
  );
#2860 = CARTESIAN_POINT('',(483.63322831243,502.75170837862,
    0.890475753076));
#2861 = CARTESIAN_POINT('',(483.63724101293,502.79130494843,
    1.332211973563));
#2862 = CARTESIAN_POINT('',(483.64318716735,502.85005490364,
    1.769325652166));
#2863 = CARTESIAN_POINT('',(483.65095914431,502.92704046684,
    2.200093613302));
#2864 = CARTESIAN_POINT('',(483.66040780529,503.0209761906,
    2.622777448455));
#2865 = CARTESIAN_POINT('',(483.67134471901,503.130207528,3.035615553522
    ));
#2866 = CARTESIAN_POINT('',(483.70582695525,503.47645813059,
    4.169603154605));
#2867 = CARTESIAN_POINT('',(483.73237355472,503.74498330916,
    4.865216251379));
#2868 = CARTESIAN_POINT('',(483.76222154988,504.05004680944,
    5.524691012093));
#2869 = CARTESIAN_POINT('',(483.79452804612,504.3846465869,
    6.149498196124));
#2870 = CARTESIAN_POINT('',(483.82858205975,504.7429721032,6.74145360072
    ));
#2871 = CARTESIAN_POINT('',(483.86380663334,505.12036847851,
    7.302644411418));
#2872 = CARTESIAN_POINT('',(483.89975088553,505.51330937483,
    7.835371068779));
#2873 = CARTESIAN_POINT('',(484.02243658469,506.88493288957,
    9.547019321423));
#2874 = CARTESIAN_POINT('',(484.11236734341,507.94075941394,
    10.624991877465));
#2875 = CARTESIAN_POINT('',(484.20047414028,509.04845205625,
    11.587912425177));
#2876 = CARTESIAN_POINT('',(484.28291282207,510.18314525391,
    12.449862235325));
#2877 = CARTESIAN_POINT('',(484.35722526535,511.33167707042,
    13.225492112465));
#2878 = CARTESIAN_POINT('',(484.42165843438,512.49158854824,
    13.929194660495));
#2879 = CARTESIAN_POINT('',(484.47453643363,513.66992476262,
    14.574143150605));
#2880 = CARTESIAN_POINT('',(484.52177026438,515.20311774468,
    15.329166379594));
#2881 = CARTESIAN_POINT('',(484.53055484925,515.5263880838,
    15.483778714581));
#2882 = CARTESIAN_POINT('',(484.53812548847,515.85055221246,
    15.634375270963));
#2883 = CARTESIAN_POINT('',(484.54440973554,516.17556218858,
    15.78104699323));
#2884 = CARTESIAN_POINT('',(484.5493303831,516.5013763142,
    15.923876237152));
#2885 = CARTESIAN_POINT('',(484.5528045605,516.82795909979,
    16.062937246322));
#2886 = CARTESIAN_POINT('',(484.5547428315,517.15528122875,
    16.198296628692));
#2887 = CARTESIAN_POINT('',(484.55629510215,518.82228686891,
    16.867649345592));
#2888 = CARTESIAN_POINT('',(484.53032347995,520.15822086832,
    17.338594837908));
#2889 = CARTESIAN_POINT('',(484.47160987469,521.50159322775,
    17.754266858928));
#2890 = CARTESIAN_POINT('',(484.37165633447,522.8595499657,
    18.118103625491));
#2891 = CARTESIAN_POINT('',(484.21776765039,524.23169190503,
    18.42782828358));
#2892 = CARTESIAN_POINT('',(483.99214167628,525.60874126563,
    18.676895517657));
#2893 = CARTESIAN_POINT('',(483.67059830117,526.97571410367,
    18.855913580186));
#2894 = CARTESIAN_POINT('',(483.13809247846,528.57834101584,
    18.965852050665));
#2895 = CARTESIAN_POINT('',(483.04655454509,528.83871901814,
    18.980486816458));
#2896 = CARTESIAN_POINT('',(482.950011794,529.09824205963,
    18.991705418969));
#2897 = CARTESIAN_POINT('',(482.84826259972,529.35671598739,
    18.999358423198));
#2898 = CARTESIAN_POINT('',(482.74110289965,529.61395924208,
    19.003289422615));
#2899 = CARTESIAN_POINT('',(482.62832708,529.86980309193,19.003332705359
    ));
#2900 = CARTESIAN_POINT('',(482.50972886167,530.12409186673,
    18.999310920441));
#2901 = CARTESIAN_POINT('',(482.17918615442,530.79403046595,
    18.977355020071));
#2902 = CARTESIAN_POINT('',(481.95645641003,531.20746550075,
    18.952033785315));
#2903 = CARTESIAN_POINT('',(481.7165021682,531.6150677561,
    18.914175448584));
#2904 = CARTESIAN_POINT('',(481.45907958916,532.01527945431,
    18.862957245939));
#2905 = CARTESIAN_POINT('',(481.18415708423,532.40686459584,
    18.797598126853));
#2906 = CARTESIAN_POINT('',(480.89195286019,532.78886566806,
    18.717348931912));
#2907 = CARTESIAN_POINT('',(480.58296470183,533.16055804705,
    18.621501861952));
#2908 = CARTESIAN_POINT('',(479.94849990633,533.8650567242,
    18.402675859858));
#2909 = CARTESIAN_POINT('',(479.62532038559,534.19797222221,
    18.281486636111));
#2910 = CARTESIAN_POINT('',(479.28924673395,534.5198038572,
    18.145425513368));
#2911 = CARTESIAN_POINT('',(478.94134283235,534.83031604093,
    17.994146055158));
#2912 = CARTESIAN_POINT('',(478.58294931158,535.12936134913,
    17.827412817624));
#2913 = CARTESIAN_POINT('',(478.21568021797,535.41685672874,
    17.645149087564));
#2914 = CARTESIAN_POINT('',(477.84141017276,535.69275688938,
    17.447500983444));
#2915 = CARTESIAN_POINT('',(476.99194973296,536.28481907833,
    16.971232955996));
#2916 = CARTESIAN_POINT('',(476.51377559887,536.59496165764,
    16.684372876646));
#2917 = CARTESIAN_POINT('',(476.03000201823,536.88855117843,
    16.374160187698));
#2918 = CARTESIAN_POINT('',(475.54298639272,537.16658429623,
    16.040470729107));
#2919 = CARTESIAN_POINT('',(475.05511857063,537.42994756316,
    15.683254362598));
#2920 = CARTESIAN_POINT('',(474.56877929219,537.67941595221,
    15.30254374841));
#2921 = CARTESIAN_POINT('',(474.08630963996,537.91565810348,
    14.898451210626));
#2922 = CARTESIAN_POINT('',(473.12804698514,538.36547957215,
    14.03880884961));
#2923 = CARTESIAN_POINT('',(472.65190390257,538.57899088593,
    13.582262379972));
#2924 = CARTESIAN_POINT('',(472.18366337498,538.78046436282,
    13.101356009503));
#2925 = CARTESIAN_POINT('',(471.72541509232,538.97043703916,
    12.595930081108));
#2926 = CARTESIAN_POINT('',(471.27926687645,539.14931130928,
    12.065834594297));
#2927 = CARTESIAN_POINT('',(470.84737298362,539.31736365624,
    11.510941083803));
#2928 = CARTESIAN_POINT('',(470.43196113874,539.47475166243,
    10.931155335795));
#2929 = CARTESIAN_POINT('',(469.83987096968,539.69386173232,
    10.028359553212));
#2930 = CARTESIAN_POINT('',(469.64896140528,539.76362079456,
    9.724241541619));
#2931 = CARTESIAN_POINT('',(469.46294492704,539.83078845957,
    9.414128855681));
#2932 = CARTESIAN_POINT('',(469.28213643574,539.89535294479,
    9.098080998074));
#2933 = CARTESIAN_POINT('',(469.10685041427,539.95729871225,
    8.776165025358));
#2934 = CARTESIAN_POINT('',(468.93740092762,540.01660646865,
    8.448455547981));
#2935 = CARTESIAN_POINT('',(468.77410162292,540.07325316527,
    8.11503473027));
#2936 = CARTESIAN_POINT('',(468.2146316,540.26573684182,6.905591679281)
  );
#2937 = CARTESIAN_POINT('',(467.85301694327,540.38708922125,
    5.994728519904));
#2938 = CARTESIAN_POINT('',(467.5401740667,540.4899270222,5.048450881406
    ));
#2939 = CARTESIAN_POINT('',(467.28257492948,540.57329137642,
    4.072431789647));
#2940 = CARTESIAN_POINT('',(467.08532498325,540.63646439752,
    3.072867335798));
#2941 = CARTESIAN_POINT('',(466.95210735512,540.67890747017,
    2.056353828364));
#2942 = CARTESIAN_POINT('',(466.88514164999,540.70024306682,
    1.029746214946));
#2943 = CARTESIAN_POINT('',(466.88514164999,540.70024306682,-7.827E-14)
  );
#2944 = ORIENTED_EDGE('',*,*,#2945,.T.);
#2945 = EDGE_CURVE('',#2853,#2946,#2948,.T.);
#2946 = VERTEX_POINT('',#2947);
#2947 = CARTESIAN_POINT('',(176.44646039055,167.63342030793,0.));
#2948 = LINE('',#2949,#2950);
#2949 = CARTESIAN_POINT('',(506.88236354708,528.09578159566,2.1078E-13)
  );
#2950 = VECTOR('',#2951,1.);
#2951 = DIRECTION('',(-0.675738043265,-0.737141843124,-6.5E-16));
#2952 = ORIENTED_EDGE('',*,*,#2953,.T.);
#2953 = EDGE_CURVE('',#2946,#2954,#2956,.T.);
#2954 = VERTEX_POINT('',#2955);
#2955 = CARTESIAN_POINT('',(173.06777017423,163.9477110923,
    -1.136868377216E-13));
#2956 = B_SPLINE_CURVE_WITH_KNOTS('',7,(#2957,#2958,#2959,#2960,#2961,
    #2962,#2963,#2964,#2965,#2966,#2967,#2968,#2969,#2970,#2971,#2972,
    #2973,#2974,#2975,#2976,#2977,#2978,#2979,#2980,#2981,#2982),
  .UNSPECIFIED.,.F.,.F.,(8,6,6,6,8),(0.,0.24437728123,0.500030383712,
    0.755682731752,1.),.UNSPECIFIED.);
#2957 = CARTESIAN_POINT('',(176.44646039055,167.63342030793,-4.111E-14)
  );
#2958 = CARTESIAN_POINT('',(176.44646039055,167.63342030793,
    0.333916127007));
#2959 = CARTESIAN_POINT('',(176.406253143,167.5996912406,0.65813922128)
  );
#2960 = CARTESIAN_POINT('',(176.3300378333,167.53575385995,
    0.963396737056));
#2961 = CARTESIAN_POINT('',(176.22391970881,167.4455951217,
    1.242124887509));
#2962 = CARTESIAN_POINT('',(176.09551887409,167.33396826168,
    1.488666291428));
#2963 = CARTESIAN_POINT('',(175.95324900517,167.20691886345,
    1.699794508981));
#2964 = CARTESIAN_POINT('',(175.6517850035,166.9307621351,2.058857814441
    ));
#2965 = CARTESIAN_POINT('',(175.48768819432,166.77685421212,
    2.20869738871));
#2966 = CARTESIAN_POINT('',(175.3181820224,166.61338939039,
    2.326381396353));
#2967 = CARTESIAN_POINT('',(175.14631903759,166.44259267253,
    2.413459442235));
#2968 = CARTESIAN_POINT('',(174.97421405143,166.26617465612,
    2.471120040789));
#2969 = CARTESIAN_POINT('',(174.80345252085,166.08556876448,2.5));
#2970 = CARTESIAN_POINT('',(174.46724504395,165.71881037095,2.5));
#2971 = CARTESIAN_POINT('',(174.30213023307,165.53301913497,
    2.471120241615));
#2972 = CARTESIAN_POINT('',(174.14130615422,165.34625452041,
    2.41345681575));
#2973 = CARTESIAN_POINT('',(173.98606666964,165.16022488741,
    2.326377152652));
#2974 = CARTESIAN_POINT('',(173.83792987235,164.97718382973,
    2.208697246541));
#2975 = CARTESIAN_POINT('',(173.6988409614,164.80035660683,
    2.058864949655));
#2976 = CARTESIAN_POINT('',(173.44989917689,164.47609679665,
    1.699830266696));
#2977 = CARTESIAN_POINT('',(173.33566010722,164.3233276693,
    1.488704429539));
#2978 = CARTESIAN_POINT('',(173.23557273467,164.18569825477,
    1.242130480821));
#2979 = CARTESIAN_POINT('',(173.15494868432,164.07214030558,
    0.963349908931));
#2980 = CARTESIAN_POINT('',(173.0978688344,163.99067152077,
    0.658049488048));
#2981 = CARTESIAN_POINT('',(173.06777017423,163.9477110923,
    0.333832930538));
#2982 = CARTESIAN_POINT('',(173.06777017423,163.9477110923,-8.804E-14));
#2983 = ORIENTED_EDGE('',*,*,#2984,.T.);
#2984 = EDGE_CURVE('',#2954,#2985,#2987,.T.);
#2985 = VERTEX_POINT('',#2986);
#2986 = CARTESIAN_POINT('',(133.53709464323,120.82491326954,0.));
#2987 = LINE('',#2988,#2989);
#2988 = CARTESIAN_POINT('',(506.88236354708,528.09578159566,2.1078E-13)
  );
#2989 = VECTOR('',#2990,1.);
#2990 = DIRECTION('',(-0.675738043265,-0.737141843124,-6.5E-16));
#2991 = ORIENTED_EDGE('',*,*,#2992,.T.);
#2992 = EDGE_CURVE('',#2985,#2993,#2995,.T.);
#2993 = VERTEX_POINT('',#2994);
#2994 = CARTESIAN_POINT('',(130.15840442691,117.13920405392,
    -1.136868377216E-13));
#2995 = B_SPLINE_CURVE_WITH_KNOTS('',7,(#2996,#2997,#2998,#2999,#3000,
    #3001,#3002,#3003,#3004,#3005,#3006,#3007,#3008,#3009,#3010,#3011,
    #3012,#3013,#3014,#3015,#3016,#3017,#3018,#3019,#3020,#3021),
  .UNSPECIFIED.,.F.,.F.,(8,6,6,6,8),(0.,0.24437728123,0.500030383712,
    0.755682731752,1.),.UNSPECIFIED.);
#2996 = CARTESIAN_POINT('',(133.53709464323,120.82491326954,-6.127E-14)
  );
#2997 = CARTESIAN_POINT('',(133.53709464323,120.82491326954,
    0.333916127007));
#2998 = CARTESIAN_POINT('',(133.49688739568,120.79118420221,
    0.65813922128));
#2999 = CARTESIAN_POINT('',(133.42067208598,120.72724682156,
    0.963396737056));
#3000 = CARTESIAN_POINT('',(133.31455396149,120.63708808331,
    1.242124887509));
#3001 = CARTESIAN_POINT('',(133.18615312677,120.52546122329,
    1.488666291428));
#3002 = CARTESIAN_POINT('',(133.04388325785,120.39841182507,
    1.69979450898));
#3003 = CARTESIAN_POINT('',(132.74241925618,120.12225509672,
    2.058857814441));
#3004 = CARTESIAN_POINT('',(132.578322447,119.96834717374,2.208697388709
    ));
#3005 = CARTESIAN_POINT('',(132.40881627508,119.804882352,2.326381396354
    ));
#3006 = CARTESIAN_POINT('',(132.23695329027,119.63408563414,
    2.413459442234));
#3007 = CARTESIAN_POINT('',(132.06484830411,119.45766761773,
    2.471120040789));
#3008 = CARTESIAN_POINT('',(131.89408677353,119.27706172609,2.5));
#3009 = CARTESIAN_POINT('',(131.55787929663,118.91030333257,2.5));
#3010 = CARTESIAN_POINT('',(131.39276448575,118.72451209658,
    2.471120241615));
#3011 = CARTESIAN_POINT('',(131.2319404069,118.53774748202,
    2.413456815751));
#3012 = CARTESIAN_POINT('',(131.07670092232,118.35171784902,
    2.326377152652));
#3013 = CARTESIAN_POINT('',(130.92856412503,118.16867679134,
    2.208697246541));
#3014 = CARTESIAN_POINT('',(130.78947521408,117.99184956844,
    2.058864949655));
#3015 = CARTESIAN_POINT('',(130.54053342957,117.66758975826,
    1.699830266696));
#3016 = CARTESIAN_POINT('',(130.4262943599,117.51482063091,
    1.488704429539));
#3017 = CARTESIAN_POINT('',(130.32620698735,117.37719121638,
    1.242130480821));
#3018 = CARTESIAN_POINT('',(130.245582937,117.26363326719,0.963349908931
    ));
#3019 = CARTESIAN_POINT('',(130.18850308708,117.18216448239,
    0.658049488047));
#3020 = CARTESIAN_POINT('',(130.15840442691,117.13920405392,
    0.333832930538));
#3021 = CARTESIAN_POINT('',(130.15840442691,117.13920405392,-1.1485E-13)
  );
#3022 = ORIENTED_EDGE('',*,*,#3023,.T.);
#3023 = EDGE_CURVE('',#2993,#3024,#3026,.T.);
#3024 = VERTEX_POINT('',#3025);
#3025 = CARTESIAN_POINT('',(31.90061943672,9.952809191469,
    -1.136868377216E-13));
#3026 = LINE('',#3027,#3028);
#3027 = CARTESIAN_POINT('',(506.88236354708,528.09578159566,2.1078E-13)
  );
#3028 = VECTOR('',#3029,1.);
#3029 = DIRECTION('',(-0.675738043265,-0.737141843124,-6.5E-16));
#3030 = ORIENTED_EDGE('',*,*,#3031,.T.);
#3031 = EDGE_CURVE('',#3024,#3032,#3034,.T.);
#3032 = VERTEX_POINT('',#3033);
#3033 = CARTESIAN_POINT('',(27.927964008767,51.2973150733,
    14.839676478801));
#3034 = ELLIPSE('',#3035,25.567654309904,19.00047);
#3035 = AXIS2_PLACEMENT_3D('',#3036,#3037,#3038);
#3036 = CARTESIAN_POINT('',(29.455172,35.403245999999,-2.7687E-13));
#3037 = DIRECTION('',(-0.995415398693,-9.564613973104E-02,7.1E-16));
#3038 = DIRECTION('',(-9.564613973104E-02,0.995415398693,-3.1E-16));
#3039 = ORIENTED_EDGE('',*,*,#3040,.T.);
#3040 = EDGE_CURVE('',#3032,#3041,#3043,.T.);
#3041 = VERTEX_POINT('',#3042);
#3042 = CARTESIAN_POINT('',(29.257348717741,55.829893796136,
    12.901411410908));
#3043 = B_SPLINE_CURVE_WITH_KNOTS('',6,(#3044,#3045,#3046,#3047,#3048,
    #3049,#3050,#3051,#3052,#3053,#3054,#3055,#3056,#3057,#3058,#3059,
    #3060),.UNSPECIFIED.,.F.,.F.,(7,5,5,7),(0.,8.107556800455E-02,
    0.636121725152,1.),.UNSPECIFIED.);
#3044 = CARTESIAN_POINT('',(27.927964008767,51.2973150733,
    14.839676478801));
#3045 = CARTESIAN_POINT('',(27.921733584625,51.362156792456,
    14.80096824188));
#3046 = CARTESIAN_POINT('',(27.916312618713,51.426958020269,
    14.76244834544));
#3047 = CARTESIAN_POINT('',(27.911695998644,51.491715236168,
    14.724127039532));
#3048 = CARTESIAN_POINT('',(27.907879115032,51.556425038772,
    14.686014786726));
#3049 = CARTESIAN_POINT('',(27.904857861486,51.621084145893,
    14.648122262109));
#3050 = CARTESIAN_POINT('',(27.887367269982,52.127979172755,
    14.352625616179));
#3051 = CARTESIAN_POINT('',(27.909203953733,52.568389230888,
    14.105222817692));
#3052 = CARTESIAN_POINT('',(27.967206606326,53.00531106563,
    13.872150730912));
#3053 = CARTESIAN_POINT('',(28.061175572488,53.437204615242,
    13.657841230278));
#3054 = CARTESIAN_POINT('',(28.191523407671,53.862468810447,
    13.467449218901));
#3055 = CARTESIAN_POINT('',(28.469549525056,54.552092886477,
    13.20136546565));
#3056 = CARTESIAN_POINT('',(28.595836255363,54.821523097864,
    13.108715677553));
#3057 = CARTESIAN_POINT('',(28.738173051216,55.085461133843,
    13.030898697182));
#3058 = CARTESIAN_POINT('',(28.896191360492,55.342373574104,
    12.969648981767));
#3059 = CARTESIAN_POINT('',(29.069423439289,55.590919105754,
    12.926231986698));
#3060 = CARTESIAN_POINT('',(29.257348717741,55.829893796137,
    12.901411410908));
#3061 = ORIENTED_EDGE('',*,*,#3062,.T.);
#3062 = EDGE_CURVE('',#3041,#3063,#3065,.T.);
#3063 = VERTEX_POINT('',#3064);
#3064 = CARTESIAN_POINT('',(33.273736686591,67.4348,2.538621426139));
#3065 = B_SPLINE_CURVE_WITH_KNOTS('',5,(#3066,#3067,#3068,#3069,#3070,
    #3071,#3072,#3073,#3074,#3075,#3076,#3077,#3078,#3079,#3080,#3081,
    #3082,#3083,#3084,#3085,#3086,#3087,#3088,#3089,#3090,#3091),
  .UNSPECIFIED.,.F.,.F.,(6,4,4,4,4,4,6),(0.,0.256345230416,
    0.350109706359,0.525778861684,0.698084362715,0.788438159895,1.),
  .UNSPECIFIED.);
#3066 = CARTESIAN_POINT('',(29.257348717741,55.829893796137,
    12.901411410908));
#3067 = CARTESIAN_POINT('',(29.798124012769,56.517569290146,
    12.829987522084));
#3068 = CARTESIAN_POINT('',(30.298065299265,57.235755140883,
    12.702810602717));
#3069 = CARTESIAN_POINT('',(30.751899769447,57.977270389269,
    12.518089039345));
#3070 = CARTESIAN_POINT('',(31.15660543136,58.73333210569,
    12.272503630417));
#3071 = CARTESIAN_POINT('',(31.641601717112,59.772360221375,
    11.847176455116));
#3072 = CARTESIAN_POINT('',(31.764786221524,60.051108569362,
    11.724519971378));
#3073 = CARTESIAN_POINT('',(31.88116040539,60.329647895424,
    11.592975848066));
#3074 = CARTESIAN_POINT('',(31.990711413445,60.607284195259,
    11.452420616322));
#3075 = CARTESIAN_POINT('',(32.286092586331,61.400509430292,
    11.022346577819));
#3076 = CARTESIAN_POINT('',(32.455069545708,61.912394374045,
    10.709798669724));
#3077 = CARTESIAN_POINT('',(32.600353708491,62.413206203938,
    10.36504988006));
#3078 = CARTESIAN_POINT('',(32.72338984097,62.897565031116,9.98879219381
    ));
#3079 = CARTESIAN_POINT('',(32.927398078947,63.815284136417,
    9.184509711514));
#3080 = CARTESIAN_POINT('',(33.009025765771,64.248973440497,
    8.758026057989));
#3081 = CARTESIAN_POINT('',(33.073413971924,64.657633239478,
    8.305094037854));
#3082 = CARTESIAN_POINT('',(33.12338290986,65.037708239481,
    7.828490902854));
#3083 = CARTESIAN_POINT('',(33.181766701984,65.569679884591,
    7.072005790809));
#3084 = CARTESIAN_POINT('',(33.198646973033,65.744170980427,
    6.806307292926));
#3085 = CARTESIAN_POINT('',(33.212729783059,65.909900012351,
    6.535549450136));
#3086 = CARTESIAN_POINT('',(33.22440270299,66.066655922257,
    6.260196694374));
#3087 = CARTESIAN_POINT('',(33.256540235881,66.559942081713,
    5.326489146769));
#3088 = CARTESIAN_POINT('',(33.267771003509,66.855212207939,
    4.65048739886));
#3089 = CARTESIAN_POINT('',(33.272389743165,67.099492075317,
    3.957160680649));
#3090 = CARTESIAN_POINT('',(33.273736686591,67.292582424327,
    3.251452610952));
#3091 = CARTESIAN_POINT('',(33.273736686591,67.4348,2.538621426139));
#3092 = ORIENTED_EDGE('',*,*,#3093,.T.);
#3093 = EDGE_CURVE('',#3063,#3094,#3096,.T.);
#3094 = VERTEX_POINT('',#3095);
#3095 = CARTESIAN_POINT('',(33.273736686591,67.4348,-2.538621426139));
#3096 = B_SPLINE_CURVE_WITH_KNOTS('',5,(#3097,#3098,#3099,#3100,#3101,
    #3102,#3103,#3104,#3105,#3106),.UNSPECIFIED.,.F.,.F.,(6,4,6),(0.,
    0.500000001756,1.),.UNSPECIFIED.);
#3097 = CARTESIAN_POINT('',(33.273736686591,67.4348,2.538621426139));
#3098 = CARTESIAN_POINT('',(33.273736686591,67.535075843486,
    2.036013025015));
#3099 = CARTESIAN_POINT('',(33.273067303873,67.610123587251,
    1.529546817584));
#3100 = CARTESIAN_POINT('',(33.272401518433,67.660097540222,
    1.020524147072));
#3101 = CARTESIAN_POINT('',(33.272068309713,67.685080947992,
    0.510243499975));
#3102 = CARTESIAN_POINT('',(33.272068309713,67.685080947992,
    -0.510243496392));
#3103 = CARTESIAN_POINT('',(33.272401518433,67.66009754057,
    -1.020524145526));
#3104 = CARTESIAN_POINT('',(33.273067303875,67.610123587213,
    -1.529546819758));
#3105 = CARTESIAN_POINT('',(33.273736686591,67.535075842719,
    -2.036013028859));
#3106 = CARTESIAN_POINT('',(33.273736686591,67.4348,-2.538621426139));
#3107 = ORIENTED_EDGE('',*,*,#3108,.T.);
#3108 = EDGE_CURVE('',#3094,#3109,#3111,.T.);
#3109 = VERTEX_POINT('',#3110);
#3110 = CARTESIAN_POINT('',(29.257348717741,55.829893796136,
    -12.9014114109));
#3111 = B_SPLINE_CURVE_WITH_KNOTS('',5,(#3112,#3113,#3114,#3115,#3116,
    #3117,#3118,#3119,#3120,#3121,#3122,#3123,#3124,#3125,#3126,#3127,
    #3128,#3129,#3130,#3131,#3132,#3133,#3134,#3135,#3136,#3137),
  .UNSPECIFIED.,.F.,.F.,(6,4,4,4,4,4,6),(0.,0.211937297158,
    0.302119092676,0.474109155341,0.649908014787,0.74408337528,1.),
  .UNSPECIFIED.);
#3112 = CARTESIAN_POINT('',(33.273736686591,67.4348,-2.538621426139));
#3113 = CARTESIAN_POINT('',(33.273736686591,67.292330248746,
    -3.252716580031));
#3114 = CARTESIAN_POINT('',(33.27238495731,67.098806288826,
    -3.959667646678));
#3115 = CARTESIAN_POINT('',(33.267746387281,66.853909233163,
    -4.654184414135));
#3116 = CARTESIAN_POINT('',(33.256460197814,66.557841687324,
    -5.331294451081));
#3117 = CARTESIAN_POINT('',(33.224186550107,66.063714664481,
    -6.265405726209));
#3118 = CARTESIAN_POINT('',(33.21250115086,65.907124309829,
    -6.540168991687));
#3119 = CARTESIAN_POINT('',(33.198410984714,65.741596831539,
    -6.810349983733));
#3120 = CARTESIAN_POINT('',(33.1815305472,65.567342649966,
    -7.075486841388));
#3121 = CARTESIAN_POINT('',(33.123171016948,65.036134350784,
    -7.830426231984));
#3122 = CARTESIAN_POINT('',(33.073249917282,64.656673371958,
    -8.306086448885));
#3123 = CARTESIAN_POINT('',(33.008957310307,64.248738410963,
    -8.75815846637));
#3124 = CARTESIAN_POINT('',(32.92748924034,63.815865770793,
    -9.183880224372));
#3125 = CARTESIAN_POINT('',(32.723690492544,62.898742705135,
    -9.987882096758));
#3126 = CARTESIAN_POINT('',(32.600603688514,62.414055268522,
    -10.36447441583));
#3127 = CARTESIAN_POINT('',(32.455237502078,61.912883912441,
    -10.7095121248));
#3128 = CARTESIAN_POINT('',(32.286143113499,61.400620560084,
    -11.02230112071));
#3129 = CARTESIAN_POINT('',(31.990153903954,60.605800208284,
    -11.45321727829));
#3130 = CARTESIAN_POINT('',(31.8800879909,60.32694025358,-11.59434070035
    ));
#3131 = CARTESIAN_POINT('',(31.763138843719,60.047173060789,
    -11.72637435751));
#3132 = CARTESIAN_POINT('',(31.639319630226,59.767201219572,
    -11.84944372301));
#3133 = CARTESIAN_POINT('',(31.153889104293,58.728258055837,
    -12.27415167626));
#3134 = CARTESIAN_POINT('',(30.749612454605,57.973533358883,
    -12.51901982631));
#3135 = CARTESIAN_POINT('',(30.296384722647,57.233341428568,
    -12.70323774869));
#3136 = CARTESIAN_POINT('',(29.797215979389,56.516414591866,
    -12.83010745225));
#3137 = CARTESIAN_POINT('',(29.257348717741,55.829893796137,
    -12.9014114109));
#3138 = ORIENTED_EDGE('',*,*,#3139,.T.);
#3139 = EDGE_CURVE('',#3109,#3140,#3142,.T.);
#3140 = VERTEX_POINT('',#3141);
#3141 = CARTESIAN_POINT('',(27.927964008767,51.2973150733,-14.8396764788
    ));
#3142 = B_SPLINE_CURVE_WITH_KNOTS('',6,(#3143,#3144,#3145,#3146,#3147,
    #3148,#3149,#3150,#3151,#3152,#3153,#3154,#3155,#3156,#3157,#3158,
    #3159),.UNSPECIFIED.,.F.,.F.,(7,5,5,7),(0.,0.36465495301,
    0.91878237492,1.),.UNSPECIFIED.);
#3143 = CARTESIAN_POINT('',(29.257348717741,55.829893796137,
    -12.9014114109));
#3144 = CARTESIAN_POINT('',(29.069019885113,55.590405927138,
    -12.92628528685));
#3145 = CARTESIAN_POINT('',(28.89545032814,55.341309760869,
    -12.96983515134));
#3146 = CARTESIAN_POINT('',(28.737161755699,55.083815814091,
    -13.03129148156));
#3147 = CARTESIAN_POINT('',(28.594623232036,54.819272518839,-13.10937969
    ));
#3148 = CARTESIAN_POINT('',(28.468204325362,54.549221655955,
    -13.20235323392));
#3149 = CARTESIAN_POINT('',(28.190653733453,53.85959682231,
    -13.46874173724));
#3150 = CARTESIAN_POINT('',(28.060715660521,53.435000787445,
    -13.65894546807));
#3151 = CARTESIAN_POINT('',(27.967035249614,53.003805939835,
    -13.87296609902));
#3152 = CARTESIAN_POINT('',(27.909202482721,52.56760401632,
    -14.10567664843));
#3153 = CARTESIAN_POINT('',(27.887416550383,52.127925746871,
    -14.35266872316));
#3154 = CARTESIAN_POINT('',(27.904831368324,51.621651660143,
    -14.64778968451));
#3155 = CARTESIAN_POINT('',(27.907852328875,51.556879407875,
    -14.68574717942));
#3156 = CARTESIAN_POINT('',(27.911671693826,51.492056262427,
    -14.72392523238));
#3157 = CARTESIAN_POINT('',(27.91629358951,51.427185521897,
    -14.7623131118));
#3158 = CARTESIAN_POINT('',(27.921722648331,51.362270609445,
    -14.80090029712));
#3159 = CARTESIAN_POINT('',(27.927964008767,51.2973150733,-14.8396764788
    ));
#3160 = ORIENTED_EDGE('',*,*,#3161,.T.);
#3161 = EDGE_CURVE('',#3140,#3024,#3162,.T.);
#3162 = ELLIPSE('',#3163,25.567654309904,19.00047);
#3163 = AXIS2_PLACEMENT_3D('',#3164,#3165,#3166);
#3164 = CARTESIAN_POINT('',(29.455172,35.403245999999,-2.7687E-13));
#3165 = DIRECTION('',(-0.995415398693,-9.564613973104E-02,7.1E-16));
#3166 = DIRECTION('',(-9.564613973104E-02,0.995415398693,-3.1E-16));
#3167 = ORIENTED_EDGE('',*,*,#3023,.F.);
#3168 = ORIENTED_EDGE('',*,*,#3169,.T.);
#3169 = EDGE_CURVE('',#2993,#2985,#3170,.T.);
#3170 = B_SPLINE_CURVE_WITH_KNOTS('',7,(#3171,#3172,#3173,#3174,#3175,
    #3176,#3177,#3178,#3179,#3180,#3181,#3182,#3183,#3184,#3185,#3186,
    #3187,#3188,#3189,#3190,#3191,#3192,#3193,#3194,#3195,#3196,#3197,
    #3198,#3199,#3200,#3201,#3202),.UNSPECIFIED.,.F.,.F.,(8,6,6,6,6,8),(
    0.,0.243643258923,0.498537045707,0.75344812325,0.897187718301,1.),
  .UNSPECIFIED.);
#3171 = CARTESIAN_POINT('',(130.15840442691,117.13920405392,-1.1734E-13)
  );
#3172 = CARTESIAN_POINT('',(130.15840442691,117.13920405392,
    -0.333916127007));
#3173 = CARTESIAN_POINT('',(130.1885180935,117.18218590849,
    -0.658139221282));
#3174 = CARTESIAN_POINT('',(130.24560225277,117.26366081774,
    -0.963396737055));
#3175 = CARTESIAN_POINT('',(130.32621464954,117.3772006606,
    -1.242124887509));
#3176 = CARTESIAN_POINT('',(130.42628106098,117.51480169089,
    -1.488666291428));
#3177 = CARTESIAN_POINT('',(130.54050863645,117.66755746391,
    -1.69979450898));
#3178 = CARTESIAN_POINT('',(130.78947454915,117.99184870234,
    -2.058863990668));
#3179 = CARTESIAN_POINT('',(130.92856195178,118.16867401657,
    -2.208694702789));
#3180 = CARTESIAN_POINT('',(131.07669936233,118.35171603112,
    -2.326377230361));
#3181 = CARTESIAN_POINT('',(131.23194327322,118.53775135358,
    -2.413460534591));
#3182 = CARTESIAN_POINT('',(131.39277370562,118.72452290643,
    -2.471124097403));
#3183 = CARTESIAN_POINT('',(131.55789069919,118.91031577126,-2.5));
#3184 = CARTESIAN_POINT('',(131.89408627745,119.27706118493,-2.5));
#3185 = CARTESIAN_POINT('',(132.06485226869,119.45767198301,
    -2.471120241615));
#3186 = CARTESIAN_POINT('',(132.23696021602,119.63409267356,
    -2.41345681575));
#3187 = CARTESIAN_POINT('',(132.40882045113,119.80488606194,
    -2.326377152652));
#3188 = CARTESIAN_POINT('',(132.57831958124,119.96834426576,
    -2.208697246541));
#3189 = CARTESIAN_POINT('',(132.74241326556,120.122249609,
    -2.058864949655));
#3190 = CARTESIAN_POINT('',(132.98346530182,120.34306583027,
    -1.771756238669));
#3191 = CARTESIAN_POINT('',(133.06743714205,120.41884774537,
    -1.657236281929));
#3192 = CARTESIAN_POINT('',(133.14739617983,120.48998452191,
    -1.53159843429));
#3193 = CARTESIAN_POINT('',(133.22217128093,120.55563928885,
    -1.394845902802));
#3194 = CARTESIAN_POINT('',(133.29048097071,120.61493410157,
    -1.247128013114));
#3195 = CARTESIAN_POINT('',(133.35093176328,120.666925952,
    -1.088770333613));
#3196 = CARTESIAN_POINT('',(133.43856806011,120.74178954292,
    -0.799818143843));
#3197 = CARTESIAN_POINT('',(133.47033299038,120.76874497863,
    -0.674128382109));
#3198 = CARTESIAN_POINT('',(133.49657109904,120.79088573009,
    -0.54407431242));
#3199 = CARTESIAN_POINT('',(133.51669208571,120.80779792182,
    -0.410596298732));
#3200 = CARTESIAN_POINT('',(133.5302782115,120.81919502185,
    -0.27471232881));
#3201 = CARTESIAN_POINT('',(133.53709464323,120.82491326954,
    -0.137486997856));
#3202 = CARTESIAN_POINT('',(133.53709464323,120.82491326954,-6.374E-14)
  );
#3203 = ORIENTED_EDGE('',*,*,#2984,.F.);
#3204 = ORIENTED_EDGE('',*,*,#3205,.T.);
#3205 = EDGE_CURVE('',#2954,#2946,#3206,.T.);
#3206 = B_SPLINE_CURVE_WITH_KNOTS('',7,(#3207,#3208,#3209,#3210,#3211,
    #3212,#3213,#3214,#3215,#3216,#3217,#3218,#3219,#3220,#3221,#3222,
    #3223,#3224,#3225,#3226,#3227,#3228,#3229,#3230,#3231,#3232,#3233,
    #3234,#3235,#3236,#3237,#3238),.UNSPECIFIED.,.F.,.F.,(8,6,6,6,6,8),(
    0.,0.243643258943,0.498537045749,0.753448123313,0.897187718345,1.),
  .UNSPECIFIED.);
#3207 = CARTESIAN_POINT('',(173.06777017423,163.9477110923,-9.019E-14));
#3208 = CARTESIAN_POINT('',(173.06777017423,163.9477110923,
    -0.333916127007));
#3209 = CARTESIAN_POINT('',(173.09788384082,163.99069294688,
    -0.658139221281));
#3210 = CARTESIAN_POINT('',(173.15496800009,164.07216785613,
    -0.963396737056));
#3211 = CARTESIAN_POINT('',(173.23558039686,164.18570769898,
    -1.242124887508));
#3212 = CARTESIAN_POINT('',(173.3356468083,164.32330872927,
    -1.488666291428));
#3213 = CARTESIAN_POINT('',(173.44987438377,164.4760645023,
    -1.699794508981));
#3214 = CARTESIAN_POINT('',(173.69884029647,164.80035574073,
    -2.058863990668));
#3215 = CARTESIAN_POINT('',(173.8379276991,164.97718105495,
    -2.208694702789));
#3216 = CARTESIAN_POINT('',(173.98606510965,165.1602230695,
    -2.326377230361));
#3217 = CARTESIAN_POINT('',(174.14130902054,165.34625839197,
    -2.413460534591));
#3218 = CARTESIAN_POINT('',(174.30213945294,165.53302994482,
    -2.471124097403));
#3219 = CARTESIAN_POINT('',(174.46725644651,165.71882280965,-2.5));
#3220 = CARTESIAN_POINT('',(174.80345202477,166.08556822332,-2.5));
#3221 = CARTESIAN_POINT('',(174.97421801601,166.2661790214,
    -2.471120241615));
#3222 = CARTESIAN_POINT('',(175.14632596334,166.44259971194,
    -2.413456815751));
#3223 = CARTESIAN_POINT('',(175.31818619845,166.61339310033,
    -2.326377152651));
#3224 = CARTESIAN_POINT('',(175.48768532856,166.77685130415,
    -2.208697246541));
#3225 = CARTESIAN_POINT('',(175.65177901288,166.93075664739,
    -2.058864949655));
#3226 = CARTESIAN_POINT('',(175.89283104913,167.15157286863,
    -1.771756238692));
#3227 = CARTESIAN_POINT('',(175.97680288937,167.22735478376,
    -1.657236281933));
#3228 = CARTESIAN_POINT('',(176.05676192716,167.29849156031,
    -1.53159843427));
#3229 = CARTESIAN_POINT('',(176.13153702826,167.36414632724,
    -1.394845902779));
#3230 = CARTESIAN_POINT('',(176.19984671802,167.42344113995,
    -1.247128013116));
#3231 = CARTESIAN_POINT('',(176.26029751059,167.47543299038,
    -1.088770333644));
#3232 = CARTESIAN_POINT('',(176.34793380742,167.5502965813,
    -0.799818143856));
#3233 = CARTESIAN_POINT('',(176.3796987377,167.57725201702,
    -0.674128382111));
#3234 = CARTESIAN_POINT('',(176.40593684636,167.59939276848,
    -0.544074312411));
#3235 = CARTESIAN_POINT('',(176.42605783303,167.6163049602,
    -0.410596298722));
#3236 = CARTESIAN_POINT('',(176.43964395882,167.62770206023,
    -0.274712328811));
#3237 = CARTESIAN_POINT('',(176.44646039055,167.63342030793,
    -0.137486997869));
#3238 = CARTESIAN_POINT('',(176.44646039055,167.63342030793,-4.326E-14)
  );
#3239 = ORIENTED_EDGE('',*,*,#2945,.F.);
#3240 = ORIENTED_EDGE('',*,*,#3241,.F.);
#3241 = EDGE_CURVE('',#2855,#2853,#3242,.T.);
#3242 = B_SPLINE_CURVE_WITH_KNOTS('',8,(#3243,#3244,#3245,#3246,#3247,
    #3248,#3249,#3250,#3251,#3252,#3253,#3254,#3255,#3256,#3257,#3258,
    #3259,#3260,#3261,#3262,#3263,#3264,#3265,#3266,#3267,#3268,#3269,
    #3270,#3271,#3272,#3273,#3274,#3275,#3276,#3277,#3278,#3279,#3280,
    #3281,#3282,#3283,#3284,#3285,#3286,#3287,#3288,#3289,#3290,#3291,
    #3292,#3293,#3294,#3295,#3296,#3297,#3298,#3299,#3300,#3301,#3302,
    #3303,#3304,#3305,#3306,#3307,#3308,#3309,#3310,#3311,#3312,#3313,
    #3314,#3315,#3316,#3317,#3318,#3319,#3320,#3321,#3322,#3323,#3324,
    #3325,#3326,#3327,#3328),.UNSPECIFIED.,.F.,.F.,(9,7,7,7,7,7,7,7,7,7,
    7,7,9),(0.,9.69889912554E-02,0.13476858505,0.211190557176,
    0.286554019631,0.348289117689,0.412260784791,0.450640491573,
    0.649972861711,0.76007283863,0.875987621917,0.94285690395,1.),
  .UNSPECIFIED.);
#3243 = CARTESIAN_POINT('',(466.88514164999,540.70024306682,-8.147E-14)
  );
#3244 = CARTESIAN_POINT('',(466.88514164999,540.70024306682,
    -1.029746214949));
#3245 = CARTESIAN_POINT('',(466.95210735511,540.67890747017,
    -2.056353828358));
#3246 = CARTESIAN_POINT('',(467.08532498326,540.63646439752,
    -3.0728673358));
#3247 = CARTESIAN_POINT('',(467.28257492948,540.57329137642,
    -4.072431789648));
#3248 = CARTESIAN_POINT('',(467.5401740667,540.4899270222,
    -5.048450881402));
#3249 = CARTESIAN_POINT('',(467.85301694327,540.38708922125,
    -5.994728519906));
#3250 = CARTESIAN_POINT('',(468.2146316,540.26573684182,-6.905591679279)
  );
#3251 = CARTESIAN_POINT('',(468.77410161003,540.07325316971,
    -8.115034702401));
#3252 = CARTESIAN_POINT('',(468.9374009239,540.01660646978,
    -8.448455536047));
#3253 = CARTESIAN_POINT('',(469.10685042296,539.95729870901,
    -8.776165037829));
#3254 = CARTESIAN_POINT('',(469.28213644898,539.89535294005,
    -9.098081022012));
#3255 = CARTESIAN_POINT('',(469.46294493354,539.83078845738,
    -9.41412887068));
#3256 = CARTESIAN_POINT('',(469.64896139806,539.76362079737,
    -9.724241533731));
#3257 = CARTESIAN_POINT('',(469.83987095373,539.69386173823,
    -10.02835952888));
#3258 = CARTESIAN_POINT('',(470.43079740369,539.47518231655,
    -10.92938091839));
#3259 = CARTESIAN_POINT('',(470.8449355821,539.31828709057,
    -11.50753882556));
#3260 = CARTESIAN_POINT('',(471.2754661368,539.15079009426,
    -12.06095027939));
#3261 = CARTESIAN_POINT('',(471.7201804311,538.97253551217,
    -12.58970830412));
#3262 = CARTESIAN_POINT('',(472.17694255006,538.78325003494,
    -13.09393994523));
#3263 = CARTESIAN_POINT('',(472.6436626969,538.58253594746,
    -13.57379370539));
#3264 = CARTESIAN_POINT('',(473.11826932729,538.36986251159,
    -14.02942780329));
#3265 = CARTESIAN_POINT('',(474.07243661668,537.92236946784,
    -14.88659307347));
#3266 = CARTESIAN_POINT('',(474.55230565128,537.68767818364,
    -15.28920668321));
#3267 = CARTESIAN_POINT('',(475.0360471946,537.4399158976,
    -15.66867402695));
#3268 = CARTESIAN_POINT('',(475.52136360178,537.17842384204,
    -16.02488973954));
#3269 = CARTESIAN_POINT('',(476.00591782242,536.9024386054,
    -16.35782416222));
#3270 = CARTESIAN_POINT('',(476.48736240636,536.61108690102,
    -16.66752679947));
#3271 = CARTESIAN_POINT('',(476.9633792066,536.30338687405,
    -16.95411821847));
#3272 = CARTESIAN_POINT('',(477.8153860973,535.7119201248,
    -17.43374497949));
#3273 = CARTESIAN_POINT('',(478.19415978282,535.43370576051,
    -17.63447385613));
#3274 = CARTESIAN_POINT('',(478.56586262252,535.14364793152,
    -17.81948285005));
#3275 = CARTESIAN_POINT('',(478.9285527837,534.84178953665,
    -17.98861572115));
#3276 = CARTESIAN_POINT('',(479.28055883365,534.52821224223,
    -18.14194934883));
#3277 = CARTESIAN_POINT('',(479.62049369098,534.20306444323,
    -18.27972623758));
#3278 = CARTESIAN_POINT('',(479.94725850877,533.86658623901,
    -18.40230433996));
#3279 = CARTESIAN_POINT('',(480.58414594278,533.15908884673,
    -18.62185020394));
#3280 = CARTESIAN_POINT('',(480.89235188213,532.78824263263,
    -18.71742400841));
#3281 = CARTESIAN_POINT('',(481.18385707222,532.40713191981,
    -18.79747637656));
#3282 = CARTESIAN_POINT('',(481.45816408543,532.01647946887,
    -18.86270864815));
#3283 = CARTESIAN_POINT('',(481.71505343611,531.61723906431,
    -18.91386400062));
#3284 = CARTESIAN_POINT('',(481.95455400358,531.21064063394,
    -18.95171784598));
#3285 = CARTESIAN_POINT('',(482.17690574379,530.79823308612,
    -18.97708736028));
#3286 = CARTESIAN_POINT('',(482.50586947214,530.13216136471,
    -18.99912310818));
#3287 = CARTESIAN_POINT('',(482.62332682529,529.88073285374,
    -19.00322060594));
#3288 = CARTESIAN_POINT('',(482.73508536098,529.62777767276,
    -19.00333766867));
#3289 = CARTESIAN_POINT('',(482.84134399717,529.37344705486,
    -18.99964602484));
#3290 = CARTESIAN_POINT('',(482.94230111778,529.11790490316,
    -18.99230631632));
#3291 = CARTESIAN_POINT('',(483.03815373229,528.86132756879,
    -18.98147031264));
#3292 = CARTESIAN_POINT('',(483.12909663538,528.60390362881,
    -18.96728312543));
#3293 = CARTESIAN_POINT('',(483.66314728859,527.00549779371,
    -18.85952711622));
#3294 = CARTESIAN_POINT('',(483.98640402051,525.63967389451,
    -18.68202170221));
#3295 = CARTESIAN_POINT('',(484.21344656095,524.26362964622,
    -18.43439758454));
#3296 = CARTESIAN_POINT('',(484.36850717268,522.89235671897,
    -18.12609087081));
#3297 = CARTESIAN_POINT('',(484.46944014639,521.53518300938,
    -17.76368646219));
#3298 = CARTESIAN_POINT('',(484.52898646738,520.19256069575,
    -17.34951101079));
#3299 = CARTESIAN_POINT('',(484.55568155318,518.85737338798,
    -16.88018785999));
#3300 = CARTESIAN_POINT('',(484.55473703037,516.77994190063,
    -16.04841088545));
#3301 = CARTESIAN_POINT('',(484.54607369679,516.04493905044,
    -15.73421267613));
#3302 = CARTESIAN_POINT('',(484.53021921511,515.31403081907,
    -15.40101656291));
#3303 = CARTESIAN_POINT('',(484.50808394351,514.58728432235,
    -15.04782464406));
#3304 = CARTESIAN_POINT('',(484.48042976473,513.8650260201,
    -14.67342693141));
#3305 = CARTESIAN_POINT('',(484.44793291906,513.14795439693,
    -14.27643614151));
#3306 = CARTESIAN_POINT('',(484.41123239182,512.43725225434,
    -13.85532801706));
#3307 = CARTESIAN_POINT('',(484.32856858119,510.9950403941,
    -12.93804694417));
#3308 = CARTESIAN_POINT('',(484.28240608744,510.2676809875,
    -12.44116255843));
#3309 = CARTESIAN_POINT('',(484.23302990229,509.55020329627,
    -11.913620586));
#3310 = CARTESIAN_POINT('',(484.18089767569,508.84218796424,
    -11.35089738272));
#3311 = CARTESIAN_POINT('',(484.12655099368,508.1454114544,
    -10.74833530829));
#3312 = CARTESIAN_POINT('',(484.07072830227,507.46403268952,
    -10.10130959982));
#3313 = CARTESIAN_POINT('',(484.01443307483,506.80476925423,
    -9.405387117689));
#3314 = CARTESIAN_POINT('',(483.92698904315,505.81495168079,
    -8.224445246974));
#3315 = CARTESIAN_POINT('',(483.89520729615,505.46253335008,
    -7.773814068786));
#3316 = CARTESIAN_POINT('',(483.86382029886,505.12093110766,
    -7.302739351028));
#3317 = CARTESIAN_POINT('',(483.83307608894,504.79195565329,
    -6.809456142402));
#3318 = CARTESIAN_POINT('',(483.80329616781,504.47812409555,
    -6.292312272112));
#3319 = CARTESIAN_POINT('',(483.77488262817,504.18267824121,
    -5.749801197373));
#3320 = CARTESIAN_POINT('',(483.74832079995,503.90960352223,
    -5.180595256479));
#3321 = CARTESIAN_POINT('',(483.70354570258,503.45346792724,
    -4.073399801944));
#3322 = CARTESIAN_POINT('',(483.68449982617,503.26125533687,
    -3.53845470577));
#3323 = CARTESIAN_POINT('',(483.66764255411,503.09257137936,
    -2.982257309587));
#3324 = CARTESIAN_POINT('',(483.65350233433,502.95203845454,
    -2.40819631832));
#3325 = CARTESIAN_POINT('',(483.64251558011,502.84335829088,
    -1.819611095614));
#3326 = CARTESIAN_POINT('',(483.63501342908,502.76932258064,
    -1.21983320009));
#3327 = CARTESIAN_POINT('',(483.63121297546,502.73181673095,
    -0.612194233389));
#3328 = CARTESIAN_POINT('',(483.63121297546,502.73181673095,-8.139E-14)
  );
#3329 = FACE_BOUND('',#3330,.F.);
#3330 = EDGE_LOOP('',(#3331,#3370,#3378,#3399,#3424));
#3331 = ORIENTED_EDGE('',*,*,#3332,.F.);
#3332 = EDGE_CURVE('',#3333,#3335,#3337,.T.);
#3333 = VERTEX_POINT('',#3334);
#3334 = CARTESIAN_POINT('',(56.233089202612,92.251385903703,3.5));
#3335 = VERTEX_POINT('',#3336);
#3336 = CARTESIAN_POINT('',(56.233089202612,92.251385903703,-3.5));
#3337 = B_SPLINE_CURVE_WITH_KNOTS('',7,(#3338,#3339,#3340,#3341,#3342,
    #3343,#3344,#3345,#3346,#3347,#3348,#3349,#3350,#3351,#3352,#3353,
    #3354,#3355,#3356,#3357,#3358,#3359,#3360,#3361,#3362,#3363,#3364,
    #3365,#3366,#3367,#3368,#3369),.UNSPECIFIED.,.F.,.F.,(8,6,6,6,6,8),(
    0.,0.268621146994,0.434440586672,0.596343104211,0.731480766211,1.),
  .UNSPECIFIED.);
#3338 = CARTESIAN_POINT('',(56.233089202612,92.251385903702,3.5));
#3339 = CARTESIAN_POINT('',(55.985641074462,91.98145235315,3.5));
#3340 = CARTESIAN_POINT('',(55.732392667648,91.717588167202,
    3.455301582876));
#3341 = CARTESIAN_POINT('',(55.475433733017,91.462006390495,
    3.366149953873));
#3342 = CARTESIAN_POINT('',(55.217342091159,91.216795776037,
    3.231414338366));
#3343 = CARTESIAN_POINT('',(54.961829606233,90.984559578954,
    3.049005989575));
#3344 = CARTESIAN_POINT('',(54.714384345206,90.768587160601,
    2.816075618391));
#3345 = CARTESIAN_POINT('',(54.341284006582,90.45363397453,
    2.353053407512));
#3346 = CARTESIAN_POINT('',(54.204351265418,90.340744401454,
    2.154862155082));
#3347 = CARTESIAN_POINT('',(54.075893425655,90.237217470866,
    1.935077485181));
#3348 = CARTESIAN_POINT('',(53.95914667094,90.1450236005,1.694066553544)
  );
#3349 = CARTESIAN_POINT('',(53.85754740233,90.06609759825,1.432690272525
    ));
#3350 = CARTESIAN_POINT('',(53.774680467337,90.002440489869,
    1.152365189178));
#3351 = CARTESIAN_POINT('',(53.6551693872,89.911229425506,0.565037376639
    ));
#3352 = CARTESIAN_POINT('',(53.617886912718,89.88316964248,
    0.260825280409));
#3353 = CARTESIAN_POINT('',(53.606099819315,89.874431343899,
    -5.089825139221E-02));
#3354 = CARTESIAN_POINT('',(53.621311566534,89.885794764395,
    -0.362870750161));
#3355 = CARTESIAN_POINT('',(53.662618831082,89.916771342998,
    -0.667741618724));
#3356 = CARTESIAN_POINT('',(53.726777564034,89.96556055067,
    -0.958658442028));
#3357 = CARTESIAN_POINT('',(53.876728732367,90.081386464762,
    -1.456139694296));
#3358 = CARTESIAN_POINT('',(53.957465806217,90.144285889025,
    -1.669609787835));
#3359 = CARTESIAN_POINT('',(54.048714087954,90.216206207069,
    -1.869582897306));
#3360 = CARTESIAN_POINT('',(54.148604782563,90.296088167922,
    -2.055674580978));
#3361 = CARTESIAN_POINT('',(54.255419085976,90.38294721301,
    -2.227712375725));
#3362 = CARTESIAN_POINT('',(54.367589664317,90.475839933244,
    -2.385699059479));
#3363 = CARTESIAN_POINT('',(54.714384345206,90.768587160601,
    -2.816075618391));
#3364 = CARTESIAN_POINT('',(54.961829606233,90.984559578954,
    -3.049005989574));
#3365 = CARTESIAN_POINT('',(55.217342091159,91.216795776036,
    -3.231414338367));
#3366 = CARTESIAN_POINT('',(55.475433733019,91.462006390497,
    -3.366149953873));
#3367 = CARTESIAN_POINT('',(55.732392667647,91.7175881672,
    -3.455301582875));
#3368 = CARTESIAN_POINT('',(55.985641074463,91.981452353151,-3.5));
#3369 = CARTESIAN_POINT('',(56.233089202612,92.251385903702,-3.5));
#3370 = ORIENTED_EDGE('',*,*,#3371,.T.);
#3371 = EDGE_CURVE('',#3333,#3372,#3374,.T.);
#3372 = VERTEX_POINT('',#3373);
#3373 = CARTESIAN_POINT('',(66.369159851585,103.30851355056,3.5));
#3374 = LINE('',#3375,#3376);
#3375 = CARTESIAN_POINT('',(479.10995667777,553.55475133083,3.5));
#3376 = VECTOR('',#3377,1.);
#3377 = DIRECTION('',(0.675738043265,0.737141843124,5.4E-16));
#3378 = ORIENTED_EDGE('',*,*,#3379,.F.);
#3379 = EDGE_CURVE('',#3380,#3372,#3382,.T.);
#3380 = VERTEX_POINT('',#3381);
#3381 = CARTESIAN_POINT('',(68.494566920267,106.10822110416,
    -1.136868377216E-13));
#3382 = B_SPLINE_CURVE_WITH_KNOTS('',8,(#3383,#3384,#3385,#3386,#3387,
    #3388,#3389,#3390,#3391,#3392,#3393,#3394,#3395,#3396,#3397,#3398),
  .UNSPECIFIED.,.F.,.F.,(9,7,9),(0.,0.308880979767,1.),.UNSPECIFIED.);
#3383 = CARTESIAN_POINT('',(68.494566920267,106.10822110416,-4.053E-14)
  );
#3384 = CARTESIAN_POINT('',(68.494566920267,106.10822110416,
    0.258107628413));
#3385 = CARTESIAN_POINT('',(68.482821229091,106.08947809503,
    0.514143074761));
#3386 = CARTESIAN_POINT('',(68.459659534568,106.05251864822,
    0.765299157368));
#3387 = CARTESIAN_POINT('',(68.425616314121,105.99844389131,
    1.00887438428));
#3388 = CARTESIAN_POINT('',(68.381431801105,105.92890097025,
    1.24236674575));
#3389 = CARTESIAN_POINT('',(68.328092108637,105.84603052059,
    1.463561835824));
#3390 = CARTESIAN_POINT('',(68.266889149137,105.75240371029,
    1.670613132738));
#3391 = CARTESIAN_POINT('',(68.04865570078,105.42398823368,
    2.290590235926));
#3392 = CARTESIAN_POINT('',(67.863938373132,105.15363748344,
    2.649240706524));
#3393 = CARTESIAN_POINT('',(67.653823825339,104.85821441456,
    2.939962972117));
#3394 = CARTESIAN_POINT('',(67.423606817677,104.54976116825,
    3.166862896365));
#3395 = CARTESIAN_POINT('',(67.177351271027,104.23619166425,
    3.333962011058));
#3396 = CARTESIAN_POINT('',(66.918046666007,103.92268847464,
    3.444435473464));
#3397 = CARTESIAN_POINT('',(66.64790866382,103.61259205445,3.5));
#3398 = CARTESIAN_POINT('',(66.369159851585,103.30851355056,3.5));
#3399 = ORIENTED_EDGE('',*,*,#3400,.F.);
#3400 = EDGE_CURVE('',#3401,#3380,#3403,.T.);
#3401 = VERTEX_POINT('',#3402);
#3402 = CARTESIAN_POINT('',(66.369159851585,103.30851355056,-3.5));
#3403 = B_SPLINE_CURVE_WITH_KNOTS('',7,(#3404,#3405,#3406,#3407,#3408,
    #3409,#3410,#3411,#3412,#3413,#3414,#3415,#3416,#3417,#3418,#3419,
    #3420,#3421,#3422,#3423),.UNSPECIFIED.,.F.,.F.,(8,6,6,8),(0.,
    0.536785513844,0.806933536701,1.),.UNSPECIFIED.);
#3404 = CARTESIAN_POINT('',(66.369159851585,103.30851355056,-3.5));
#3405 = CARTESIAN_POINT('',(66.616607977241,103.57844709839,-3.5));
#3406 = CARTESIAN_POINT('',(66.857506426535,103.85363251652,
    -3.455301580179));
#3407 = CARTESIAN_POINT('',(67.089831746603,104.13179587857,
    -3.366149962641));
#3408 = CARTESIAN_POINT('',(67.311726794932,104.41018798268,
    -3.23141432596));
#3409 = CARTESIAN_POINT('',(67.520920048935,104.68488497564,
    -3.04900599858));
#3410 = CARTESIAN_POINT('',(67.714610759723,104.95013422035,
    -2.816075615425));
#3411 = CARTESIAN_POINT('',(67.976167616825,105.32101897,-2.385699059439
    ));
#3412 = CARTESIAN_POINT('',(68.058978599415,105.4408256362,
    -2.227712375719));
#3413 = CARTESIAN_POINT('',(68.136243346427,105.55477276424,
    -2.055674581013));
#3414 = CARTESIAN_POINT('',(68.207157981757,105.6612170832,
    -1.869582897345));
#3415 = CARTESIAN_POINT('',(68.270890775923,105.75836085306,
    -1.669609787831));
#3416 = CARTESIAN_POINT('',(68.326548601303,105.84425042834,
    -1.456139694243));
#3417 = CARTESIAN_POINT('',(68.40641363921,105.96862270487,
    -1.068062376171));
#3418 = CARTESIAN_POINT('',(68.43507123621,106.01365171315,
    -0.899707275467));
#3419 = CARTESIAN_POINT('',(68.458553118282,106.0508274701,
    -0.725819697167));
#3420 = CARTESIAN_POINT('',(68.476459713298,106.07932675183,
    -0.547596272923));
#3421 = CARTESIAN_POINT('',(68.488517093076,106.09856729648,
    -0.366322597011));
#3422 = CARTESIAN_POINT('',(68.494566920267,106.10822110416,
    -0.183338049981));
#3423 = CARTESIAN_POINT('',(68.494566920267,106.10822110416,-4.065E-14)
  );
#3424 = ORIENTED_EDGE('',*,*,#3425,.F.);
#3425 = EDGE_CURVE('',#3335,#3401,#3426,.T.);
#3426 = LINE('',#3427,#3428);
#3427 = CARTESIAN_POINT('',(479.10995667777,553.55475133083,-3.5));
#3428 = VECTOR('',#3429,1.);
#3429 = DIRECTION('',(0.675738043265,0.737141843124,5.4E-16));
#3430 = FACE_BOUND('',#3431,.F.);
#3431 = EDGE_LOOP('',(#3432,#3442,#3455,#3486,#3494));
#3432 = ORIENTED_EDGE('',*,*,#3433,.T.);
#3433 = EDGE_CURVE('',#3434,#3436,#3438,.T.);
#3434 = VERTEX_POINT('',#3435);
#3435 = CARTESIAN_POINT('',(444.13895070985,482.58950103439,
    18.675327580016));
#3436 = VERTEX_POINT('',#3437);
#3437 = CARTESIAN_POINT('',(454.27502135882,493.64662868125,
    18.675327580016));
#3438 = LINE('',#3439,#3440);
#3439 = CARTESIAN_POINT('',(495.45631852199,538.57003886315,
    18.675327580016));
#3440 = VECTOR('',#3441,1.);
#3441 = DIRECTION('',(0.675738043265,0.737141843124,4.5E-16));
#3442 = ORIENTED_EDGE('',*,*,#3443,.T.);
#3443 = EDGE_CURVE('',#3436,#3444,#3446,.T.);
#3444 = VERTEX_POINT('',#3445);
#3445 = CARTESIAN_POINT('',(455.19502490789,496.01171183268,
    18.824491454859));
#3446 = B_SPLINE_CURVE_WITH_KNOTS('',7,(#3447,#3448,#3449,#3450,#3451,
    #3452,#3453,#3454),.UNSPECIFIED.,.F.,.F.,(8,8),(0.,1.),
  .PIECEWISE_BEZIER_KNOTS.);
#3447 = CARTESIAN_POINT('',(454.27502135882,493.64662868125,
    18.675327580016));
#3448 = CARTESIAN_POINT('',(454.51616663438,493.90968664381,
    18.675327580016));
#3449 = CARTESIAN_POINT('',(454.72569057577,494.2010705443,
    18.683283224428));
#3450 = CARTESIAN_POINT('',(454.90182342919,494.51853909296,
    18.699155849062));
#3451 = CARTESIAN_POINT('',(455.04175744744,494.8605206833,
    18.722502890414));
#3452 = CARTESIAN_POINT('',(455.14137312491,495.22529761067,
    18.752438602709));
#3453 = CARTESIAN_POINT('',(455.19502490789,495.61051899441,
    18.787335588027));
#3454 = CARTESIAN_POINT('',(455.19502490789,496.01171183268,
    18.824491454859));
#3455 = ORIENTED_EDGE('',*,*,#3456,.T.);
#3456 = EDGE_CURVE('',#3444,#3457,#3459,.T.);
#3457 = VERTEX_POINT('',#3458);
#3458 = CARTESIAN_POINT('',(449.11502845695,498.37679498411,
    18.675327580016));
#3459 = B_SPLINE_CURVE_WITH_KNOTS('',7,(#3460,#3461,#3462,#3463,#3464,
    #3465,#3466,#3467,#3468,#3469,#3470,#3471,#3472,#3473,#3474,#3475,
    #3476,#3477,#3478,#3479,#3480,#3481,#3482,#3483,#3484,#3485),
  .UNSPECIFIED.,.F.,.F.,(8,6,6,6,8),(0.,0.25106642016,0.453989770069,
    0.637055579,1.),.UNSPECIFIED.);
#3460 = CARTESIAN_POINT('',(455.19502490789,496.01171183268,
    18.824491454859));
#3461 = CARTESIAN_POINT('',(455.19502490789,496.29500334503,
    18.850728069035));
#3462 = CARTESIAN_POINT('',(455.16827386683,496.58888368611,
    18.878334337713));
#3463 = CARTESIAN_POINT('',(455.11116992474,496.88975538904,
    18.906184226652));
#3464 = CARTESIAN_POINT('',(455.02066897646,497.19339058202,
    18.932792516046));
#3465 = CARTESIAN_POINT('',(454.89426458633,497.49496650457,
    18.956410150086));
#3466 = CARTESIAN_POINT('',(454.73001030498,497.7889684617,
    18.975226407768));
#3467 = CARTESIAN_POINT('',(454.36216626942,498.29526234179,
    18.997741755699));
#3468 = CARTESIAN_POINT('',(454.17391399683,498.50999623727,
    19.003540833752));
#3469 = CARTESIAN_POINT('',(453.96394297588,498.70759276058,
    19.004295989975));
#3470 = CARTESIAN_POINT('',(453.73596621808,498.88361541136,
    18.999721394442));
#3471 = CARTESIAN_POINT('',(453.4949399566,499.03500762522,
    18.990187764195));
#3472 = CARTESIAN_POINT('',(453.24676626976,499.16034811983,
    18.976647273164));
#3473 = CARTESIAN_POINT('',(452.77367760411,499.35011761203,
    18.945590725881));
#3474 = CARTESIAN_POINT('',(452.54801928098,499.41964548222,
    18.928538442446));
#3475 = CARTESIAN_POINT('',(452.3230511357,499.46991493363,
    18.909843033638));
#3476 = CARTESIAN_POINT('',(452.1004327401,499.50217735505,
    18.890166396203));
#3477 = CARTESIAN_POINT('',(451.88156086113,499.51771020275,
    18.870109661735));
#3478 = CARTESIAN_POINT('',(451.66761299059,499.51780960983,
    18.850189721878));
#3479 = CARTESIAN_POINT('',(451.04714600294,499.47597665568,
    18.792463093688));
#3480 = CARTESIAN_POINT('',(450.65578408049,499.39250191821,
    18.756109473393));
#3481 = CARTESIAN_POINT('',(450.2898031508,499.26224099062,
    18.724794167054));
#3482 = CARTESIAN_POINT('',(449.95123358166,499.09159629228,
    18.700325885203));
#3483 = CARTESIAN_POINT('',(449.64152034998,498.88521272058,
    18.683675196594));
#3484 = CARTESIAN_POINT('',(449.36204324928,498.64625582194,
    18.675327580016));
#3485 = CARTESIAN_POINT('',(449.11502845695,498.37679498411,
    18.675327580016));
#3486 = ORIENTED_EDGE('',*,*,#3487,.F.);
#3487 = EDGE_CURVE('',#3488,#3457,#3490,.T.);
#3488 = VERTEX_POINT('',#3489);
#3489 = CARTESIAN_POINT('',(438.97895780798,487.31966733724,
    18.675327580016));
#3490 = LINE('',#3491,#3492);
#3491 = CARTESIAN_POINT('',(490.29632562012,543.300205166,
    18.675327580016));
#3492 = VECTOR('',#3493,1.);
#3493 = DIRECTION('',(0.675738043265,0.737141843124,4.5E-16));
#3494 = ORIENTED_EDGE('',*,*,#3495,.T.);
#3495 = EDGE_CURVE('',#3488,#3434,#3496,.T.);
#3496 = B_SPLINE_CURVE_WITH_KNOTS('',7,(#3497,#3498,#3499,#3500,#3501,
    #3502,#3503,#3504,#3505,#3506,#3507,#3508,#3509,#3510,#3511,#3512,
    #3513,#3514,#3515,#3516,#3517,#3518,#3519,#3520,#3521,#3522,#3523,
    #3524,#3525,#3526,#3527,#3528),.UNSPECIFIED.,.F.,.F.,(8,6,6,6,6,8),(
    0.,0.268632136156,0.434458361145,0.596351397896,0.731484939494,1.),
  .UNSPECIFIED.);
#3497 = CARTESIAN_POINT('',(438.97895780798,487.31966733724,
    18.675327580016));
#3498 = CARTESIAN_POINT('',(438.73150968232,487.04973378941,
    18.675327580016));
#3499 = CARTESIAN_POINT('',(438.51738532368,486.75000455819,
    18.683704509076));
#3500 = CARTESIAN_POINT('',(438.3384605978,486.42288886306,
    18.700413360416));
#3501 = CARTESIAN_POINT('',(438.19778651055,486.07004149119,
    18.724965371206));
#3502 = CARTESIAN_POINT('',(438.09989446538,485.69331466262,
    18.756383478892));
#3503 = CARTESIAN_POINT('',(438.05102920542,485.29530390442,
    18.792844956945));
#3504 = CARTESIAN_POINT('',(438.06509362549,484.6254367275,
    18.855046978155));
#3505 = CARTESIAN_POINT('',(438.09243023612,484.36196141386,
    18.879702052145));
#3506 = CARTESIAN_POINT('',(438.14421775457,484.09320353511,
    18.904436615411));
#3507 = CARTESIAN_POINT('',(438.22264474154,483.82209386512,
    18.928196627798));
#3508 = CARTESIAN_POINT('',(438.32960947492,483.55197720952,
    18.949756397598));
#3509 = CARTESIAN_POINT('',(438.46670141901,483.28668376217,
    18.967825552935));
#3510 = CARTESIAN_POINT('',(438.799624007,482.78073654947,
    18.994286084257));
#3511 = CARTESIAN_POINT('',(438.99285946411,482.54135680586,
    19.002807977375));
#3512 = CARTESIAN_POINT('',(439.21290722496,482.32008666807,
    19.005593174548));
#3513 = CARTESIAN_POINT('',(439.45549018706,482.1230140804,
    19.00205930124));
#3514 = CARTESIAN_POINT('',(439.71453048227,481.95439836396,
    18.992541502471));
#3515 = CARTESIAN_POINT('',(439.98258885215,481.81628085123,
    18.978215115753));
#3516 = CARTESIAN_POINT('',(440.475461147,481.61774703974,
    18.945948305364));
#3517 = CARTESIAN_POINT('',(440.70101633485,481.54789167618,
    18.928937163811));
#3518 = CARTESIAN_POINT('',(440.92591541932,481.49729428241,
    18.910273532212));
#3519 = CARTESIAN_POINT('',(441.14849405098,481.46470819213,
    18.890619201394));
#3520 = CARTESIAN_POINT('',(441.36734983327,481.44885879593,
    18.870575870075));
#3521 = CARTESIAN_POINT('',(441.58129920896,481.44845087661,
    18.850661388221));
#3522 = CARTESIAN_POINT('',(442.2027297285,481.48944546026,
    18.792844381592));
#3523 = CARTESIAN_POINT('',(442.59499439928,481.57265768523,
    18.756383473145));
#3524 = CARTESIAN_POINT('',(442.96180230847,481.70286093925,
    18.724965988013));
#3525 = CARTESIAN_POINT('',(443.30111328356,481.87361372537,
    18.700413850396));
#3526 = CARTESIAN_POINT('',(443.61147484994,482.08024231217,
    18.683704628132));
#3527 = CARTESIAN_POINT('',(443.89150089841,482.31956564759,
    18.675327580016));
#3528 = CARTESIAN_POINT('',(444.13895070985,482.58950103439,
    18.675327580016));
#3529 = CYLINDRICAL_SURFACE('',#3530,19.00047);
#3530 = AXIS2_PLACEMENT_3D('',#3531,#3532,#3533);
#3531 = CARTESIAN_POINT('',(492.87632207105,540.93512201458,1.8932E-13)
  );
#3532 = DIRECTION('',(0.675738043265,0.737141843124,6.8E-16));
#3533 = DIRECTION('',(0.737141843124,-0.675738043265,1.13E-15));
#3534 = ADVANCED_FACE('',(#3535,#3539),#3723,.F.);
#3535 = FACE_BOUND('',#3536,.F.);
#3536 = EDGE_LOOP('',(#3537,#3538));
#3537 = ORIENTED_EDGE('',*,*,#2852,.T.);
#3538 = ORIENTED_EDGE('',*,*,#3241,.T.);
#3539 = FACE_BOUND('',#3540,.F.);
#3540 = EDGE_LOOP('',(#3541,#3634));
#3541 = ORIENTED_EDGE('',*,*,#3542,.F.);
#3542 = EDGE_CURVE('',#3543,#3545,#3547,.T.);
#3543 = VERTEX_POINT('',#3544);
#3544 = CARTESIAN_POINT('',(483.41070792559,503.23176860503,0.));
#3545 = VERTEX_POINT('',#3546);
#3546 = CARTESIAN_POINT('',(467.10564669986,540.20029119274,
    -1.136868377216E-13));
#3547 = B_SPLINE_CURVE_WITH_KNOTS('',8,(#3548,#3549,#3550,#3551,#3552,
    #3553,#3554,#3555,#3556,#3557,#3558,#3559,#3560,#3561,#3562,#3563,
    #3564,#3565,#3566,#3567,#3568,#3569,#3570,#3571,#3572,#3573,#3574,
    #3575,#3576,#3577,#3578,#3579,#3580,#3581,#3582,#3583,#3584,#3585,
    #3586,#3587,#3588,#3589,#3590,#3591,#3592,#3593,#3594,#3595,#3596,
    #3597,#3598,#3599,#3600,#3601,#3602,#3603,#3604,#3605,#3606,#3607,
    #3608,#3609,#3610,#3611,#3612,#3613,#3614,#3615,#3616,#3617,#3618,
    #3619,#3620,#3621,#3622,#3623,#3624,#3625,#3626,#3627,#3628,#3629,
    #3630,#3631,#3632,#3633),.UNSPECIFIED.,.F.,.F.,(9,7,7,7,7,7,7,7,7,7,
    7,7,9),(0.,4.160974894821E-02,0.119754407819,0.311432648849,
    0.349080576393,0.549504235575,0.590118628965,0.658208714428,
    0.718893356239,0.790224664987,0.866621366255,0.903246762893,1.),
  .UNSPECIFIED.);
#3548 = CARTESIAN_POINT('',(483.41070792559,503.23176860503,-7.817E-14)
  );
#3549 = CARTESIAN_POINT('',(483.41070792559,503.23176860503,
    0.424684842723));
#3550 = CARTESIAN_POINT('',(483.41240728528,503.25011103889,
    0.848361341421));
#3551 = CARTESIAN_POINT('',(483.41579271054,503.28664276328,
    1.269464225967));
#3552 = CARTESIAN_POINT('',(483.4208122742,503.34088757919,
    1.686428585254));
#3553 = CARTESIAN_POINT('',(483.42737750744,503.41204503266,
    2.097683110949));
#3554 = CARTESIAN_POINT('',(483.43536549138,503.49898921551,
    2.50164334124));
#3555 = CARTESIAN_POINT('',(483.44462094848,503.60026756604,
    2.896704904589));
#3556 = CARTESIAN_POINT('',(483.47437232934,503.92788060194,
    4.003401921824));
#3557 = CARTESIAN_POINT('',(483.49762961875,504.18622695585,
    4.689400121226));
#3558 = CARTESIAN_POINT('',(483.52384397074,504.48107954761,
    5.340143796104));
#3559 = CARTESIAN_POINT('',(483.55222962532,504.80554900167,
    5.956968062604));
#3560 = CARTESIAN_POINT('',(483.58211662573,505.15387299077,
    6.54154375916));
#3561 = CARTESIAN_POINT('',(483.61295507706,505.52138206194,
    7.095805990806));
#3562 = CARTESIAN_POINT('',(483.64430833182,505.90447404856,
    7.621898177246));
#3563 = CARTESIAN_POINT('',(483.75316599121,507.27223306711,
    9.349136301609));
#3564 = CARTESIAN_POINT('',(483.8329672619,508.34018900092,
    10.443187273229));
#3565 = CARTESIAN_POINT('',(483.90955637652,509.46273644142,
    11.416820188118));
#3566 = CARTESIAN_POINT('',(483.9788559766,510.61308020889,
    12.285033254181));
#3567 = CARTESIAN_POINT('',(484.03824155211,511.77721692688,
    13.06339672532));
#3568 = CARTESIAN_POINT('',(484.08570888294,512.95276741809,
    13.767114221558));
#3569 = CARTESIAN_POINT('',(484.11909536845,514.14752883479,
    14.409890345932));
#3570 = CARTESIAN_POINT('',(484.13588645683,515.61778962569,
    15.117928356015));
#3571 = CARTESIAN_POINT('',(484.13788739963,515.85968432692,
    15.231817766597));
#3572 = CARTESIAN_POINT('',(484.13909991517,516.10208233448,
    15.34339983244));
#3573 = CARTESIAN_POINT('',(484.13948967256,516.34496330032,
    15.452711538577));
#3574 = CARTESIAN_POINT('',(484.13902060381,516.58830871995,
    15.559786834093));
#3575 = CARTESIAN_POINT('',(484.13765468021,516.8321019198,
    15.664656759234));
#3576 = CARTESIAN_POINT('',(484.13535168871,517.07632804462,
    15.767349572496));
#3577 = CARTESIAN_POINT('',(484.11459323089,518.62337897867,
    16.403135647056));
#3578 = CARTESIAN_POINT('',(484.0694998964,519.92660722507,
    16.872852125469));
#3579 = CARTESIAN_POINT('',(483.99105777931,521.23781013102,
    17.286603015708));
#3580 = CARTESIAN_POINT('',(483.87092512462,522.56180175935,
    17.647162933616));
#3581 = CARTESIAN_POINT('',(483.69719272802,523.89728929985,
    17.952262676902));
#3582 = CARTESIAN_POINT('',(483.45358536043,525.23626225794,
    18.195787872856));
#3583 = CARTESIAN_POINT('',(483.11868201099,526.56595559927,
    18.36853539925));
#3584 = CARTESIAN_POINT('',(482.57653000454,528.13811492581,
    18.471633860769));
#3585 = CARTESIAN_POINT('',(482.48034120653,528.40232526014,
    18.485447169277));
#3586 = CARTESIAN_POINT('',(482.37912914139,528.66563237202,
    18.495549612131));
#3587 = CARTESIAN_POINT('',(482.27270621556,528.92784064654,
    18.501784261918));
#3588 = CARTESIAN_POINT('',(482.16088411254,529.18876719396,
    18.503987247488));
#3589 = CARTESIAN_POINT('',(482.04347474749,529.44824209786,
    18.501985432465));
#3590 = CARTESIAN_POINT('',(481.92029122178,529.70610866333,
    18.49559409376));
#3591 = CARTESIAN_POINT('',(481.57464129523,530.39160081208,
    18.466207464095));
#3592 = CARTESIAN_POINT('',(481.34104374245,530.81673214225,
    18.434875528289));
#3593 = CARTESIAN_POINT('',(481.0900090045,531.23569654841,
    18.389662667251));
#3594 = CARTESIAN_POINT('',(480.82136947976,531.64692848129,
    18.32968650573));
#3595 = CARTESIAN_POINT('',(480.53518332686,532.0491785305,
    18.254109619741));
#3596 = CARTESIAN_POINT('',(480.23177180505,532.4414714238,
    18.162130909096));
#3597 = CARTESIAN_POINT('',(479.91174770767,532.82306144456,
    18.052997141389));
#3598 = CARTESIAN_POINT('',(479.27683402838,533.52343285659,
    17.812880568612));
#3599 = CARTESIAN_POINT('',(478.96579570185,533.84384312595,
    17.685801201563));
#3600 = CARTESIAN_POINT('',(478.6436525008,534.15429480937,
    17.544418529479));
#3601 = CARTESIAN_POINT('',(478.31134967613,534.45455447456,
    17.388423118752));
#3602 = CARTESIAN_POINT('',(477.97004697504,534.74446181276,
    17.217597540193));
#3603 = CARTESIAN_POINT('',(477.62111335829,535.02391274804,
    17.031851057424));
#3604 = CARTESIAN_POINT('',(477.26611459773,535.29284036631,
    16.831265602406));
#3605 = CARTESIAN_POINT('',(476.48443275371,535.85487311715,
    16.363300581832));
#3606 = CARTESIAN_POINT('',(476.05591931534,536.14407267788,
    16.090268379879));
#3607 = CARTESIAN_POINT('',(475.62298825621,536.4194705611,
    15.796882468538));
#3608 = CARTESIAN_POINT('',(475.18746443934,536.68169353639,
    15.483018303404));
#3609 = CARTESIAN_POINT('',(474.75122812921,536.9313102946,
    15.148615864343));
#3610 = CARTESIAN_POINT('',(474.31618559664,537.16882797901,
    14.793689295803));
#3611 = CARTESIAN_POINT('',(473.88424497288,537.39469188103,
    14.418331082473));
#3612 = CARTESIAN_POINT('',(473.00003124722,537.83912368152,
    13.598996572222));
#3613 = CARTESIAN_POINT('',(472.54808233636,538.0562404413,
    13.151660375141));
#3614 = CARTESIAN_POINT('',(472.10350816333,538.26121601077,
    12.680574565981));
#3615 = CARTESIAN_POINT('',(471.66836996431,538.45451184286,
    12.185623226316));
#3616 = CARTESIAN_POINT('',(471.24475188895,538.63647658784,
    11.666712558913));
#3617 = CARTESIAN_POINT('',(470.83478022053,538.80734926879,
    11.1237813243));
#3618 = CARTESIAN_POINT('',(470.44064259613,538.96726245708,
    10.556811277316));
#3619 = CARTESIAN_POINT('',(469.88433184427,539.18766948901,
    9.682518496441));
#3620 = CARTESIAN_POINT('',(469.70822407807,539.25657855464,
    9.393693672385));
#3621 = CARTESIAN_POINT('',(469.53656434383,539.32296386324,
    9.099416496756));
#3622 = CARTESIAN_POINT('',(469.36963218065,539.38681391518,
    8.79974690191));
#3623 = CARTESIAN_POINT('',(469.20770616454,539.44811435504,
    8.494751401867));
#3624 = CARTESIAN_POINT('',(469.05106382172,539.50684783396,
    8.184503106859));
#3625 = CARTESIAN_POINT('',(468.89998154201,539.56299387189,
    7.86908173789));
#3626 = CARTESIAN_POINT('',(468.37103565067,539.75795162077,
    6.701888042971));
#3627 = CARTESIAN_POINT('',(468.02662573264,539.88168008681,
    5.816543134755));
#3628 = CARTESIAN_POINT('',(467.72880033976,539.98641574792,
    4.897394577551));
#3629 = CARTESIAN_POINT('',(467.48365838174,540.07124171663,
    3.949891164815));
#3630 = CARTESIAN_POINT('',(467.2960094385,540.13547744449,2.97997528774
    ));
#3631 = CARTESIAN_POINT('',(467.16931492711,540.1786135277,
    1.993965348089));
#3632 = CARTESIAN_POINT('',(467.10564669986,540.20029119274,
    0.998421987237));
#3633 = CARTESIAN_POINT('',(467.10564669986,540.20029119274,-9.373E-14)
  );
#3634 = ORIENTED_EDGE('',*,*,#3635,.F.);
#3635 = EDGE_CURVE('',#3545,#3543,#3636,.T.);
#3636 = B_SPLINE_CURVE_WITH_KNOTS('',8,(#3637,#3638,#3639,#3640,#3641,
    #3642,#3643,#3644,#3645,#3646,#3647,#3648,#3649,#3650,#3651,#3652,
    #3653,#3654,#3655,#3656,#3657,#3658,#3659,#3660,#3661,#3662,#3663,
    #3664,#3665,#3666,#3667,#3668,#3669,#3670,#3671,#3672,#3673,#3674,
    #3675,#3676,#3677,#3678,#3679,#3680,#3681,#3682,#3683,#3684,#3685,
    #3686,#3687,#3688,#3689,#3690,#3691,#3692,#3693,#3694,#3695,#3696,
    #3697,#3698,#3699,#3700,#3701,#3702,#3703,#3704,#3705,#3706,#3707,
    #3708,#3709,#3710,#3711,#3712,#3713,#3714,#3715,#3716,#3717,#3718,
    #3719,#3720,#3721,#3722),.UNSPECIFIED.,.F.,.F.,(9,7,7,7,7,7,7,7,7,7,
    7,7,9),(0.,9.702845992996E-02,0.133758015175,0.210351964559,
    0.281819443144,0.343246941204,0.411097232787,0.452303563814,
    0.651623739303,0.762186017022,0.87880056665,0.94381949307,1.),
  .UNSPECIFIED.);
#3637 = CARTESIAN_POINT('',(467.10564669986,540.20029119274,-9.54E-14));
#3638 = CARTESIAN_POINT('',(467.10564669986,540.20029119274,
    -0.998423211553));
#3639 = CARTESIAN_POINT('',(467.16931508336,540.1786134745,
    -1.993966748421));
#3640 = CARTESIAN_POINT('',(467.29600967183,540.13547736502,
    -2.979976253988));
#3641 = CARTESIAN_POINT('',(467.48365854022,540.07124166106,
    -3.949891462065));
#3642 = CARTESIAN_POINT('',(467.72880030997,539.9864157559,
    -4.897394260734));
#3643 = CARTESIAN_POINT('',(468.02662551131,539.88168016395,
    -5.816542472327));
#3644 = CARTESIAN_POINT('',(468.37103538477,539.75795171877,
    -6.701887456241));
#3645 = CARTESIAN_POINT('',(468.89998154201,539.56299387189,
    -7.86908173789));
#3646 = CARTESIAN_POINT('',(469.05106382172,539.50684783397,
    -8.184503106858));
#3647 = CARTESIAN_POINT('',(469.20770616454,539.44811435504,
    -8.494751401866));
#3648 = CARTESIAN_POINT('',(469.36963218065,539.38681391518,
    -8.799746901909));
#3649 = CARTESIAN_POINT('',(469.53656434383,539.32296386324,
    -9.099416496755));
#3650 = CARTESIAN_POINT('',(469.70822407807,539.25657855464,
    -9.393693672384));
#3651 = CARTESIAN_POINT('',(469.88433184427,539.18766948901,
    -9.682518496439));
#3652 = CARTESIAN_POINT('',(470.44054435533,538.96730137951,
    -10.55665688298));
#3653 = CARTESIAN_POINT('',(470.83457417786,538.80743286552,
    -11.1234849041));
#3654 = CARTESIAN_POINT('',(471.24443019761,538.63661066085,
    -11.66628649205));
#3655 = CARTESIAN_POINT('',(471.66792648671,538.45470232808,
    -12.18507993262));
#3656 = CARTESIAN_POINT('',(472.10293847231,538.26146906573,
    -12.67992651285));
#3657 = CARTESIAN_POINT('',(472.54738372266,538.05656253655,
    -13.15092006157));
#3658 = CARTESIAN_POINT('',(472.99920273317,537.83952169576,
    -13.59817648992));
#3659 = CARTESIAN_POINT('',(473.88288028833,537.39539496264,
    -14.41711528178));
#3660 = CARTESIAN_POINT('',(474.31440922816,537.16977368939,
    -14.79218446018));
#3661 = CARTESIAN_POINT('',(474.74904013431,536.93252085733,
    -15.14686083682));
#3662 = CARTESIAN_POINT('',(475.18486932554,536.68319293505,
    -15.48105114619));
#3663 = CARTESIAN_POINT('',(475.61999470846,536.42128499418,
    -15.7947402717));
#3664 = CARTESIAN_POINT('',(476.05253989365,536.14623107089,
    -16.08798717717));
#3665 = CARTESIAN_POINT('',(476.48068355625,535.85740769648,
    -16.36091538576));
#3666 = CARTESIAN_POINT('',(477.26541914014,535.29347743214,
    -16.83096891366));
#3667 = CARTESIAN_POINT('',(477.62376624239,535.02203349633,
    -17.03344847411));
#3668 = CARTESIAN_POINT('',(477.97593614049,534.73986373336,
    -17.2208098474));
#3669 = CARTESIAN_POINT('',(478.3203144345,534.44703954964,
    -17.39296682924));
#3670 = CARTESIAN_POINT('',(478.65549199765,534.14367128937,
    -17.55001338954));
#3671 = CARTESIAN_POINT('',(478.98027786146,533.82992838726,
    -17.69217524333));
#3672 = CARTESIAN_POINT('',(479.29370452013,533.50605719854,
    -17.81977345421));
#3673 = CARTESIAN_POINT('',(479.92785260456,532.80384860919,
    -18.05848645253));
#3674 = CARTESIAN_POINT('',(480.2451193852,532.42423257561,
    -18.1661848742));
#3675 = CARTESIAN_POINT('',(480.54594455488,532.03410046421,
    -18.25696820561));
#3676 = CARTESIAN_POINT('',(480.82974709361,531.63418203333,
    -18.33158246408));
#3677 = CARTESIAN_POINT('',(481.09622720884,531.22542970741,
    -18.39081736638));
#3678 = CARTESIAN_POINT('',(481.34533875812,530.80906108145,
    -18.43549593347));
#3679 = CARTESIAN_POINT('',(481.5772532885,530.38659896381,
    -18.46648314785));
#3680 = CARTESIAN_POINT('',(481.92292578147,529.70077477731,
    -18.49578528388));
#3681 = CARTESIAN_POINT('',(482.04743643514,529.43985093439,
    -18.50216173073));
#3682 = CARTESIAN_POINT('',(482.16603958745,529.17728511455,
    -18.50404879708));
#3683 = CARTESIAN_POINT('',(482.27892933472,528.91323897296,
    -18.50163763368));
#3684 = CARTESIAN_POINT('',(482.38630092627,528.64788787094,
    -18.49510720395));
#3685 = CARTESIAN_POINT('',(482.48834975499,528.38142061311,
    -18.48462673886));
#3686 = CARTESIAN_POINT('',(482.58527034786,528.11403918453,
    -18.47035819185));
#3687 = CARTESIAN_POINT('',(483.12219834468,526.54921863822,
    -18.36587658292));
#3688 = CARTESIAN_POINT('',(483.45354003047,525.23064366673,
    -18.19397198755));
#3689 = CARTESIAN_POINT('',(483.69523867058,523.90306169682,
    -17.95250183168));
#3690 = CARTESIAN_POINT('',(483.86815593334,522.57886596084,
    -17.65045143824));
#3691 = CARTESIAN_POINT('',(483.98818965663,521.26584123677,
    -17.29378543447));
#3692 = CARTESIAN_POINT('',(484.06700566038,519.96527879683,
    -16.88473903347));
#3693 = CARTESIAN_POINT('',(484.11280542573,518.67255122787,
    -16.42066636547));
#3694 = CARTESIAN_POINT('',(484.14146895366,516.66411263996,
    -15.59933391768));
#3695 = CARTESIAN_POINT('',(484.14322129563,515.95168405349,
    -15.28812360911));
#3696 = CARTESIAN_POINT('',(484.13760763578,515.24334974172,
    -14.95801127032));
#3697 = CARTESIAN_POINT('',(484.1255234531,514.53919633086,
    -14.60801988895));
#3698 = CARTESIAN_POINT('',(484.10772195983,513.8395722988,
    -14.23695933329));
#3699 = CARTESIAN_POINT('',(484.0848724296,513.14519916618,
    -13.84346197043));
#3700 = CARTESIAN_POINT('',(484.05760614615,512.45728217049,
    -13.42602312561));
#3701 = CARTESIAN_POINT('',(483.99379375862,511.06075342129,
    -12.51582072132));
#3702 = CARTESIAN_POINT('',(483.95696850879,510.35628324444,
    -12.02227944911));
#3703 = CARTESIAN_POINT('',(483.91667899276,509.66187132882,
    -11.49818830306));
#3704 = CARTESIAN_POINT('',(483.87340844379,508.97719195401,
    -10.93900529846));
#3705 = CARTESIAN_POINT('',(483.82770360337,508.30413439972,
    -10.34006474276));
#3706 = CARTESIAN_POINT('',(483.78029253063,507.6469916009,
    -9.696750207717));
#3707 = CARTESIAN_POINT('',(483.73215533081,507.01263685494,
    -9.004658119913));
#3708 = CARTESIAN_POINT('',(483.65803541816,506.07507223978,
    -7.844429037622));
#3709 = CARTESIAN_POINT('',(483.63160760004,505.74869246127,
    -7.411651412114));
#3710 = CARTESIAN_POINT('',(483.60546245931,505.43274053874,
    -6.959878275976));
#3711 = CARTESIAN_POINT('',(483.5798255158,505.12897133631,
    -6.487639702775));
#3712 = CARTESIAN_POINT('',(483.55497903863,504.83971858565,
    -5.993564289329));
#3713 = CARTESIAN_POINT('',(483.5312673212,504.56790919484,
    -5.476405553032));
#3714 = CARTESIAN_POINT('',(483.50909804419,504.31707812231,
    -4.935068753944));
#3715 = CARTESIAN_POINT('',(483.47152165261,503.89636951399,
    -3.879205899493));
#3716 = CARTESIAN_POINT('',(483.45547040483,503.71861571139,
    -3.367256945847));
#3717 = CARTESIAN_POINT('',(483.44128342049,503.56304755311,
    -2.836044479148));
#3718 = CARTESIAN_POINT('',(483.42939840521,503.43374332889,
    -2.288711956111));
#3719 = CARTESIAN_POINT('',(483.42017620069,503.33394947794,
    -1.728356984677));
#3720 = CARTESIAN_POINT('',(483.41388814497,503.26608976172,
    -1.158067092685));
#3721 = CARTESIAN_POINT('',(483.41070792559,503.23176860503,
    -0.580927372275));
#3722 = CARTESIAN_POINT('',(483.41070792559,503.23176860503,-8.167E-14)
  );
#3723 = CYLINDRICAL_SURFACE('',#3724,23.0124);
#3724 = AXIS2_PLACEMENT_3D('',#3725,#3726,#3727);
#3725 = CARTESIAN_POINT('',(465.,602.,-8.388E-14));
#3726 = DIRECTION('',(-0.403545296352,0.91495966785,4.E-17));
#3727 = DIRECTION('',(-0.91495966785,-0.403545296352,-8.9E-16));
#3728 = ADVANCED_FACE('',(#3729),#3808,.F.);
#3729 = FACE_BOUND('',#3730,.T.);
#3730 = EDGE_LOOP('',(#3731,#3764,#3770,#3771,#3772,#3773));
#3731 = ORIENTED_EDGE('',*,*,#3732,.F.);
#3732 = EDGE_CURVE('',#3733,#3735,#3737,.T.);
#3733 = VERTEX_POINT('',#3734);
#3734 = CARTESIAN_POINT('',(176.07760935509,167.97154611001,0.));
#3735 = VERTEX_POINT('',#3736);
#3736 = CARTESIAN_POINT('',(172.69891913876,164.28583689439,
    -1.136868377216E-13));
#3737 = B_SPLINE_CURVE_WITH_KNOTS('',7,(#3738,#3739,#3740,#3741,#3742,
    #3743,#3744,#3745,#3746,#3747,#3748,#3749,#3750,#3751,#3752,#3753,
    #3754,#3755,#3756,#3757,#3758,#3759,#3760,#3761,#3762,#3763),
  .UNSPECIFIED.,.F.,.F.,(8,6,6,6,8),(0.,0.244385374131,0.500030399529,
    0.755674703594,1.),.UNSPECIFIED.);
#3738 = CARTESIAN_POINT('',(176.07760935509,167.97154611001,-4.128E-14)
  );
#3739 = CARTESIAN_POINT('',(176.07760935509,167.97154611001,
    0.333950794448));
#3740 = CARTESIAN_POINT('',(176.03725722665,167.93793520472,
    0.658184877801));
#3741 = CARTESIAN_POINT('',(175.96077717629,167.87422994046,
    0.963436942482));
#3742 = CARTESIAN_POINT('',(175.85431319945,167.78438739865,
    1.242152812233));
#3743 = CARTESIAN_POINT('',(175.72553100066,167.67311688106,
    1.488681833909));
#3744 = CARTESIAN_POINT('',(175.5828844705,167.54642290659,
    1.699800477407));
#3745 = CARTESIAN_POINT('',(175.28072344285,167.27094221207,
    2.058839691888));
#3746 = CARTESIAN_POINT('',(175.11629579703,167.11735960011,
    2.208674410593));
#3747 = CARTESIAN_POINT('',(174.94650126508,166.95416958582,
    2.326362462207));
#3748 = CARTESIAN_POINT('',(174.77440738347,166.78358159272,
    2.413448446774));
#3749 = CARTESIAN_POINT('',(174.60213910637,166.60729886548,
    2.471116278689));
#3750 = CARTESIAN_POINT('',(174.43128887174,166.42675321447,2.5));
#3751 = CARTESIAN_POINT('',(174.09505948152,166.05997091637,2.5));
#3752 = CARTESIAN_POINT('',(173.93001238731,165.87409654485,
    2.471116472105));
#3753 = CARTESIAN_POINT('',(173.76933727166,165.68718099678,
    2.413445815421));
#3754 = CARTESIAN_POINT('',(173.61432576602,165.50093944782,
    2.326358218414));
#3755 = CARTESIAN_POINT('',(173.46648774527,165.31763497567,
    2.208674270166));
#3756 = CARTESIAN_POINT('',(173.32775161157,165.14050639937,
    2.058846835816));
#3757 = CARTESIAN_POINT('',(173.07954375987,164.81561093802,
    1.699836292673));
#3758 = CARTESIAN_POINT('',(172.9656914482,164.66249737793,
    1.488720038336));
#3759 = CARTESIAN_POINT('',(172.86599219012,164.52451882135,
    1.242158406416));
#3760 = CARTESIAN_POINT('',(172.78571320888,164.41064366931,
    0.963390019163));
#3761 = CARTESIAN_POINT('',(172.72888755877,164.32893131138,
    0.65809500417));
#3762 = CARTESIAN_POINT('',(172.69891913876,164.28583689439,
    0.333867480562));
#3763 = CARTESIAN_POINT('',(172.69891913876,164.28583689439,-8.82E-14));
#3764 = ORIENTED_EDGE('',*,*,#3765,.T.);
#3765 = EDGE_CURVE('',#3733,#2946,#3766,.T.);
#3766 = LINE('',#3767,#3768);
#3767 = CARTESIAN_POINT('',(162.44041891452,180.47276072684,9.396E-14));
#3768 = VECTOR('',#3769,1.);
#3769 = DIRECTION('',(0.737141843124,-0.675738043265,3.E-16));
#3770 = ORIENTED_EDGE('',*,*,#2953,.T.);
#3771 = ORIENTED_EDGE('',*,*,#3205,.T.);
#3772 = ORIENTED_EDGE('',*,*,#3765,.F.);
#3773 = ORIENTED_EDGE('',*,*,#3774,.F.);
#3774 = EDGE_CURVE('',#3735,#3733,#3775,.T.);
#3775 = B_SPLINE_CURVE_WITH_KNOTS('',7,(#3776,#3777,#3778,#3779,#3780,
    #3781,#3782,#3783,#3784,#3785,#3786,#3787,#3788,#3789,#3790,#3791,
    #3792,#3793,#3794,#3795,#3796,#3797,#3798,#3799,#3800,#3801,#3802,
    #3803,#3804,#3805,#3806,#3807),.UNSPECIFIED.,.F.,.F.,(8,6,6,6,6,8),(
    0.,0.243671807478,0.498578917555,0.753503404379,0.906083856633,1.),
  .UNSPECIFIED.);
#3776 = CARTESIAN_POINT('',(172.69891913876,164.28583689439,-9.063E-14)
  );
#3777 = CARTESIAN_POINT('',(172.69891913876,164.28583689439,
    -0.333950794448));
#3778 = CARTESIAN_POINT('',(172.72890251953,164.32895283231,
    -0.658184877802));
#3779 = CARTESIAN_POINT('',(172.7857324697,164.4106713465,
    -0.963436942481));
#3780 = CARTESIAN_POINT('',(172.86599985739,164.52452830569,
    -1.242152812233));
#3781 = CARTESIAN_POINT('',(172.96567818427,164.66247834723,
    -1.488681833909));
#3782 = CARTESIAN_POINT('',(173.07951899839,164.81557852611,
    -1.699800477407));
#3783 = CARTESIAN_POINT('',(173.32775091828,165.14050549187,
    -2.058845833028));
#3784 = CARTESIAN_POINT('',(173.4664855467,165.31763215757,
    -2.208671705975));
#3785 = CARTESIAN_POINT('',(173.61432420789,165.50093763172,
    -2.326358314244));
#3786 = CARTESIAN_POINT('',(173.76934017119,165.68718493153,
    -2.413449566729));
#3787 = CARTESIAN_POINT('',(173.93002166648,165.87410744419,
    -2.471120347797));
#3788 = CARTESIAN_POINT('',(174.09507094092,166.05998341708,-2.5));
#3789 = CARTESIAN_POINT('',(174.43128839739,166.42675269701,-2.5));
#3790 = CARTESIAN_POINT('',(174.60214308554,166.60730324626,
    -2.471116472104));
#3791 = CARTESIAN_POINT('',(174.77441432078,166.78358862968,
    -2.413445815421));
#3792 = CARTESIAN_POINT('',(174.94650545143,166.95417328371,
    -2.326358218413));
#3793 = CARTESIAN_POINT('',(175.11629292354,167.11735669036,
    -2.208674270167));
#3794 = CARTESIAN_POINT('',(175.28071743064,167.27093673073,
    -2.058846835815));
#3795 = CARTESIAN_POINT('',(175.52767231015,167.49608589127,
    -1.765405664262));
#3796 = CARTESIAN_POINT('',(175.61688613066,167.57610593808,
    -1.643080654372));
#3797 = CARTESIAN_POINT('',(175.70152132766,167.65084280559,
    -1.508175377548));
#3798 = CARTESIAN_POINT('',(175.78013141008,167.71927295755,
    -1.360733857776));
#3799 = CARTESIAN_POINT('',(175.85114128501,167.7803347654,
    -1.200998791799));
#3800 = CARTESIAN_POINT('',(175.9128495963,167.83289560709,
    -1.029448693479));
#3801 = CARTESIAN_POINT('',(175.99458197036,167.90205037261,
    -0.734448663832));
#3802 = CARTESIAN_POINT('',(176.02148520248,167.92468140621,
    -0.617956626228));
#3803 = CARTESIAN_POINT('',(176.04360389846,167.94319795713,
    -0.498050493334));
#3804 = CARTESIAN_POINT('',(176.06050901599,167.95730248386,
    -0.375483871829));
#3805 = CARTESIAN_POINT('',(176.07189963464,167.96679019814,
    -0.251061575501));
#3806 = CARTESIAN_POINT('',(176.07760935509,167.97154611001,
    -0.125618790514));
#3807 = CARTESIAN_POINT('',(176.07760935509,167.97154611001,-4.369E-14)
  );
#3808 = CYLINDRICAL_SURFACE('',#3809,2.5);
#3809 = AXIS2_PLACEMENT_3D('',#3810,#3811,#3812);
#3810 = CARTESIAN_POINT('',(160.75107380636,178.62990611903,9.391E-14));
#3811 = DIRECTION('',(-0.737141843124,0.675738043265,-1.E-16));
#3812 = DIRECTION('',(0.675738043265,0.737141843124,2.E-17));
#3813 = ADVANCED_FACE('',(#3814),#3893,.F.);
#3814 = FACE_BOUND('',#3815,.T.);
#3815 = EDGE_LOOP('',(#3816,#3849,#3855,#3856,#3857,#3858));
#3816 = ORIENTED_EDGE('',*,*,#3817,.F.);
#3817 = EDGE_CURVE('',#3818,#3820,#3822,.T.);
#3818 = VERTEX_POINT('',#3819);
#3819 = CARTESIAN_POINT('',(133.16824360777,121.16303907163,0.));
#3820 = VERTEX_POINT('',#3821);
#3821 = CARTESIAN_POINT('',(129.78955339144,117.47732985601,
    -1.136868377216E-13));
#3822 = B_SPLINE_CURVE_WITH_KNOTS('',7,(#3823,#3824,#3825,#3826,#3827,
    #3828,#3829,#3830,#3831,#3832,#3833,#3834,#3835,#3836,#3837,#3838,
    #3839,#3840,#3841,#3842,#3843,#3844,#3845,#3846,#3847,#3848),
  .UNSPECIFIED.,.F.,.F.,(8,6,6,6,8),(0.,0.244385374095,0.500030399455,
    0.755674703482,1.),.UNSPECIFIED.);
#3823 = CARTESIAN_POINT('',(133.16824360777,121.16303907163,-6.143E-14)
  );
#3824 = CARTESIAN_POINT('',(133.16824360777,121.16303907163,
    0.333950794448));
#3825 = CARTESIAN_POINT('',(133.12789147933,121.12942816634,
    0.658184877801));
#3826 = CARTESIAN_POINT('',(133.05141142897,121.06572290207,
    0.963436942482));
#3827 = CARTESIAN_POINT('',(132.94494745213,120.97588036026,
    1.242152812233));
#3828 = CARTESIAN_POINT('',(132.81616525334,120.86460984267,
    1.488681833909));
#3829 = CARTESIAN_POINT('',(132.67351872318,120.7379158682,
    1.699800477407));
#3830 = CARTESIAN_POINT('',(132.37135769552,120.46243517368,
    2.058839691888));
#3831 = CARTESIAN_POINT('',(132.20693004971,120.30885256173,
    2.208674410593));
#3832 = CARTESIAN_POINT('',(132.03713551775,120.14566254743,
    2.326362462207));
#3833 = CARTESIAN_POINT('',(131.86504163615,119.97507455433,
    2.413448446775));
#3834 = CARTESIAN_POINT('',(131.69277335905,119.7987918271,
    2.471116278689));
#3835 = CARTESIAN_POINT('',(131.52192312442,119.61824617609,2.5));
#3836 = CARTESIAN_POINT('',(131.1856937342,119.25146387799,2.5));
#3837 = CARTESIAN_POINT('',(131.02064663999,119.06558950647,
    2.471116472105));
#3838 = CARTESIAN_POINT('',(130.85997152434,118.8786739584,
    2.413445815422));
#3839 = CARTESIAN_POINT('',(130.7049600187,118.69243240943,
    2.326358218413));
#3840 = CARTESIAN_POINT('',(130.55712199795,118.50912793728,
    2.208674270167));
#3841 = CARTESIAN_POINT('',(130.41838586425,118.33199936098,
    2.058846835815));
#3842 = CARTESIAN_POINT('',(130.17017801247,118.00710389954,
    1.699836292567));
#3843 = CARTESIAN_POINT('',(130.05632570098,117.85399033968,
    1.488720038434));
#3844 = CARTESIAN_POINT('',(129.9566264428,117.71601178297,
    1.242158406542));
#3845 = CARTESIAN_POINT('',(129.8763474615,117.60213663083,
    0.963390019059));
#3846 = CARTESIAN_POINT('',(129.81952181147,117.52042427303,
    0.658095004012));
#3847 = CARTESIAN_POINT('',(129.78955339144,117.47732985601,
    0.333867480711));
#3848 = CARTESIAN_POINT('',(129.78955339144,117.47732985601,-1.1502E-13)
  );
#3849 = ORIENTED_EDGE('',*,*,#3850,.T.);
#3850 = EDGE_CURVE('',#3818,#2985,#3851,.T.);
#3851 = LINE('',#3852,#3853);
#3852 = CARTESIAN_POINT('',(119.5310531672,133.66425368845,9.272E-14));
#3853 = VECTOR('',#3854,1.);
#3854 = DIRECTION('',(0.737141843124,-0.675738043265,3.E-16));
#3855 = ORIENTED_EDGE('',*,*,#2992,.T.);
#3856 = ORIENTED_EDGE('',*,*,#3169,.T.);
#3857 = ORIENTED_EDGE('',*,*,#3850,.F.);
#3858 = ORIENTED_EDGE('',*,*,#3859,.F.);
#3859 = EDGE_CURVE('',#3820,#3818,#3860,.T.);
#3860 = B_SPLINE_CURVE_WITH_KNOTS('',7,(#3861,#3862,#3863,#3864,#3865,
    #3866,#3867,#3868,#3869,#3870,#3871,#3872,#3873,#3874,#3875,#3876,
    #3877,#3878,#3879,#3880,#3881,#3882,#3883,#3884,#3885,#3886,#3887,
    #3888,#3889,#3890,#3891,#3892),.UNSPECIFIED.,.F.,.F.,(8,6,6,6,6,8),(
    0.,0.243671807465,0.498578917527,0.753503404338,0.90608385661,1.),
  .UNSPECIFIED.);
#3861 = CARTESIAN_POINT('',(129.78955339144,117.47732985601,-1.1733E-13)
  );
#3862 = CARTESIAN_POINT('',(129.78955339144,117.47732985601,
    -0.333950794448));
#3863 = CARTESIAN_POINT('',(129.81953677221,117.52044579392,
    -0.658184877802));
#3864 = CARTESIAN_POINT('',(129.87636672238,117.60216430811,
    -0.963436942481));
#3865 = CARTESIAN_POINT('',(129.95663411007,117.7160212673,
    -1.242152812234));
#3866 = CARTESIAN_POINT('',(130.05631243695,117.85397130884,
    -1.488681833909));
#3867 = CARTESIAN_POINT('',(130.17015325107,118.00707148773,
    -1.699800477407));
#3868 = CARTESIAN_POINT('',(130.41838517096,118.33199845348,
    -2.058845833028));
#3869 = CARTESIAN_POINT('',(130.55711979938,118.50912511918,
    -2.208671705975));
#3870 = CARTESIAN_POINT('',(130.70495846057,118.69243059333,
    -2.326358314244));
#3871 = CARTESIAN_POINT('',(130.85997442387,118.87867789315,
    -2.413449566729));
#3872 = CARTESIAN_POINT('',(131.02065591916,119.0656004058,
    -2.471120347797));
#3873 = CARTESIAN_POINT('',(131.1857051936,119.2514763787,-2.5));
#3874 = CARTESIAN_POINT('',(131.52192265007,119.61824565863,-2.5));
#3875 = CARTESIAN_POINT('',(131.69277733822,119.79879620787,
    -2.471116472104));
#3876 = CARTESIAN_POINT('',(131.86504857346,119.97508159129,
    -2.413445815421));
#3877 = CARTESIAN_POINT('',(132.03713970411,120.14566624533,
    -2.326358218414));
#3878 = CARTESIAN_POINT('',(132.20692717622,120.30884965197,
    -2.208674270166));
#3879 = CARTESIAN_POINT('',(132.37135168332,120.46242969234,
    -2.058846835815));
#3880 = CARTESIAN_POINT('',(132.61830656285,120.6875788529,
    -1.765405664244));
#3881 = CARTESIAN_POINT('',(132.70752038334,120.76759889969,
    -1.643080654369));
#3882 = CARTESIAN_POINT('',(132.79215558033,120.84233576719,
    -1.508175377565));
#3883 = CARTESIAN_POINT('',(132.87076566276,120.91076591916,
    -1.360733857795));
#3884 = CARTESIAN_POINT('',(132.9417755377,120.97182772702,
    -1.200998791797));
#3885 = CARTESIAN_POINT('',(133.00348384899,121.02438856871,
    -1.029448693453));
#3886 = CARTESIAN_POINT('',(133.08521622304,121.09354333422,
    -0.734448663833));
#3887 = CARTESIAN_POINT('',(133.11211945516,121.11617436783,
    -0.617956626228));
#3888 = CARTESIAN_POINT('',(133.13423815114,121.13469091874,
    -0.498050493333));
#3889 = CARTESIAN_POINT('',(133.15114326867,121.14879544547,
    -0.37548387183));
#3890 = CARTESIAN_POINT('',(133.16253388732,121.15828315975,
    -0.251061575502));
#3891 = CARTESIAN_POINT('',(133.16824360777,121.16303907163,
    -0.125618790514));
#3892 = CARTESIAN_POINT('',(133.16824360777,121.16303907163,-6.374E-14)
  );
#3893 = CYLINDRICAL_SURFACE('',#3894,2.5);
#3894 = AXIS2_PLACEMENT_3D('',#3895,#3896,#3897);
#3895 = CARTESIAN_POINT('',(117.84170805904,131.82139908064,9.267E-14));
#3896 = DIRECTION('',(-0.737141843124,0.675738043265,-1.E-16));
#3897 = DIRECTION('',(0.675738043265,0.737141843124,2.E-17));
#3898 = ADVANCED_FACE('',(#3899),#3935,.T.);
#3899 = FACE_BOUND('',#3900,.T.);
#3900 = EDGE_LOOP('',(#3901,#3909,#3910,#3911,#3919,#3928));
#3901 = ORIENTED_EDGE('',*,*,#3902,.T.);
#3902 = EDGE_CURVE('',#3903,#3140,#3905,.T.);
#3903 = VERTEX_POINT('',#3904);
#3904 = CARTESIAN_POINT('',(27.927964008767,51.2973150733,
    -14.19335998918));
#3905 = LINE('',#3906,#3907);
#3906 = CARTESIAN_POINT('',(27.927964008767,51.2973150733,-1.007E-13));
#3907 = VECTOR('',#3908,1.);
#3908 = DIRECTION('',(-6.1E-16,1.5E-16,-1.));
#3909 = ORIENTED_EDGE('',*,*,#3161,.T.);
#3910 = ORIENTED_EDGE('',*,*,#3031,.T.);
#3911 = ORIENTED_EDGE('',*,*,#3912,.T.);
#3912 = EDGE_CURVE('',#3032,#3913,#3915,.T.);
#3913 = VERTEX_POINT('',#3914);
#3914 = CARTESIAN_POINT('',(27.927964008767,51.2973150733,
    14.193359989188));
#3915 = LINE('',#3916,#3917);
#3916 = CARTESIAN_POINT('',(27.927964008767,51.2973150733,-1.007E-13));
#3917 = VECTOR('',#3918,1.);
#3918 = DIRECTION('',(-6.1E-16,1.5E-16,-1.));
#3919 = ORIENTED_EDGE('',*,*,#3920,.F.);
#3920 = EDGE_CURVE('',#3921,#3913,#3923,.T.);
#3921 = VERTEX_POINT('',#3922);
#3922 = CARTESIAN_POINT('',(31.83621824094,10.623049957632,
    -1.136868377216E-13));
#3923 = ELLIPSE('',#3924,24.894326604664,18.50009);
#3924 = AXIS2_PLACEMENT_3D('',#3925,#3926,#3927);
#3925 = CARTESIAN_POINT('',(29.455172,35.403245999999,-2.7687E-13));
#3926 = DIRECTION('',(-0.995415398693,-9.564613973104E-02,7.1E-16));
#3927 = DIRECTION('',(-9.564613973104E-02,0.995415398693,-3.1E-16));
#3928 = ORIENTED_EDGE('',*,*,#3929,.F.);
#3929 = EDGE_CURVE('',#3903,#3921,#3930,.T.);
#3930 = ELLIPSE('',#3931,24.894326604664,18.50009);
#3931 = AXIS2_PLACEMENT_3D('',#3932,#3933,#3934);
#3932 = CARTESIAN_POINT('',(29.455172,35.403245999999,-2.7687E-13));
#3933 = DIRECTION('',(-0.995415398693,-9.564613973104E-02,7.1E-16));
#3934 = DIRECTION('',(-9.564613973104E-02,0.995415398693,-3.1E-16));
#3935 = PLANE('',#3936);
#3936 = AXIS2_PLACEMENT_3D('',#3937,#3938,#3939);
#3937 = CARTESIAN_POINT('',(31.906994174373,9.886465562331,-20.));
#3938 = DIRECTION('',(-0.995415398693,-9.564613973104E-02,-1.19E-15));
#3939 = DIRECTION('',(-9.564613973104E-02,0.995415398693,-5.2E-16));
#3940 = ADVANCED_FACE('',(#3941),#3976,.T.);
#3941 = FACE_BOUND('',#3942,.T.);
#3942 = EDGE_LOOP('',(#3943,#3968,#3974,#3975));
#3943 = ORIENTED_EDGE('',*,*,#3944,.F.);
#3944 = EDGE_CURVE('',#3945,#3903,#3947,.T.);
#3945 = VERTEX_POINT('',#3946);
#3946 = CARTESIAN_POINT('',(29.257348717741,55.829893796136,
    -12.15244363001));
#3947 = B_SPLINE_CURVE_WITH_KNOTS('',7,(#3948,#3949,#3950,#3951,#3952,
    #3953,#3954,#3955,#3956,#3957,#3958,#3959,#3960,#3961,#3962,#3963,
    #3964,#3965,#3966,#3967),.UNSPECIFIED.,.F.,.F.,(8,6,6,8),(0.,
    0.357993046279,0.927209077953,1.),.UNSPECIFIED.);
#3948 = CARTESIAN_POINT('',(29.257348717741,55.829893796137,
    -12.15244363001));
#3949 = CARTESIAN_POINT('',(29.097475967624,55.626592030272,
    -12.17486048615));
#3950 = CARTESIAN_POINT('',(28.948086617314,55.416740122239,
    -12.21114300314));
#3951 = CARTESIAN_POINT('',(28.809439897238,55.201035285928,
    -12.26078066824));
#3952 = CARTESIAN_POINT('',(28.681778394363,54.980237858874,
    -12.32303219798));
#3953 = CARTESIAN_POINT('',(28.565312175146,54.755190786288,
    -12.3969361356));
#3954 = CARTESIAN_POINT('',(28.460190502803,54.52684862953,
    -12.48132918432));
#3955 = CARTESIAN_POINT('',(28.217429620366,53.929764811164,
    -12.72360764517));
#3956 = CARTESIAN_POINT('',(28.097062532661,53.557339145084,
    -12.89561211773));
#3957 = CARTESIAN_POINT('',(28.004358996756,53.180296624842,
    -13.08686097063));
#3958 = CARTESIAN_POINT('',(27.938754894369,52.799632876387,
    -13.2937368628));
#3959 = CARTESIAN_POINT('',(27.900025433751,52.416191309679,
    -13.51312073913));
#3960 = CARTESIAN_POINT('',(27.888316614244,52.030722210683,
    -13.74233035222));
#3961 = CARTESIAN_POINT('',(27.906235426471,51.594559513064,
    -14.00927042582));
#3962 = CARTESIAN_POINT('',(27.908718627617,51.545080160539,
    -14.03966240049));
#3963 = CARTESIAN_POINT('',(27.911654839832,51.495574755622,
    -14.0701760923));
#3964 = CARTESIAN_POINT('',(27.915045661827,51.446044392427,
    -14.10080704874));
#3965 = CARTESIAN_POINT('',(27.918892841323,51.396490203668,
    -14.13155088451));
#3966 = CARTESIAN_POINT('',(27.923198275055,51.346913360655,
    -14.16240328158));
#3967 = CARTESIAN_POINT('',(27.927964008767,51.2973150733,
    -14.19335998918));
#3968 = ORIENTED_EDGE('',*,*,#3969,.T.);
#3969 = EDGE_CURVE('',#3945,#3109,#3970,.T.);
#3970 = LINE('',#3971,#3972);
#3971 = CARTESIAN_POINT('',(29.25734871774,55.829893796136,-1.0085E-13)
  );
#3972 = VECTOR('',#3973,1.);
#3973 = DIRECTION('',(-6.1E-16,1.5E-16,-1.));
#3974 = ORIENTED_EDGE('',*,*,#3139,.T.);
#3975 = ORIENTED_EDGE('',*,*,#3902,.F.);
#3976 = CYLINDRICAL_SURFACE('',#3977,6.35);
#3977 = AXIS2_PLACEMENT_3D('',#3978,#3979,#3980);
#3978 = CARTESIAN_POINT('',(34.248851790466,51.904668060593,-9.6E-14));
#3979 = DIRECTION('',(4.6E-16,-9.E-17,1.));
#3980 = DIRECTION('',(1.,2.2E-16,-4.6E-16));
#3981 = ADVANCED_FACE('',(#3982),#4057,.F.);
#3982 = FACE_BOUND('',#3983,.F.);
#3983 = EDGE_LOOP('',(#3984,#3985,#3993,#4054,#4055,#4056));
#3984 = ORIENTED_EDGE('',*,*,#3062,.F.);
#3985 = ORIENTED_EDGE('',*,*,#3986,.T.);
#3986 = EDGE_CURVE('',#3041,#3987,#3989,.T.);
#3987 = VERTEX_POINT('',#3988);
#3988 = CARTESIAN_POINT('',(29.257348717741,55.829893796136,
    12.152443630016));
#3989 = LINE('',#3990,#3991);
#3990 = CARTESIAN_POINT('',(29.25734871774,55.829893796136,-1.0085E-13)
  );
#3991 = VECTOR('',#3992,1.);
#3992 = DIRECTION('',(-6.1E-16,1.5E-16,-1.));
#3993 = ORIENTED_EDGE('',*,*,#3994,.T.);
#3994 = EDGE_CURVE('',#3987,#3945,#3995,.T.);
#3995 = B_SPLINE_CURVE_WITH_KNOTS('',5,(#3996,#3997,#3998,#3999,#4000,
    #4001,#4002,#4003,#4004,#4005,#4006,#4007,#4008,#4009,#4010,#4011,
    #4012,#4013,#4014,#4015,#4016,#4017,#4018,#4019,#4020,#4021,#4022,
    #4023,#4024,#4025,#4026,#4027,#4028,#4029,#4030,#4031,#4032,#4033,
    #4034,#4035,#4036,#4037,#4038,#4039,#4040,#4041,#4042,#4043,#4044,
    #4045,#4046,#4047,#4048,#4049,#4050,#4051,#4052,#4053),
  .UNSPECIFIED.,.F.,.F.,(6,4,4,4,4,4,4,4,4,4,4,4,4,4,6),(0.,
    0.113199853469,0.154631874026,0.234729350394,0.313896084857,
    0.356470749267,0.401615365344,0.499999840995,0.598324104534,
    0.643402901413,0.68588390096,0.764753011386,0.844112221949,
    0.886581284572,1.),.UNSPECIFIED.);
#3996 = CARTESIAN_POINT('',(29.257348717741,55.829893796137,
    12.152443630016));
#3997 = CARTESIAN_POINT('',(29.774278091309,56.487245686293,
    12.079961412796));
#3998 = CARTESIAN_POINT('',(30.253581326948,57.172076952862,
    11.953378036129));
#3999 = CARTESIAN_POINT('',(30.690323639129,57.877515483683,
    11.77103928766));
#4000 = CARTESIAN_POINT('',(31.081706993237,58.595186502267,
    11.530001352936));
#4001 = CARTESIAN_POINT('',(31.553790823145,59.579422633984,
    11.114641988788));
#4002 = CARTESIAN_POINT('',(31.674082031319,59.843385320417,
    10.994963949658));
#4003 = CARTESIAN_POINT('',(31.788077707231,60.106950320973,
    10.866781283242));
#4004 = CARTESIAN_POINT('',(31.895764162177,60.369469167011,
    10.729992748131));
#4005 = CARTESIAN_POINT('',(32.193294535362,61.13454339993,
    10.303282222784));
#4006 = CARTESIAN_POINT('',(32.366132928925,61.632754650676,
    9.989427431201));
#4007 = CARTESIAN_POINT('',(32.515592265285,62.119037155442,
    9.642995066143));
#4008 = CARTESIAN_POINT('',(32.643094108599,62.587894415517,
    9.264819896318));
#4009 = CARTESIAN_POINT('',(32.857251496338,63.476164377752,
    8.453566094429));
#4010 = CARTESIAN_POINT('',(32.944249921455,63.895614781457,
    8.021609255195));
#4011 = CARTESIAN_POINT('',(33.013964579266,64.288540226892,
    7.56291946266));
#4012 = CARTESIAN_POINT('',(33.069221931943,64.651279095983,
    7.080511556724));
#4013 = CARTESIAN_POINT('',(33.136118964548,65.158771746544,
    6.308784093616));
#4014 = CARTESIAN_POINT('',(33.15612059178,65.326834052241,
    6.033204539444));
#4015 = CARTESIAN_POINT('',(33.173162111305,65.485199535656,
    5.752401927734));
#4016 = CARTESIAN_POINT('',(33.187651036834,65.633639485568,
    5.466906740603));
#4017 = CARTESIAN_POINT('',(33.212997495445,65.918685071055,
    4.87022814155));
#4018 = CARTESIAN_POINT('',(33.223582943081,66.054038323236,
    4.558528672613));
#4019 = CARTESIAN_POINT('',(33.232153669215,66.177926612745,
    4.242742688994));
#4020 = CARTESIAN_POINT('',(33.239088027137,66.290268735563,
    3.923436964543));
#4021 = CARTESIAN_POINT('',(33.256925091036,66.610595884489,
    2.898981244609));
#4022 = CARTESIAN_POINT('',(33.262858045329,66.775048064563,
    2.18314948565));
#4023 = CARTESIAN_POINT('',(33.265751800128,66.88456007059,
    1.458254879395));
#4024 = CARTESIAN_POINT('',(33.267195871711,66.939271705856,
    0.728976303862));
#4025 = CARTESIAN_POINT('',(33.267195871711,66.939271705856,
    -0.728530164347));
#4026 = CARTESIAN_POINT('',(33.265753566481,66.884627018673,
    -1.457361681347));
#4027 = CARTESIAN_POINT('',(33.262863360939,66.775249232847,
    -2.181817393648));
#4028 = CARTESIAN_POINT('',(33.25693962416,66.610998717159,
    -2.897227468545));
#4029 = CARTESIAN_POINT('',(33.239140668323,66.291149380258,
    -3.920832886065));
#4030 = CARTESIAN_POINT('',(33.232226649393,66.179049661047,
    -4.239694805543));
#4031 = CARTESIAN_POINT('',(33.223682926274,66.055437201749,
    -4.555050284847));
#4032 = CARTESIAN_POINT('',(33.213133059153,65.92039256358,
    -4.866335200406));
#4033 = CARTESIAN_POINT('',(33.187885916217,65.636110997679,
    -5.462029214338));
#4034 = CARTESIAN_POINT('',(33.173462763992,65.488137958153,
    -5.746958254218));
#4035 = CARTESIAN_POINT('',(33.156502549935,65.330281027595,
    -6.027221318256));
#4036 = CARTESIAN_POINT('',(33.13660071298,65.162766591316,
    -6.302291533784));
#4037 = CARTESIAN_POINT('',(33.070118166074,64.657458867151,
    -7.071874488369));
#4038 = CARTESIAN_POINT('',(33.015265057152,64.29654967094,
    -7.552787649966));
#4039 = CARTESIAN_POINT('',(32.946096792056,63.905646253228,
    -8.010204552797));
#4040 = CARTESIAN_POINT('',(32.85981747984,63.488355721888,
    -8.441137068389));
#4041 = CARTESIAN_POINT('',(32.64806659782,62.607011276615,
    -9.248621375981));
#4042 = CARTESIAN_POINT('',(32.522467626917,62.143150921373,
    -9.624389521256));
#4043 = CARTESIAN_POINT('',(32.375363268793,61.662037707393,
    -9.969038252791));
#4044 = CARTESIAN_POINT('',(32.205352305438,61.169014118158,
    -10.28172727701));
#4045 = CARTESIAN_POINT('',(31.909318739165,60.402671850103,
    -10.7125849074));
#4046 = CARTESIAN_POINT('',(31.799557376869,60.133687061589,
    -10.85364904712));
#4047 = CARTESIAN_POINT('',(31.68316546262,59.863556294312,
    -10.98566471367));
#4048 = CARTESIAN_POINT('',(31.560155566487,59.592980537269,
    -11.10873903136));
#4049 = CARTESIAN_POINT('',(31.084725789381,58.600724060935,
    -11.52814033516));
#4050 = CARTESIAN_POINT('',(30.692850602243,57.88159824266,
    -11.76998332816));
#4051 = CARTESIAN_POINT('',(30.255431079983,57.174720370607,
    -11.95288914308));
#4052 = CARTESIAN_POINT('',(29.775276144215,56.488514857669,
    -12.07982146894));
#4053 = CARTESIAN_POINT('',(29.257348717741,55.829893796137,
    -12.15244363001));
#4054 = ORIENTED_EDGE('',*,*,#3969,.T.);
#4055 = ORIENTED_EDGE('',*,*,#3108,.F.);
#4056 = ORIENTED_EDGE('',*,*,#3093,.F.);
#4057 = CYLINDRICAL_SURFACE('',#4058,18.773736686591);
#4058 = AXIS2_PLACEMENT_3D('',#4059,#4060,#4061);
#4059 = CARTESIAN_POINT('',(14.5,67.4348,-1.1518E-13));
#4060 = DIRECTION('',(4.6E-16,-9.E-17,1.));
#4061 = DIRECTION('',(1.,2.2E-16,-4.6E-16));
#4062 = ADVANCED_FACE('',(#4063),#4091,.T.);
#4063 = FACE_BOUND('',#4064,.T.);
#4064 = EDGE_LOOP('',(#4065,#4066,#4067,#4090));
#4065 = ORIENTED_EDGE('',*,*,#3040,.T.);
#4066 = ORIENTED_EDGE('',*,*,#3986,.T.);
#4067 = ORIENTED_EDGE('',*,*,#4068,.F.);
#4068 = EDGE_CURVE('',#3913,#3987,#4069,.T.);
#4069 = B_SPLINE_CURVE_WITH_KNOTS('',7,(#4070,#4071,#4072,#4073,#4074,
    #4075,#4076,#4077,#4078,#4079,#4080,#4081,#4082,#4083,#4084,#4085,
    #4086,#4087,#4088,#4089),.UNSPECIFIED.,.F.,.F.,(8,6,6,8),(0.,
    7.092982009703E-02,0.643507020847,1.),.UNSPECIFIED.);
#4070 = CARTESIAN_POINT('',(27.927964008767,51.2973150733,
    14.193359989188));
#4071 = CARTESIAN_POINT('',(27.923320172505,51.345644740734,
    14.163195089088));
#4072 = CARTESIAN_POINT('',(27.919113390588,51.393954044704,
    14.133129232885));
#4073 = CARTESIAN_POINT('',(27.915341770039,51.442241867076,
    14.10316635278));
#4074 = CARTESIAN_POINT('',(27.912003552325,51.490507124087,
    14.07331044179));
#4075 = CARTESIAN_POINT('',(27.90909711336,51.538748766338,
    14.043565553746));
#4076 = CARTESIAN_POINT('',(27.906620963504,51.586965778799,
    14.013935803298));
#4077 = CARTESIAN_POINT('',(27.888047705734,52.024179710755,
    13.746203929435));
#4078 = CARTESIAN_POINT('',(27.899454719687,52.411958657116,
    13.515497074415));
#4079 = CARTESIAN_POINT('',(27.938203330916,52.797692637152,
    13.294704079397));
#4080 = CARTESIAN_POINT('',(28.004141998244,53.180618483552,
    13.086551765773));
#4081 = CARTESIAN_POINT('',(28.097498684631,53.559877961634,
    12.894213790027));
#4082 = CARTESIAN_POINT('',(28.218848181781,53.93445726271,
    12.721374249599));
#4083 = CARTESIAN_POINT('',(28.462832100446,54.532578461463,
    12.479214185569));
#4084 = CARTESIAN_POINT('',(28.567749395724,54.759895673811,
    12.395392903523));
#4085 = CARTESIAN_POINT('',(28.683916019042,54.983933195694,
    12.321991191613));
#4086 = CARTESIAN_POINT('',(28.811183004376,55.20374688656,
    12.260156844559));
#4087 = CARTESIAN_POINT('',(28.949341269522,55.418502711587,
    12.210838175943));
#4088 = CARTESIAN_POINT('',(29.098149301604,55.627448273672,
    12.174766073374));
#4089 = CARTESIAN_POINT('',(29.257348717741,55.829893796137,
    12.152443630016));
#4090 = ORIENTED_EDGE('',*,*,#3912,.F.);
#4091 = CYLINDRICAL_SURFACE('',#4092,6.35);
#4092 = AXIS2_PLACEMENT_3D('',#4093,#4094,#4095);
#4093 = CARTESIAN_POINT('',(34.248851790466,51.904668060593,-9.6E-14));
#4094 = DIRECTION('',(4.6E-16,-9.E-17,1.));
#4095 = DIRECTION('',(1.,2.2E-16,-4.6E-16));
#4096 = ADVANCED_FACE('',(#4097),#4151,.F.);
#4097 = FACE_BOUND('',#4098,.F.);
#4098 = EDGE_LOOP('',(#4099,#4138,#4144,#4145));
#4099 = ORIENTED_EDGE('',*,*,#4100,.F.);
#4100 = EDGE_CURVE('',#4101,#4103,#4105,.T.);
#4101 = VERTEX_POINT('',#4102);
#4102 = CARTESIAN_POINT('',(56.608540458861,91.907209678183,3.5));
#4103 = VERTEX_POINT('',#4104);
#4104 = CARTESIAN_POINT('',(56.608540458861,91.907209678183,-3.5));
#4105 = B_SPLINE_CURVE_WITH_KNOTS('',7,(#4106,#4107,#4108,#4109,#4110,
    #4111,#4112,#4113,#4114,#4115,#4116,#4117,#4118,#4119,#4120,#4121,
    #4122,#4123,#4124,#4125,#4126,#4127,#4128,#4129,#4130,#4131,#4132,
    #4133,#4134,#4135,#4136,#4137),.UNSPECIFIED.,.F.,.F.,(8,6,6,6,6,8),(
    0.,0.268604422902,0.434441556626,0.59633332933,0.731491530157,1.),
  .UNSPECIFIED.);
#4106 = CARTESIAN_POINT('',(56.608540458861,91.907209678183,3.5));
#4107 = CARTESIAN_POINT('',(56.361056953769,91.637237536013,3.5));
#4108 = CARTESIAN_POINT('',(56.107601363051,91.373498564293,
    3.455288800809));
#4109 = CARTESIAN_POINT('',(55.850272860563,91.118213595541,
    3.366113688484));
#4110 = CARTESIAN_POINT('',(55.591668637329,90.873467058141,
    3.231353091165));
#4111 = CARTESIAN_POINT('',(55.335527483753,90.641841738422,
    3.048932640655));
#4112 = CARTESIAN_POINT('',(55.087374692857,90.42658569688,
    2.816018423047));
#4113 = CARTESIAN_POINT('',(54.71306151791,90.112833203939,
    2.353058857139));
#4114 = CARTESIAN_POINT('',(54.575638332552,90.00040865044,
    2.154880340167));
#4115 = CARTESIAN_POINT('',(54.44668882005,89.897345131134,
    1.935112318087));
#4116 = CARTESIAN_POINT('',(54.329466402981,89.805590619228,
    1.694116168358));
#4117 = CARTESIAN_POINT('',(54.227430089565,89.72705687386,
    1.432744961635));
#4118 = CARTESIAN_POINT('',(54.14419172105,89.663723498512,
    1.152406241344));
#4119 = CARTESIAN_POINT('',(54.024145616833,89.572992323008,
    0.565047513538));
#4120 = CARTESIAN_POINT('',(53.986690158865,89.545084993119,
    0.260826170574));
#4121 = CARTESIAN_POINT('',(53.974845215362,89.536398374226,
    -5.091385421083E-02));
#4122 = CARTESIAN_POINT('',(53.990132576614,89.54769721176,
    -0.362905741856));
#4123 = CARTESIAN_POINT('',(54.031634236751,89.578506468686,
    -0.667785219903));
#4124 = CARTESIAN_POINT('',(54.096083491155,89.627036226913,
    -0.958694733994));
#4125 = CARTESIAN_POINT('',(54.246675618894,89.742265832107,
    -1.456158817391));
#4126 = CARTESIAN_POINT('',(54.327758433012,89.804856039113,
    -1.669634713914));
#4127 = CARTESIAN_POINT('',(54.419383156686,89.876433604658,
    -1.869604828145));
#4128 = CARTESIAN_POINT('',(54.519667804101,89.955950929793,
    -2.055689110908));
#4129 = CARTESIAN_POINT('',(54.626882833746,90.042435246373,
    -2.227718964254));
#4130 = CARTESIAN_POINT('',(54.739452753826,90.134954562776,
    -2.385700174467));
#4131 = CARTESIAN_POINT('',(55.087374692857,90.42658569688,
    -2.816018423047));
#4132 = CARTESIAN_POINT('',(55.335527483754,90.641841738422,
    -3.048932640655));
#4133 = CARTESIAN_POINT('',(55.591668637328,90.87346705814,
    -3.231353091165));
#4134 = CARTESIAN_POINT('',(55.850272860563,91.118213595542,
    -3.366113688484));
#4135 = CARTESIAN_POINT('',(56.107601363051,91.373498564293,
    -3.455288800809));
#4136 = CARTESIAN_POINT('',(56.361056953769,91.637237536013,-3.5));
#4137 = CARTESIAN_POINT('',(56.608540458861,91.907209678183,-3.5));
#4138 = ORIENTED_EDGE('',*,*,#4139,.T.);
#4139 = EDGE_CURVE('',#4101,#3333,#4140,.T.);
#4140 = LINE('',#4141,#4142);
#4141 = CARTESIAN_POINT('',(69.999454595893,79.631756587452,3.5));
#4142 = VECTOR('',#4143,1.);
#4143 = DIRECTION('',(-0.737141843124,0.675738043265,-7.5E-16));
#4144 = ORIENTED_EDGE('',*,*,#3332,.T.);
#4145 = ORIENTED_EDGE('',*,*,#4146,.F.);
#4146 = EDGE_CURVE('',#4103,#3335,#4147,.T.);
#4147 = LINE('',#4148,#4149);
#4148 = CARTESIAN_POINT('',(69.999454595893,79.631756587452,-3.5));
#4149 = VECTOR('',#4150,1.);
#4150 = DIRECTION('',(-0.737141843124,0.675738043265,-7.5E-16));
#4151 = CYLINDRICAL_SURFACE('',#4152,3.5);
#4152 = AXIS2_PLACEMENT_3D('',#4153,#4154,#4155);
#4153 = CARTESIAN_POINT('',(69.999454595893,79.631756587452,5.78E-14));
#4154 = DIRECTION('',(0.737141843124,-0.675738043265,5.5E-16));
#4155 = DIRECTION('',(0.675738043265,0.737141843124,2.3E-16));
#4156 = ADVANCED_FACE('',(#4157),#4175,.T.);
#4157 = FACE_BOUND('',#4158,.T.);
#4158 = EDGE_LOOP('',(#4159,#4167,#4168,#4169));
#4159 = ORIENTED_EDGE('',*,*,#4160,.F.);
#4160 = EDGE_CURVE('',#4101,#4161,#4163,.T.);
#4161 = VERTEX_POINT('',#4162);
#4162 = CARTESIAN_POINT('',(66.744611107834,102.96433732504,3.5));
#4163 = LINE('',#4164,#4165);
#4164 = CARTESIAN_POINT('',(479.48540793402,553.21057510531,3.5));
#4165 = VECTOR('',#4166,1.);
#4166 = DIRECTION('',(0.675738043265,0.737141843124,5.4E-16));
#4167 = ORIENTED_EDGE('',*,*,#4139,.T.);
#4168 = ORIENTED_EDGE('',*,*,#3371,.T.);
#4169 = ORIENTED_EDGE('',*,*,#4170,.F.);
#4170 = EDGE_CURVE('',#4161,#3372,#4171,.T.);
#4171 = LINE('',#4172,#4173);
#4172 = CARTESIAN_POINT('',(80.135525244866,90.688884234315,3.5));
#4173 = VECTOR('',#4174,1.);
#4174 = DIRECTION('',(-0.737141843124,0.675738043265,-7.5E-16));
#4175 = PLANE('',#4176);
#4176 = AXIS2_PLACEMENT_3D('',#4177,#4178,#4179);
#4177 = CARTESIAN_POINT('',(69.999454595893,79.631756587452,3.5));
#4178 = DIRECTION('',(-2.6E-16,-1.E-16,-1.));
#4179 = DIRECTION('',(0.675738043265,0.737141843124,-2.494060755613E-16)
  );
#4180 = ADVANCED_FACE('',(#4181),#4199,.F.);
#4181 = FACE_BOUND('',#4182,.F.);
#4182 = EDGE_LOOP('',(#4183,#4191,#4192,#4193));
#4183 = ORIENTED_EDGE('',*,*,#4184,.F.);
#4184 = EDGE_CURVE('',#4103,#4185,#4187,.T.);
#4185 = VERTEX_POINT('',#4186);
#4186 = CARTESIAN_POINT('',(66.744611107834,102.96433732504,-3.5));
#4187 = LINE('',#4188,#4189);
#4188 = CARTESIAN_POINT('',(479.48540793402,553.21057510531,-3.5));
#4189 = VECTOR('',#4190,1.);
#4190 = DIRECTION('',(0.675738043265,0.737141843124,5.4E-16));
#4191 = ORIENTED_EDGE('',*,*,#4146,.T.);
#4192 = ORIENTED_EDGE('',*,*,#3425,.T.);
#4193 = ORIENTED_EDGE('',*,*,#4194,.F.);
#4194 = EDGE_CURVE('',#4185,#3401,#4195,.T.);
#4195 = LINE('',#4196,#4197);
#4196 = CARTESIAN_POINT('',(80.135525244866,90.688884234315,-3.5));
#4197 = VECTOR('',#4198,1.);
#4198 = DIRECTION('',(-0.737141843124,0.675738043265,-7.5E-16));
#4199 = PLANE('',#4200);
#4200 = AXIS2_PLACEMENT_3D('',#4201,#4202,#4203);
#4201 = CARTESIAN_POINT('',(69.999454595893,79.631756587452,-3.5));
#4202 = DIRECTION('',(-2.6E-16,-1.E-16,-1.));
#4203 = DIRECTION('',(0.675738043265,0.737141843124,-2.494060755613E-16)
  );
#4204 = ADVANCED_FACE('',(#4205),#4255,.F.);
#4205 = FACE_BOUND('',#4206,.F.);
#4206 = EDGE_LOOP('',(#4207,#4232,#4233,#4234,#4235,#4236));
#4207 = ORIENTED_EDGE('',*,*,#4208,.F.);
#4208 = EDGE_CURVE('',#4185,#4209,#4211,.T.);
#4209 = VERTEX_POINT('',#4210);
#4210 = CARTESIAN_POINT('',(68.863417955729,105.77009530207,0.));
#4211 = B_SPLINE_CURVE_WITH_KNOTS('',7,(#4212,#4213,#4214,#4215,#4216,
    #4217,#4218,#4219,#4220,#4221,#4222,#4223,#4224,#4225,#4226,#4227,
    #4228,#4229,#4230,#4231),.UNSPECIFIED.,.F.,.F.,(8,6,6,8),(0.,
    0.536757296147,0.806943001911,1.),.UNSPECIFIED.);
#4212 = CARTESIAN_POINT('',(66.744611107834,102.96433732504,-3.5));
#4213 = CARTESIAN_POINT('',(66.992094612926,103.23430946721,-3.5));
#4214 = CARTESIAN_POINT('',(67.232850333861,103.50969041155,
    -3.455288800809));
#4215 = CARTESIAN_POINT('',(67.464847927942,103.78819622802,
    -3.366113688484));
#4216 = CARTESIAN_POINT('',(67.686236148378,104.06705868102,
    -3.231353091166));
#4217 = CARTESIAN_POINT('',(67.89476631027,104.34232900429,
    -3.048932640655));
#4218 = CARTESIAN_POINT('',(68.087681953087,104.60822094814,
    -2.816018423047));
#4219 = CARTESIAN_POINT('',(68.348029130236,104.98013188021,
    -2.385700174467));
#4220 = CARTESIAN_POINT('',(68.430433471545,105.1003039874,
    -2.227718964254));
#4221 = CARTESIAN_POINT('',(68.507290137467,105.21461782077,
    -2.055689110908));
#4222 = CARTESIAN_POINT('',(68.577807334058,105.32142297275,
    -1.869604828145));
#4223 = CARTESIAN_POINT('',(68.641166009363,105.41891202927,
    -1.669634713914));
#4224 = CARTESIAN_POINT('',(68.696485788252,105.50511921471,
    -1.456158817391));
#4225 = CARTESIAN_POINT('',(68.775847239604,105.62995429975,
    -1.06807920006));
#4226 = CARTESIAN_POINT('',(68.804318131687,105.67515265341,
    -0.899733538728));
#4227 = CARTESIAN_POINT('',(68.827644781511,105.71247253948,
    -0.725849242148));
#4228 = CARTESIAN_POINT('',(68.845431840325,105.74108470354,
    -0.547623975714));
#4229 = CARTESIAN_POINT('',(68.857408482514,105.76040249018,
    -0.36634422606));
#4230 = CARTESIAN_POINT('',(68.86341795573,105.77009530207,
    -0.183350182187));
#4231 = CARTESIAN_POINT('',(68.86341795573,105.77009530207,-4.177E-14));
#4232 = ORIENTED_EDGE('',*,*,#4194,.T.);
#4233 = ORIENTED_EDGE('',*,*,#3400,.T.);
#4234 = ORIENTED_EDGE('',*,*,#3379,.T.);
#4235 = ORIENTED_EDGE('',*,*,#4170,.F.);
#4236 = ORIENTED_EDGE('',*,*,#4237,.F.);
#4237 = EDGE_CURVE('',#4209,#4161,#4238,.T.);
#4238 = B_SPLINE_CURVE_WITH_KNOTS('',8,(#4239,#4240,#4241,#4242,#4243,
    #4244,#4245,#4246,#4247,#4248,#4249,#4250,#4251,#4252,#4253,#4254),
  .UNSPECIFIED.,.F.,.F.,(9,7,9),(0.,0.30888593221,1.),.UNSPECIFIED.);
#4239 = CARTESIAN_POINT('',(68.86341795573,105.77009530207,-4.156E-14));
#4240 = CARTESIAN_POINT('',(68.86341795573,105.77009530207,
    0.258145361334));
#4241 = CARTESIAN_POINT('',(68.85174874697,105.75127355315,
    0.514205236276));
#4242 = CARTESIAN_POINT('',(68.828739919573,105.71416215922,
    0.765373810974));
#4243 = CARTESIAN_POINT('',(68.794920735934,105.65987114685,
    1.008951179605));
#4244 = CARTESIAN_POINT('',(68.751021713625,105.59005972556,
    1.242436657964));
#4245 = CARTESIAN_POINT('',(68.698016185336,105.50688318923,
    1.463616627168));
#4246 = CARTESIAN_POINT('',(68.637182165939,105.41292910739,
    1.670644733171));
#4247 = CARTESIAN_POINT('',(68.420217577291,105.08344614464,
    2.290509591576));
#4248 = CARTESIAN_POINT('',(68.236478090879,104.81228466312,
    2.649118711759));
#4249 = CARTESIAN_POINT('',(68.027309396639,104.51606910703,
    2.93983684338));
#4250 = CARTESIAN_POINT('',(67.79790972227,104.20690793866,
    3.166761866306));
#4251 = CARTESIAN_POINT('',(67.552282537478,103.89275676696,
    3.333900662509));
#4252 = CARTESIAN_POINT('',(67.29338403259,103.57882668269,
    3.444412388986));
#4253 = CARTESIAN_POINT('',(67.023417836979,103.26847900871,3.5));
#4254 = CARTESIAN_POINT('',(66.744611107834,102.96433732504,3.5));
#4255 = CYLINDRICAL_SURFACE('',#4256,3.5);
#4256 = AXIS2_PLACEMENT_3D('',#4257,#4258,#4259);
#4257 = CARTESIAN_POINT('',(80.135525244866,90.688884234315,6.12E-14));
#4258 = DIRECTION('',(0.737141843124,-0.675738043265,5.5E-16));
#4259 = DIRECTION('',(0.675738043265,0.737141843124,2.3E-16));
#4260 = ADVANCED_FACE('',(#4261),#4286,.F.);
#4261 = FACE_BOUND('',#4262,.F.);
#4262 = EDGE_LOOP('',(#4263,#4273,#4279,#4280));
#4263 = ORIENTED_EDGE('',*,*,#4264,.T.);
#4264 = EDGE_CURVE('',#4265,#4267,#4269,.T.);
#4265 = VERTEX_POINT('',#4266);
#4266 = CARTESIAN_POINT('',(444.13895070985,482.58950103439,
    18.16599377981));
#4267 = VERTEX_POINT('',#4268);
#4268 = CARTESIAN_POINT('',(454.27502135882,493.64662868125,
    18.16599377981));
#4269 = LINE('',#4270,#4271);
#4270 = CARTESIAN_POINT('',(495.45631852199,538.57003886315,
    18.16599377981));
#4271 = VECTOR('',#4272,1.);
#4272 = DIRECTION('',(0.675738043265,0.737141843124,4.5E-16));
#4273 = ORIENTED_EDGE('',*,*,#4274,.T.);
#4274 = EDGE_CURVE('',#4267,#3436,#4275,.T.);
#4275 = LINE('',#4276,#4277);
#4276 = CARTESIAN_POINT('',(454.27502135882,493.64662868125,5.322E-14));
#4277 = VECTOR('',#4278,1.);
#4278 = DIRECTION('',(2.8E-16,-7.E-17,1.));
#4279 = ORIENTED_EDGE('',*,*,#3433,.F.);
#4280 = ORIENTED_EDGE('',*,*,#4281,.F.);
#4281 = EDGE_CURVE('',#4265,#3434,#4282,.T.);
#4282 = LINE('',#4283,#4284);
#4283 = CARTESIAN_POINT('',(444.13895070985,482.58950103439,5.083E-14));
#4284 = VECTOR('',#4285,1.);
#4285 = DIRECTION('',(2.8E-16,-7.E-17,1.));
#4286 = PLANE('',#4287);
#4287 = AXIS2_PLACEMENT_3D('',#4288,#4289,#4290);
#4288 = CARTESIAN_POINT('',(454.27502135882,493.64662868125,5.322E-14));
#4289 = DIRECTION('',(0.737141843124,-0.675738043265,1.9E-16));
#4290 = DIRECTION('',(-0.675738043265,-0.737141843124,-1.6E-16));
#4291 = ADVANCED_FACE('',(#4292),#4339,.F.);
#4292 = FACE_BOUND('',#4293,.T.);
#4293 = EDGE_LOOP('',(#4294,#4331,#4337,#4338));
#4294 = ORIENTED_EDGE('',*,*,#4295,.F.);
#4295 = EDGE_CURVE('',#4296,#4265,#4298,.T.);
#4296 = VERTEX_POINT('',#4297);
#4297 = CARTESIAN_POINT('',(438.97895780798,487.31966733724,
    18.16599377981));
#4298 = B_SPLINE_CURVE_WITH_KNOTS('',7,(#4299,#4300,#4301,#4302,#4303,
    #4304,#4305,#4306,#4307,#4308,#4309,#4310,#4311,#4312,#4313,#4314,
    #4315,#4316,#4317,#4318,#4319,#4320,#4321,#4322,#4323,#4324,#4325,
    #4326,#4327,#4328,#4329,#4330),.UNSPECIFIED.,.F.,.F.,(8,6,6,6,6,8),(
    0.,0.268615496783,0.434459467553,0.596341792091,0.731495812345,1.),
  .UNSPECIFIED.);
#4299 = CARTESIAN_POINT('',(438.97895780798,487.31966733724,
    18.16599377981));
#4300 = CARTESIAN_POINT('',(438.73147430289,487.04969519507,
    18.16599377981));
#4301 = CARTESIAN_POINT('',(438.51732714284,486.74992217879,
    18.17460804442));
#4302 = CARTESIAN_POINT('',(438.33839880122,486.42276777027,
    18.191789885773));
#4303 = CARTESIAN_POINT('',(438.19774025447,486.06990041273,
    18.217033333249));
#4304 = CARTESIAN_POINT('',(438.09987434385,485.69318415295,
    18.249327654978));
#4305 = CARTESIAN_POINT('',(438.05103094265,485.2952211626,
    18.286794764323));
#4306 = CARTESIAN_POINT('',(438.06509345996,484.62544461163,
    18.35070217236));
#4307 = CARTESIAN_POINT('',(438.09242836831,484.36198628777,
    18.376033004706));
#4308 = CARTESIAN_POINT('',(438.14420993843,484.09324655666,
    18.401443145154));
#4309 = CARTESIAN_POINT('',(438.22262768213,483.82214867868,
    18.425850679392));
#4310 = CARTESIAN_POINT('',(438.32958449976,483.55203089729,
    18.447997676104));
#4311 = CARTESIAN_POINT('',(438.46667814773,483.28671912785,
    18.466559389359));
#4312 = CARTESIAN_POINT('',(438.79961824318,482.78074530883,
    18.493738551798));
#4313 = CARTESIAN_POINT('',(438.99285712974,482.54135655429,
    18.502491602848));
#4314 = CARTESIAN_POINT('',(439.21291689127,482.3200733911,
    18.505352210164));
#4315 = CARTESIAN_POINT('',(439.45551580358,482.12299155931,
    18.501722156886));
#4316 = CARTESIAN_POINT('',(439.71456858077,481.95437498106,
    18.491945733661));
#4317 = CARTESIAN_POINT('',(439.98262463591,481.81626643718,
    18.477230498015));
#4318 = CARTESIAN_POINT('',(440.47548009329,481.61773940798,
    18.444088262825));
#4319 = CARTESIAN_POINT('',(440.70104340559,481.54788431963,
    18.426613311791));
#4320 = CARTESIAN_POINT('',(440.92594144362,481.49729021696,
    18.407440578194));
#4321 = CARTESIAN_POINT('',(441.14851287679,481.46470722639,
    18.387249450055));
#4322 = CARTESIAN_POINT('',(441.36735912778,481.44885918488,
    18.366657508347));
#4323 = CARTESIAN_POINT('',(441.58130081899,481.44845098282,
    18.346196331806));
#4324 = CARTESIAN_POINT('',(442.20264715645,481.48944001314,
    18.286794172303));
#4325 = CARTESIAN_POINT('',(442.59486614569,481.57262632382,
    18.249327647349));
#4326 = CARTESIAN_POINT('',(442.9616657427,481.70280260813,
    18.217033969813));
#4327 = CARTESIAN_POINT('',(443.30099801418,481.87354166281,
    18.191790389868));
#4328 = CARTESIAN_POINT('',(443.6113977855,482.08017717732,
    18.174608169408));
#4329 = CARTESIAN_POINT('',(443.89146549037,482.31952702205,
    18.16599377981));
#4330 = CARTESIAN_POINT('',(444.13895070985,482.58950103439,
    18.16599377981));
#4331 = ORIENTED_EDGE('',*,*,#4332,.T.);
#4332 = EDGE_CURVE('',#4296,#3488,#4333,.T.);
#4333 = LINE('',#4334,#4335);
#4334 = CARTESIAN_POINT('',(438.97895780798,487.31966733724,4.847E-14));
#4335 = VECTOR('',#4336,1.);
#4336 = DIRECTION('',(2.8E-16,-7.E-17,1.));
#4337 = ORIENTED_EDGE('',*,*,#3495,.T.);
#4338 = ORIENTED_EDGE('',*,*,#4281,.F.);
#4339 = CYLINDRICAL_SURFACE('',#4340,3.5);
#4340 = AXIS2_PLACEMENT_3D('',#4341,#4342,#4343);
#4341 = CARTESIAN_POINT('',(441.55895425892,484.95458418582,4.965E-14));
#4342 = DIRECTION('',(-1.3E-16,1.E-17,-1.));
#4343 = DIRECTION('',(1.,6.E-17,-1.3E-16));
#4344 = ADVANCED_FACE('',(#4345),#4400,.F.);
#4345 = FACE_BOUND('',#4346,.T.);
#4346 = EDGE_LOOP('',(#4347,#4360,#4361,#4362,#4363,#4371));
#4347 = ORIENTED_EDGE('',*,*,#4348,.F.);
#4348 = EDGE_CURVE('',#4267,#4349,#4351,.T.);
#4349 = VERTEX_POINT('',#4350);
#4350 = CARTESIAN_POINT('',(455.19502490789,496.01171183268,
    18.319305344943));
#4351 = B_SPLINE_CURVE_WITH_KNOTS('',7,(#4352,#4353,#4354,#4355,#4356,
    #4357,#4358,#4359),.UNSPECIFIED.,.F.,.F.,(8,8),(0.,1.),
  .PIECEWISE_BEZIER_KNOTS.);
#4352 = CARTESIAN_POINT('',(454.27502135882,493.64662868125,
    18.16599377981));
#4353 = CARTESIAN_POINT('',(454.51619972558,493.90972274198,
    18.16599377981));
#4354 = CARTESIAN_POINT('',(454.7257454822,494.20114767839,
    18.174174729369));
#4355 = CARTESIAN_POINT('',(454.90188249989,494.51865271181,
    18.1904965334));
#4356 = CARTESIAN_POINT('',(455.04180274061,494.86065352898,
    18.214501060091));
#4357 = CARTESIAN_POINT('',(455.1413942107,495.22542112607,
    18.245272040894));
#4358 = CARTESIAN_POINT('',(455.19502490789,495.61059783311,
    18.281132344549));
#4359 = CARTESIAN_POINT('',(455.19502490789,496.01171183268,
    18.319305344943));
#4360 = ORIENTED_EDGE('',*,*,#4274,.T.);
#4361 = ORIENTED_EDGE('',*,*,#3443,.T.);
#4362 = ORIENTED_EDGE('',*,*,#3456,.T.);
#4363 = ORIENTED_EDGE('',*,*,#4364,.F.);
#4364 = EDGE_CURVE('',#4365,#3457,#4367,.T.);
#4365 = VERTEX_POINT('',#4366);
#4366 = CARTESIAN_POINT('',(449.11502845695,498.37679498411,
    18.16599377981));
#4367 = LINE('',#4368,#4369);
#4368 = CARTESIAN_POINT('',(449.11502845695,498.37679498411,5.086E-14));
#4369 = VECTOR('',#4370,1.);
#4370 = DIRECTION('',(2.8E-16,-7.E-17,1.));
#4371 = ORIENTED_EDGE('',*,*,#4372,.F.);
#4372 = EDGE_CURVE('',#4349,#4365,#4373,.T.);
#4373 = B_SPLINE_CURVE_WITH_KNOTS('',7,(#4374,#4375,#4376,#4377,#4378,
    #4379,#4380,#4381,#4382,#4383,#4384,#4385,#4386,#4387,#4388,#4389,
    #4390,#4391,#4392,#4393,#4394,#4395,#4396,#4397,#4398,#4399),
  .UNSPECIFIED.,.F.,.F.,(8,6,6,6,8),(0.,0.251085275468,0.45399018468,
    0.637079293732,1.),.UNSPECIFIED.);
#4374 = CARTESIAN_POINT('',(455.19502490789,496.01171183268,
    18.319305344943));
#4375 = CARTESIAN_POINT('',(455.19502490789,496.29499387681,
    18.346264577465));
#4376 = CARTESIAN_POINT('',(455.16827565704,496.58885224524,
    18.374627574623));
#4377 = CARTESIAN_POINT('',(455.1111796516,496.88970005745,
    18.403237797549));
#4378 = CARTESIAN_POINT('',(455.02069179086,497.19331957697,
    18.430570726006));
#4379 = CARTESIAN_POINT('',(454.89429913348,497.49489703374,
    18.454831389773));
#4380 = CARTESIAN_POINT('',(454.73004313808,497.78892327081,
    18.474160854017));
#4381 = CARTESIAN_POINT('',(454.36216702404,498.29526130315,
    18.497288055528));
#4382 = CARTESIAN_POINT('',(454.17390855646,498.51000412752,
    18.503244292041));
#4383 = CARTESIAN_POINT('',(453.96392585939,498.70761062623,
    18.504019676384));
#4384 = CARTESIAN_POINT('',(453.73593597731,498.88363912942,
    18.499320646617));
#4385 = CARTESIAN_POINT('',(453.49490125569,499.03503008234,
    18.489528056998));
#4386 = CARTESIAN_POINT('',(453.24673286413,499.16036151979,
    18.47562023219));
#4387 = CARTESIAN_POINT('',(452.77365879489,499.35012515696,
    18.443720961442));
#4388 = CARTESIAN_POINT('',(452.54799244997,499.4196527267,
    18.42620373964));
#4389 = CARTESIAN_POINT('',(452.32302540967,499.46991890259,
    18.406998346735));
#4390 = CARTESIAN_POINT('',(452.10041422043,499.50217826178,
    18.386784278352));
#4391 = CARTESIAN_POINT('',(451.88155182622,499.5177097959,
    18.366178534013));
#4392 = CARTESIAN_POINT('',(451.66761153787,499.51780951188,
    18.345711710712));
#4393 = CARTESIAN_POINT('',(451.04722831493,499.4759822053,
    18.286402297361));
#4394 = CARTESIAN_POINT('',(450.65591185554,499.39253331575,
    18.249045958393));
#4395 = CARTESIAN_POINT('',(450.28993915048,499.26229921293,
    18.216857278616));
#4396 = CARTESIAN_POINT('',(449.95134833416,499.09166812051,
    18.191699915702));
#4397 = CARTESIAN_POINT('',(449.64159703862,498.88527758065,
    18.174577895008));
#4398 = CARTESIAN_POINT('',(449.36207846627,498.64629423907,
    18.16599377981));
#4399 = CARTESIAN_POINT('',(449.11502845695,498.37679498411,
    18.16599377981));
#4400 = CYLINDRICAL_SURFACE('',#4401,3.5);
#4401 = AXIS2_PLACEMENT_3D('',#4402,#4403,#4404);
#4402 = CARTESIAN_POINT('',(451.69502490789,496.01171183268,5.204E-14));
#4403 = DIRECTION('',(-1.3E-16,1.E-17,-1.));
#4404 = DIRECTION('',(1.,6.E-17,-1.3E-16));
#4405 = ADVANCED_FACE('',(#4406),#4417,.T.);
#4406 = FACE_BOUND('',#4407,.T.);
#4407 = EDGE_LOOP('',(#4408,#4414,#4415,#4416));
#4408 = ORIENTED_EDGE('',*,*,#4409,.T.);
#4409 = EDGE_CURVE('',#4296,#4365,#4410,.T.);
#4410 = LINE('',#4411,#4412);
#4411 = CARTESIAN_POINT('',(490.29632562012,543.300205166,18.16599377981
    ));
#4412 = VECTOR('',#4413,1.);
#4413 = DIRECTION('',(0.675738043265,0.737141843124,4.5E-16));
#4414 = ORIENTED_EDGE('',*,*,#4364,.T.);
#4415 = ORIENTED_EDGE('',*,*,#3487,.F.);
#4416 = ORIENTED_EDGE('',*,*,#4332,.F.);
#4417 = PLANE('',#4418);
#4418 = AXIS2_PLACEMENT_3D('',#4419,#4420,#4421);
#4419 = CARTESIAN_POINT('',(449.11502845695,498.37679498411,5.086E-14));
#4420 = DIRECTION('',(0.737141843124,-0.675738043265,1.9E-16));
#4421 = DIRECTION('',(-0.675738043265,-0.737141843124,-1.6E-16));
#4422 = ADVANCED_FACE('',(#4423,#4457,#4464),#4471,.F.);
#4423 = FACE_BOUND('',#4424,.T.);
#4424 = EDGE_LOOP('',(#4425,#4426,#4432,#4433,#4439,#4440,#4446,#4447,
    #4448,#4449,#4450,#4451,#4452,#4453,#4454,#4455,#4456));
#4425 = ORIENTED_EDGE('',*,*,#3542,.F.);
#4426 = ORIENTED_EDGE('',*,*,#4427,.T.);
#4427 = EDGE_CURVE('',#3543,#3733,#4428,.T.);
#4428 = LINE('',#4429,#4430);
#4429 = CARTESIAN_POINT('',(506.51351251162,528.43390739775,2.1021E-13)
  );
#4430 = VECTOR('',#4431,1.);
#4431 = DIRECTION('',(-0.675738043265,-0.737141843124,-6.5E-16));
#4432 = ORIENTED_EDGE('',*,*,#3732,.T.);
#4433 = ORIENTED_EDGE('',*,*,#4434,.T.);
#4434 = EDGE_CURVE('',#3735,#3818,#4435,.T.);
#4435 = LINE('',#4436,#4437);
#4436 = CARTESIAN_POINT('',(506.51351251162,528.43390739775,2.1021E-13)
  );
#4437 = VECTOR('',#4438,1.);
#4438 = DIRECTION('',(-0.675738043265,-0.737141843124,-6.5E-16));
#4439 = ORIENTED_EDGE('',*,*,#3817,.T.);
#4440 = ORIENTED_EDGE('',*,*,#4441,.T.);
#4441 = EDGE_CURVE('',#3820,#3921,#4442,.T.);
#4442 = LINE('',#4443,#4444);
#4443 = CARTESIAN_POINT('',(506.51351251162,528.43390739775,2.1021E-13)
  );
#4444 = VECTOR('',#4445,1.);
#4445 = DIRECTION('',(-0.675738043265,-0.737141843124,-6.5E-16));
#4446 = ORIENTED_EDGE('',*,*,#3920,.T.);
#4447 = ORIENTED_EDGE('',*,*,#4068,.T.);
#4448 = ORIENTED_EDGE('',*,*,#3994,.T.);
#4449 = ORIENTED_EDGE('',*,*,#3944,.T.);
#4450 = ORIENTED_EDGE('',*,*,#3929,.T.);
#4451 = ORIENTED_EDGE('',*,*,#4441,.F.);
#4452 = ORIENTED_EDGE('',*,*,#3859,.T.);
#4453 = ORIENTED_EDGE('',*,*,#4434,.F.);
#4454 = ORIENTED_EDGE('',*,*,#3774,.T.);
#4455 = ORIENTED_EDGE('',*,*,#4427,.F.);
#4456 = ORIENTED_EDGE('',*,*,#3635,.F.);
#4457 = FACE_BOUND('',#4458,.T.);
#4458 = EDGE_LOOP('',(#4459,#4460,#4461,#4462,#4463));
#4459 = ORIENTED_EDGE('',*,*,#4100,.F.);
#4460 = ORIENTED_EDGE('',*,*,#4160,.T.);
#4461 = ORIENTED_EDGE('',*,*,#4237,.F.);
#4462 = ORIENTED_EDGE('',*,*,#4208,.F.);
#4463 = ORIENTED_EDGE('',*,*,#4184,.F.);
#4464 = FACE_BOUND('',#4465,.T.);
#4465 = EDGE_LOOP('',(#4466,#4467,#4468,#4469,#4470));
#4466 = ORIENTED_EDGE('',*,*,#4264,.T.);
#4467 = ORIENTED_EDGE('',*,*,#4348,.T.);
#4468 = ORIENTED_EDGE('',*,*,#4372,.T.);
#4469 = ORIENTED_EDGE('',*,*,#4409,.F.);
#4470 = ORIENTED_EDGE('',*,*,#4295,.T.);
#4471 = CYLINDRICAL_SURFACE('',#4472,18.50009);
#4472 = AXIS2_PLACEMENT_3D('',#4473,#4474,#4475);
#4473 = CARTESIAN_POINT('',(492.87632207105,540.93512201458,1.8932E-13)
  );
#4474 = DIRECTION('',(0.675738043265,0.737141843124,6.8E-16));
#4475 = DIRECTION('',(0.737141843124,-0.675738043265,1.13E-15));
#4476 = ( GEOMETRIC_REPRESENTATION_CONTEXT(3) 
GLOBAL_UNCERTAINTY_ASSIGNED_CONTEXT((#4480)) 
GLOBAL_UNIT_ASSIGNED_CONTEXT((#4477,#4478,#4479)) REPRESENTATION_CONTEXT
('Context #1','3D Context with UNIT and UNCERTAINTY') );
#4477 = ( LENGTH_UNIT() NAMED_UNIT(*) SI_UNIT(.MILLI.,.METRE.) );
#4478 = ( NAMED_UNIT(*) PLANE_ANGLE_UNIT() SI_UNIT($,.RADIAN.) );
#4479 = ( NAMED_UNIT(*) SI_UNIT($,.STERADIAN.) SOLID_ANGLE_UNIT() );
#4480 = UNCERTAINTY_MEASURE_WITH_UNIT(LENGTH_MEASURE(2.E-07),#4477,
  'distance_accuracy_value','confusion accuracy');
#4481 = CONTEXT_DEPENDENT_SHAPE_REPRESENTATION(#4482,#4484);
#4482 = ( REPRESENTATION_RELATIONSHIP('','',#2845,#10) 
REPRESENTATION_RELATIONSHIP_WITH_TRANSFORMATION(#4483) 
SHAPE_REPRESENTATION_RELATIONSHIP() );
#4483 = ITEM_DEFINED_TRANSFORMATION('','',#11,#27);
#4484 = PRODUCT_DEFINITION_SHAPE('Placement','Placement of an item',
  #4485);
#4485 = NEXT_ASSEMBLY_USAGE_OCCURRENCE('4','DownTube','',#5,#2840,$);
#4486 = PRODUCT_RELATED_PRODUCT_CATEGORY('part',$,(#2842));
#4487 = SHAPE_DEFINITION_REPRESENTATION(#4488,#4494);
#4488 = PRODUCT_DEFINITION_SHAPE('','',#4489);
#4489 = PRODUCT_DEFINITION('design','',#4490,#4493);
#4490 = PRODUCT_DEFINITION_FORMATION('','',#4491);
#4491 = PRODUCT('TopTube','TopTube','',(#4492));
#4492 = PRODUCT_CONTEXT('',#2,'mechanical');
#4493 = PRODUCT_DEFINITION_CONTEXT('part definition',#2,'design');
#4494 = ADVANCED_BREP_SHAPE_REPRESENTATION('',(#11,#4495),#5550);
#4495 = MANIFOLD_SOLID_BREP('',#4496);
#4496 = CLOSED_SHELL('',(#4497,#4976,#5061,#5146,#5332,#5514));
#4497 = ADVANCED_FACE('',(#4498),#4971,.T.);
#4498 = FACE_BOUND('',#4499,.T.);
#4499 = EDGE_LOOP('',(#4500,#4510,#4582,#4647,#4648,#4685,#4693,#4730,
    #4738,#4911,#4912,#4941,#4942));
#4500 = ORIENTED_EDGE('',*,*,#4501,.F.);
#4501 = EDGE_CURVE('',#4502,#4504,#4506,.T.);
#4502 = VERTEX_POINT('',#4503);
#4503 = CARTESIAN_POINT('',(447.36454158607,584.99009581016,
    1.136868377216E-13));
#4504 = VERTEX_POINT('',#4505);
#4505 = CARTESIAN_POINT('',(401.46949881262,566.38527752603,
    1.136868377216E-13));
#4506 = LINE('',#4507,#4508);
#4507 = CARTESIAN_POINT('',(469.13405831898,593.81496835573,
    -1.773162278384E-15));
#4508 = VECTOR('',#4509,1.);
#4509 = DIRECTION('',(-0.926748268264,-0.375682907875,-2.E-17));
#4510 = ORIENTED_EDGE('',*,*,#4511,.F.);
#4511 = EDGE_CURVE('',#4512,#4502,#4514,.T.);
#4512 = VERTEX_POINT('',#4513);
#4513 = CARTESIAN_POINT('',(460.16278449258,555.97259471511,0.));
#4514 = B_SPLINE_CURVE_WITH_KNOTS('',6,(#4515,#4516,#4517,#4518,#4519,
    #4520,#4521,#4522,#4523,#4524,#4525,#4526,#4527,#4528,#4529,#4530,
    #4531,#4532,#4533,#4534,#4535,#4536,#4537,#4538,#4539,#4540,#4541,
    #4542,#4543,#4544,#4545,#4546,#4547,#4548,#4549,#4550,#4551,#4552,
    #4553,#4554,#4555,#4556,#4557,#4558,#4559,#4560,#4561,#4562,#4563,
    #4564,#4565,#4566,#4567,#4568,#4569,#4570,#4571,#4572,#4573,#4574,
    #4575,#4576,#4577,#4578,#4579,#4580,#4581),.UNSPECIFIED.,.F.,.F.,(7,
    5,5,5,5,5,5,5,5,5,5,5,5,7),(0.,6.412669986961E-02,0.104038720743,
    0.15301310787,0.189395533154,0.283629357142,0.389459534718,
    0.486381781192,0.55513601277,0.591059158025,0.707480404808,
    0.849485102511,0.900957540265,1.),.UNSPECIFIED.);
#4515 = CARTESIAN_POINT('',(460.16278449258,555.97259471511,-7.984E-14)
  );
#4516 = CARTESIAN_POINT('',(460.16278449258,555.97259471511,
    -0.680626959384));
#4517 = CARTESIAN_POINT('',(460.17103410212,556.0137840254,
    -1.359980619592));
#4518 = CARTESIAN_POINT('',(460.18747516827,556.09587287283,
    -2.032923920002));
#4519 = CARTESIAN_POINT('',(460.2115774302,556.21710771705,
    -2.694356896722));
#4520 = CARTESIAN_POINT('',(460.24234757669,556.37428319549,
    -3.339310409024));
#4521 = CARTESIAN_POINT('',(460.30096331129,556.68001345473,
    -4.351230715048));
#4522 = CARTESIAN_POINT('',(460.32555310479,556.8095546719,
    -4.731676301147));
#4523 = CARTESIAN_POINT('',(460.35198831686,556.95053103994,
    -5.104015906346));
#4524 = CARTESIAN_POINT('',(460.37999727193,557.10210225245,
    -5.467929285741));
#4525 = CARTESIAN_POINT('',(460.40930033809,557.26340663863,
    -5.823127890479));
#4526 = CARTESIAN_POINT('',(460.47681470617,557.64234880676,
    -6.594195472627));
#4527 = CARTESIAN_POINT('',(460.51554668885,557.86450981045,
    -7.005626689515));
#4528 = CARTESIAN_POINT('',(460.55534438419,558.09871384131,
    -7.403753108996));
#4529 = CARTESIAN_POINT('',(460.59575817606,558.34374486993,
    -7.788721804546));
#4530 = CARTESIAN_POINT('',(460.63635852161,558.59849994892,
    -8.160721757628));
#4531 = CARTESIAN_POINT('',(460.70673581775,559.05773128281,
    -8.786874060112));
#4532 = CARTESIAN_POINT('',(460.7366163489,559.25832625693,
    -9.046778942843));
#4533 = CARTESIAN_POINT('',(460.766218656,559.46340579528,
    -9.299834648165));
#4534 = CARTESIAN_POINT('',(460.7953864123,559.6726396621,
    -9.546179892906));
#4535 = CARTESIAN_POINT('',(460.82396815225,559.88573536793,
    -9.785955471479));
#4536 = CARTESIAN_POINT('',(460.92394904894,560.66371833465,
    -10.62369904554));
#4537 = CARTESIAN_POINT('',(460.99118902472,561.24938800004,
    -11.18518485186));
#4538 = CARTESIAN_POINT('',(461.05093843633,561.85481297432,
    -11.70592777715));
#4539 = CARTESIAN_POINT('',(461.10072281866,562.47665985185,
    -12.18795778677));
#4540 = CARTESIAN_POINT('',(461.13800854763,563.11254951201,
    -12.63296182448));
#4541 = CARTESIAN_POINT('',(461.18464702886,564.48862933307,
    -13.50158263228));
#4542 = CARTESIAN_POINT('',(461.19001425739,565.23250204341,
    -13.91612994196));
#4543 = CARTESIAN_POINT('',(461.17198206303,565.98822534455,
    -14.28624221074));
#4544 = CARTESIAN_POINT('',(461.12626739468,566.75218381808,
    -14.61212953564));
#4545 = CARTESIAN_POINT('',(461.04839845332,567.52122236972,
    -14.89369429778));
#4546 = CARTESIAN_POINT('',(460.82914667961,568.99924063445,
    -15.34689412904));
#4547 = CARTESIAN_POINT('',(460.69357959526,569.70837705616,
    -15.52595560634));
#4548 = CARTESIAN_POINT('',(460.52429808143,570.41456120946,
    -15.66571922727));
#4549 = CARTESIAN_POINT('',(460.31924089517,571.11333607114,
    -15.76554326644));
#4550 = CARTESIAN_POINT('',(460.07766826836,571.80126703619,
    -15.82513426183));
#4551 = CARTESIAN_POINT('',(459.60347942921,572.95413764744,
    -15.85814454022));
#4552 = CARTESIAN_POINT('',(459.38898061065,573.42500963017,
    -15.85155201683));
#4553 = CARTESIAN_POINT('',(459.15719562494,573.88723074879,
    -15.82476715805));
#4554 = CARTESIAN_POINT('',(458.90898058574,574.33987558569,
    -15.77800035427));
#4555 = CARTESIAN_POINT('',(458.64565039897,574.78212732481,
    -15.7115758895));
#4556 = CARTESIAN_POINT('',(458.22439490153,575.43842709788,
    -15.58133853849));
#4557 = CARTESIAN_POINT('',(458.0761471037,575.66065750364,
    -15.53141395367));
#4558 = CARTESIAN_POINT('',(457.92440595529,575.8798665479,
    -15.47631365654));
#4559 = CARTESIAN_POINT('',(457.7693797625,576.09603046745,
    -15.41609262352));
#4560 = CARTESIAN_POINT('',(457.61129551056,576.30912405632,
    -15.3508094911));
#4561 = CARTESIAN_POINT('',(456.9289518819,577.19968348653,
    -15.05276230367));
#4562 = CARTESIAN_POINT('',(456.37877288861,577.84663939929,
    -14.77286951592));
#4563 = CARTESIAN_POINT('',(455.80612112958,578.46215522291,
    -14.44240500097));
#4564 = CARTESIAN_POINT('',(455.2175867796,579.04798309957,
    -14.06185346617));
#4565 = CARTESIAN_POINT('',(454.61979049203,579.60521913251,
    -13.6310926746));
#4566 = CARTESIAN_POINT('',(453.28733699492,580.77966901112,
    -12.56166465512));
#4567 = CARTESIAN_POINT('',(452.55194608533,581.38273445052,
    -11.8984927152));
#4568 = CARTESIAN_POINT('',(451.82174607764,581.94787719366,
    -11.15535558261));
#4569 = CARTESIAN_POINT('',(451.10651748626,582.47537428977,
    -10.32459998213));
#4570 = CARTESIAN_POINT('',(450.42119183272,582.96143367642,
    -9.397135309672));
#4571 = CARTESIAN_POINT('',(449.55917230145,583.55502060428,
    -7.990506780191));
#4572 = CARTESIAN_POINT('',(449.33658129914,583.7064385561,
    -7.602213957994));
#4573 = CARTESIAN_POINT('',(449.12187803586,583.85087943616,
    -7.199486516497));
#4574 = CARTESIAN_POINT('',(448.91635556131,583.98777571396,
    -6.782017551096));
#4575 = CARTESIAN_POINT('',(448.72145090344,584.11646828269,
    -6.349553679682));
#4576 = CARTESIAN_POINT('',(448.18718234938,584.4665992996,
    -5.040519548342));
#4577 = CARTESIAN_POINT('',(447.87655161238,584.66660531953,
    -4.112519876533));
#4578 = CARTESIAN_POINT('',(447.62683912982,584.82497634004,
    -3.130301223934));
#4579 = CARTESIAN_POINT('',(447.45307064471,584.93436713643,
    -2.107489529184));
#4580 = CARTESIAN_POINT('',(447.36454158607,584.99009581016,
    -1.058992456248));
#4581 = CARTESIAN_POINT('',(447.36454158607,584.99009581016,-4.664E-14)
  );
#4582 = ORIENTED_EDGE('',*,*,#4583,.F.);
#4583 = EDGE_CURVE('',#4502,#4512,#4584,.T.);
#4584 = B_SPLINE_CURVE_WITH_KNOTS('',6,(#4585,#4586,#4587,#4588,#4589,
    #4590,#4591,#4592,#4593,#4594,#4595,#4596,#4597,#4598,#4599,#4600,
    #4601,#4602,#4603,#4604,#4605,#4606,#4607,#4608,#4609,#4610,#4611,
    #4612,#4613,#4614,#4615,#4616,#4617,#4618,#4619,#4620,#4621,#4622,
    #4623,#4624,#4625,#4626,#4627,#4628,#4629,#4630,#4631,#4632,#4633,
    #4634,#4635,#4636,#4637,#4638,#4639,#4640,#4641,#4642,#4643,#4644,
    #4645,#4646),.UNSPECIFIED.,.F.,.F.,(7,5,5,5,5,5,5,5,5,5,5,5,7),(0.,
    6.279984384824E-02,0.149958613365,0.189024682386,0.29264041527,
    0.409442604188,0.44541261887,0.513719791139,0.61053878053,
    0.715946320225,0.848342955589,0.897297846598,1.),.UNSPECIFIED.);
#4585 = CARTESIAN_POINT('',(447.36454158607,584.99009581016,-4.336E-14)
  );
#4586 = CARTESIAN_POINT('',(447.36454158607,584.99009581016,
    0.668493555644));
#4587 = CARTESIAN_POINT('',(447.39981895505,584.9678886185,
    1.335552019921));
#4588 = CARTESIAN_POINT('',(447.47008879715,584.92365350108,
    1.996001419617));
#4589 = CARTESIAN_POINT('',(447.57363384121,584.85828367189,
    2.644702659142));
#4590 = CARTESIAN_POINT('',(447.7073179212,584.77338673385,
    3.276629782745));
#4591 = CARTESIAN_POINT('',(448.08783398377,584.52985608839,
    4.733972929575));
#4592 = CARTESIAN_POINT('',(448.35849780581,584.35535805623,
    5.539582064011));
#4593 = CARTESIAN_POINT('',(448.66986112624,584.15240571132,
    6.30263417101));
#4594 = CARTESIAN_POINT('',(449.01383503848,583.92484401643,
    7.022806261194));
#4595 = CARTESIAN_POINT('',(449.38307504127,583.67607655639,
    7.700374793644));
#4596 = CARTESIAN_POINT('',(449.9448076343,583.28955716926,
    8.620936765506));
#4597 = CARTESIAN_POINT('',(450.12261620475,583.16614504061,
    8.897770439974));
#4598 = CARTESIAN_POINT('',(450.30390830589,583.03913297013,
    9.166729118755));
#4599 = CARTESIAN_POINT('',(450.48826157199,582.90867500923,
    9.428016731259));
#4600 = CARTESIAN_POINT('',(450.67530114336,582.77489179428,
    9.681839912403));
#4601 = CARTESIAN_POINT('',(451.36704071662,582.27444102493,
    10.582386515404));
#4602 = CARTESIAN_POINT('',(451.88626908727,581.88800681746,
    11.185718509986));
#4603 = CARTESIAN_POINT('',(452.41578929125,581.48047308696,
    11.74154322966));
#4604 = CARTESIAN_POINT('',(452.95064985132,581.05252574304,
    12.25281263677));
#4605 = CARTESIAN_POINT('',(453.48691988514,580.60380771213,
    12.721938677207));
#4606 = CARTESIAN_POINT('',(454.62301607319,579.60231404185,
    13.63358131643));
#4607 = CARTESIAN_POINT('',(455.22255575998,579.04329035431,
    14.065362861875));
#4608 = CARTESIAN_POINT('',(455.81275120607,578.45549893946,
    14.44664199089));
#4609 = CARTESIAN_POINT('',(456.3869169784,577.83783655221,
    14.777535250013));
#4610 = CARTESIAN_POINT('',(456.93840049268,577.18853706034,
    15.057548405076));
#4611 = CARTESIAN_POINT('',(457.62179218645,576.29504357452,
    15.355182764392));
#4612 = CARTESIAN_POINT('',(457.77986690307,576.08156761457,
    15.420251105823));
#4613 = CARTESIAN_POINT('',(457.93486764624,575.86501564963,
    15.480244751007));
#4614 = CARTESIAN_POINT('',(458.08656679354,575.64541363479,
    15.535104788727));
#4615 = CARTESIAN_POINT('',(458.23475561501,575.42278611909,
    15.584776047708));
#4616 = CARTESIAN_POINT('',(458.65363304737,574.76868650326,
    15.713573776676));
#4617 = CARTESIAN_POINT('',(458.91480398609,574.32920113949,
    15.779073399735));
#4618 = CARTESIAN_POINT('',(459.16104379225,573.87947523377,
    15.825177029399));
#4619 = CARTESIAN_POINT('',(459.39106787664,573.42031250782,
    15.851567592659));
#4620 = CARTESIAN_POINT('',(459.60403852335,572.95262287387,
    15.858039517987));
#4621 = CARTESIAN_POINT('',(460.07663184366,571.80400651631,
    15.825299806768));
#4622 = CARTESIAN_POINT('',(460.31800043688,571.11706952101,
    15.765935438853));
#4623 = CARTESIAN_POINT('',(460.52295518683,570.41930635688,
    15.666447895671));
#4624 = CARTESIAN_POINT('',(460.69222763277,569.71413853925,
    15.52712879457));
#4625 = CARTESIAN_POINT('',(460.82786517593,569.00600461762,
    15.348616868227));
#4626 = CARTESIAN_POINT('',(461.04706021035,567.53226358753,
    14.89745827235));
#4627 = CARTESIAN_POINT('',(461.12502735787,566.76648276224,
    14.61766802822));
#4628 = CARTESIAN_POINT('',(461.17106740452,566.00569824346,
    14.293926498275));
#4629 = CARTESIAN_POINT('',(461.18959383645,565.25302999416,
    13.926337009318));
#4630 = CARTESIAN_POINT('',(461.18483854702,564.51205157211,
    13.514702927648));
#4631 = CARTESIAN_POINT('',(461.13071974997,562.87587846685,
    12.485592567468));
#4632 = CARTESIAN_POINT('',(461.07024373774,561.98972945372,
    11.842369226345));
#4633 = CARTESIAN_POINT('',(460.98731257061,561.13245359756,
    11.125430591776));
#4634 = CARTESIAN_POINT('',(460.88848246267,560.31095619434,
    10.32918814431));
#4635 = CARTESIAN_POINT('',(460.78058207324,559.53670083524,
    9.447029760179));
#4636 = CARTESIAN_POINT('',(460.63111425972,558.56544974089,
    8.112796164567));
#4637 = CARTESIAN_POINT('',(460.59058072721,558.3120566652,
    7.739894515493));
#4638 = CARTESIAN_POINT('',(460.55026911323,558.06845202111,
    7.354036661632));
#4639 = CARTESIAN_POINT('',(460.51060909731,557.83574453597,
    6.955040683972));
#4640 = CARTESIAN_POINT('',(460.47205016265,557.61515455406,
    6.54276697012));
#4641 = CARTESIAN_POINT('',(460.35745585103,556.97345610555,
    5.224153416318));
#4642 = CARTESIAN_POINT('',(460.28586992544,556.5931533299,
    4.262172967191));
#4643 = CARTESIAN_POINT('',(460.22630782472,556.28977548436,
    3.243860126878));
#4644 = CARTESIAN_POINT('',(460.18420922893,556.07956199503,2.1834981665
    ));
#4645 = CARTESIAN_POINT('',(460.16278449258,555.97259471511,
    1.096841556708));
#4646 = CARTESIAN_POINT('',(460.16278449258,555.97259471511,-7.753E-14)
  );
#4647 = ORIENTED_EDGE('',*,*,#4501,.T.);
#4648 = ORIENTED_EDGE('',*,*,#4649,.F.);
#4649 = EDGE_CURVE('',#4650,#4504,#4652,.T.);
#4650 = VERTEX_POINT('',#4651);
#4651 = CARTESIAN_POINT('',(396.83363590621,564.50600295187,
    1.136868377216E-13));
#4652 = B_SPLINE_CURVE_WITH_KNOTS('',7,(#4653,#4654,#4655,#4656,#4657,
    #4658,#4659,#4660,#4661,#4662,#4663,#4664,#4665,#4666,#4667,#4668,
    #4669,#4670,#4671,#4672,#4673,#4674,#4675,#4676,#4677,#4678,#4679,
    #4680,#4681,#4682,#4683,#4684),.UNSPECIFIED.,.F.,.F.,(8,6,6,6,6,8),(
    0.,0.234037348689,0.488138124207,0.753925218045,0.897315765555,1.),
  .UNSPECIFIED.);
#4653 = CARTESIAN_POINT('',(396.83363590621,564.50600295187,9.91E-15));
#4654 = CARTESIAN_POINT('',(396.83363590621,564.50600295187,
    0.320599268429));
#4655 = CARTESIAN_POINT('',(396.88116249222,564.51710539848,
    0.63231448441));
#4656 = CARTESIAN_POINT('',(396.97147771349,564.53820536748,
    0.926842056193));
#4657 = CARTESIAN_POINT('',(397.09802497815,564.5686645967,
    1.197295931892));
#4658 = CARTESIAN_POINT('',(397.25262376885,564.60789167201,
    1.438400225819));
#4659 = CARTESIAN_POINT('',(397.42584244197,564.65455588179,
    1.64696778375));
#4660 = CARTESIAN_POINT('',(397.80425873806,564.76225188977,
    2.012916560212));
#4661 = CARTESIAN_POINT('',(398.01660792586,564.82578996615,
    2.169872571465));
#4662 = CARTESIAN_POINT('',(398.23855861299,564.89612527453,
    2.294813473155));
#4663 = CARTESIAN_POINT('',(398.46621199761,564.97272104112,
    2.389273035158));
#4664 = CARTESIAN_POINT('',(398.69681329493,565.05505150143,
    2.454442315383));
#4665 = CARTESIAN_POINT('',(398.92826460192,565.14258920082,
    2.49097014329));
#4666 = CARTESIAN_POINT('',(399.39989894925,565.33103133098,
    2.506921215289));
#4667 = CARTESIAN_POINT('',(399.63947406584,565.43215755886,
    2.483623585539));
#4668 = CARTESIAN_POINT('',(399.87538286303,565.53726488124,
    2.428999995786));
#4669 = CARTESIAN_POINT('',(400.10544601269,565.64522430895,
    2.342351494395));
#4670 = CARTESIAN_POINT('',(400.32704717973,565.75441323473,
    2.222356870173));
#4671 = CARTESIAN_POINT('',(400.53671385839,565.86233722783,
    2.067268083615));
#4672 = CARTESIAN_POINT('',(400.83333595396,566.02058199751,
    1.771699996383));
#4673 = CARTESIAN_POINT('',(400.93259643729,566.07468069431,
    1.657123255669));
#4674 = CARTESIAN_POINT('',(401.02606014324,566.12665747026,
    1.531437463453));
#4675 = CARTESIAN_POINT('',(401.11256412,566.175653467,1.394657990718));
#4676 = CARTESIAN_POINT('',(401.19087780352,566.22071464442,
    1.246948107484));
#4677 = CARTESIAN_POINT('',(401.25967913057,566.2608020722,1.08864815945
    ));
#4678 = CARTESIAN_POINT('',(401.35894358414,566.31917185251,
    0.799762758032));
#4679 = CARTESIAN_POINT('',(401.39475424944,566.34041874403,
    0.674041679862));
#4680 = CARTESIAN_POINT('',(401.4242008376,566.35802141861,
    0.543977546307));
#4681 = CARTESIAN_POINT('',(401.44671087186,566.37154818137,
    0.410507267868));
#4682 = CARTESIAN_POINT('',(401.46188570809,566.38069082431,
    0.274644886259));
#4683 = CARTESIAN_POINT('',(401.46949881262,566.38527752603,
    0.137450714883));
#4684 = CARTESIAN_POINT('',(401.46949881262,566.38527752603,2.309E-14));
#4685 = ORIENTED_EDGE('',*,*,#4686,.T.);
#4686 = EDGE_CURVE('',#4650,#4687,#4689,.T.);
#4687 = VERTEX_POINT('',#4688);
#4688 = CARTESIAN_POINT('',(342.59403990123,542.51849043426,
    2.273736754432E-13));
#4689 = LINE('',#4690,#4691);
#4690 = CARTESIAN_POINT('',(469.13405831898,593.81496835573,
    -1.773162278384E-15));
#4691 = VECTOR('',#4692,1.);
#4692 = DIRECTION('',(-0.926748268264,-0.375682907875,-2.E-17));
#4693 = ORIENTED_EDGE('',*,*,#4694,.F.);
#4694 = EDGE_CURVE('',#4695,#4687,#4697,.T.);
#4695 = VERTEX_POINT('',#4696);
#4696 = CARTESIAN_POINT('',(337.95817699482,540.63921586011,
    2.273736754432E-13));
#4697 = B_SPLINE_CURVE_WITH_KNOTS('',7,(#4698,#4699,#4700,#4701,#4702,
    #4703,#4704,#4705,#4706,#4707,#4708,#4709,#4710,#4711,#4712,#4713,
    #4714,#4715,#4716,#4717,#4718,#4719,#4720,#4721,#4722,#4723,#4724,
    #4725,#4726,#4727,#4728,#4729),.UNSPECIFIED.,.F.,.F.,(8,6,6,6,6,8),(
    0.,0.234037348574,0.488138123967,0.753925217675,0.89731576536,1.),
  .UNSPECIFIED.);
#4698 = CARTESIAN_POINT('',(337.95817699482,540.63921586011,2.136E-14));
#4699 = CARTESIAN_POINT('',(337.95817699482,540.63921586011,
    0.320599268429));
#4700 = CARTESIAN_POINT('',(338.00570358083,540.65031830671,
    0.63231448441));
#4701 = CARTESIAN_POINT('',(338.0960188021,540.67141827571,
    0.926842056193));
#4702 = CARTESIAN_POINT('',(338.22256606676,540.70187750493,
    1.197295931893));
#4703 = CARTESIAN_POINT('',(338.37716485746,540.74110458024,
    1.438400225819));
#4704 = CARTESIAN_POINT('',(338.55038353058,540.78776879003,
    1.64696778375));
#4705 = CARTESIAN_POINT('',(338.92879982667,540.895464798,2.012916560212
    ));
#4706 = CARTESIAN_POINT('',(339.14114901447,540.95900287439,
    2.169872571466));
#4707 = CARTESIAN_POINT('',(339.3630997016,541.02933818276,
    2.294813473155));
#4708 = CARTESIAN_POINT('',(339.59075308622,541.10593394936,
    2.389273035158));
#4709 = CARTESIAN_POINT('',(339.82135438354,541.18826440966,
    2.454442315382));
#4710 = CARTESIAN_POINT('',(340.05280569052,541.27580210905,
    2.49097014329));
#4711 = CARTESIAN_POINT('',(340.52444003786,541.46424423922,
    2.506921215289));
#4712 = CARTESIAN_POINT('',(340.76401515445,541.56537046709,
    2.483623585539));
#4713 = CARTESIAN_POINT('',(340.99992395164,541.67047778947,
    2.428999995786));
#4714 = CARTESIAN_POINT('',(341.2299871013,541.77843721718,
    2.342351494396));
#4715 = CARTESIAN_POINT('',(341.45158826834,541.88762614297,
    2.222356870173));
#4716 = CARTESIAN_POINT('',(341.661254947,541.99555013606,2.067268083615
    ));
#4717 = CARTESIAN_POINT('',(341.95787704274,542.15379490583,
    1.771699996206));
#4718 = CARTESIAN_POINT('',(342.05713752588,542.20789360254,
    1.657123255637));
#4719 = CARTESIAN_POINT('',(342.15060123172,542.25987037842,
    1.531437463612));
#4720 = CARTESIAN_POINT('',(342.23710520853,542.30886637518,1.3946579909
    ));
#4721 = CARTESIAN_POINT('',(342.31541889217,542.35392755267,
    1.246948107467));
#4722 = CARTESIAN_POINT('',(342.38422021927,542.39401498048,
    1.088648159204));
#4723 = CARTESIAN_POINT('',(342.48348467271,542.45238476072,
    0.799762758126));
#4724 = CARTESIAN_POINT('',(342.51929533805,542.47363165227,
    0.674041679878));
#4725 = CARTESIAN_POINT('',(342.54874192623,542.49123432686,
    0.543977546237));
#4726 = CARTESIAN_POINT('',(342.57125196047,542.50476108961,
    0.410507267795));
#4727 = CARTESIAN_POINT('',(342.58642679669,542.51390373253,
    0.274644886268));
#4728 = CARTESIAN_POINT('',(342.59403990123,542.51849043426,
    0.137450714976));
#4729 = CARTESIAN_POINT('',(342.59403990123,542.51849043426,4.342E-14));
#4730 = ORIENTED_EDGE('',*,*,#4731,.T.);
#4731 = EDGE_CURVE('',#4695,#4732,#4734,.T.);
#4732 = VERTEX_POINT('',#4733);
#4733 = CARTESIAN_POINT('',(-49.70942845294,383.48748621462,
    2.273736754432E-13));
#4734 = LINE('',#4735,#4736);
#4735 = CARTESIAN_POINT('',(469.13405831898,593.81496835573,
    -1.773162278384E-15));
#4736 = VECTOR('',#4737,1.);
#4737 = DIRECTION('',(-0.926748268264,-0.375682907875,-2.E-17));
#4738 = ORIENTED_EDGE('',*,*,#4739,.T.);
#4739 = EDGE_CURVE('',#4732,#4732,#4740,.T.);
#4740 = B_SPLINE_CURVE_WITH_KNOTS('',8,(#4741,#4742,#4743,#4744,#4745,
    #4746,#4747,#4748,#4749,#4750,#4751,#4752,#4753,#4754,#4755,#4756,
    #4757,#4758,#4759,#4760,#4761,#4762,#4763,#4764,#4765,#4766,#4767,
    #4768,#4769,#4770,#4771,#4772,#4773,#4774,#4775,#4776,#4777,#4778,
    #4779,#4780,#4781,#4782,#4783,#4784,#4785,#4786,#4787,#4788,#4789,
    #4790,#4791,#4792,#4793,#4794,#4795,#4796,#4797,#4798,#4799,#4800,
    #4801,#4802,#4803,#4804,#4805,#4806,#4807,#4808,#4809,#4810,#4811,
    #4812,#4813,#4814,#4815,#4816,#4817,#4818,#4819,#4820,#4821,#4822,
    #4823,#4824,#4825,#4826,#4827,#4828,#4829,#4830,#4831,#4832,#4833,
    #4834,#4835,#4836,#4837,#4838,#4839,#4840,#4841,#4842,#4843,#4844,
    #4845,#4846,#4847,#4848,#4849,#4850,#4851,#4852,#4853,#4854,#4855,
    #4856,#4857,#4858,#4859,#4860,#4861,#4862,#4863,#4864,#4865,#4866,
    #4867,#4868,#4869,#4870,#4871,#4872,#4873,#4874,#4875,#4876,#4877,
    #4878,#4879,#4880,#4881,#4882,#4883,#4884,#4885,#4886,#4887,#4888,
    #4889,#4890,#4891,#4892,#4893,#4894,#4895,#4896,#4897,#4898,#4899,
    #4900,#4901,#4902,#4903,#4904,#4905,#4906,#4907,#4908,#4909,#4910),
  .UNSPECIFIED.,.T.,.F.,(9,7,7,7,7,7,7,7,7,7,7,7,7,7,7,7,7,7,7,7,7,7,7,7
    ,9),(0.,2.578855996027E-02,4.327249828747E-02,6.965359119848E-02,
    0.163221279403,0.239668640096,0.253110121372,0.274116594851,
    0.306640587983,0.363823124898,0.425276325573,0.46926752005,
    0.499718290309,0.531346121291,0.575233416645,0.637139880968,
    0.694364680651,0.725699933189,0.747535490944,0.761025573853,
    0.837514425371,0.922693963138,0.947637122365,0.97143416872,1.),
  .UNSPECIFIED.);
#4741 = CARTESIAN_POINT('',(-49.70942845295,383.48748621462,
    -4.874316227838E-14));
#4742 = CARTESIAN_POINT('',(-49.70942845295,383.48748621462,
    0.444593188934));
#4743 = CARTESIAN_POINT('',(-49.71826832382,383.46852367701,
    0.888151338813));
#4744 = CARTESIAN_POINT('',(-49.7358757566,383.43075370854,
    1.328891524458));
#4745 = CARTESIAN_POINT('',(-49.76201462108,383.3746641196,
    1.765036637934));
#4746 = CARTESIAN_POINT('',(-49.79628537126,383.30107529194,
    2.194817703588));
#4747 = CARTESIAN_POINT('',(-49.83812659587,383.2111406919,
    2.616475494652));
#4748 = CARTESIAN_POINT('',(-49.88681771382,383.10634802894,
    3.028261451414));
#4749 = CARTESIAN_POINT('',(-49.97854425816,382.90863759725,
    3.699746588779));
#4750 = CARTESIAN_POINT('',(-50.01841419085,382.8226281055,
    3.966176891295));
#4751 = CARTESIAN_POINT('',(-50.06090656984,382.73087312235,
    4.227671962786));
#4752 = CARTESIAN_POINT('',(-50.10583759144,382.63374760388,
    4.484182305381));
#4753 = CARTESIAN_POINT('',(-50.15302584498,382.53162099417,
    4.735665765746));
#4754 = CARTESIAN_POINT('',(-50.20229246641,382.42485729515,
    4.98208753178));
#4755 = CARTESIAN_POINT('',(-50.25346129194,382.31381513636,
    5.223420129309));
#4756 = CARTESIAN_POINT('',(-50.38617510521,382.0253764712,
    5.816075043662));
#4757 = CARTESIAN_POINT('',(-50.469970552,381.84287508279,6.161066547214
    ));
#4758 = CARTESIAN_POINT('',(-50.55725000064,381.65233865966,
    6.49494017063));
#4759 = CARTESIAN_POINT('',(-50.64757248603,381.4546467425,6.81805097948
    ));
#4760 = CARTESIAN_POINT('',(-50.74054948557,381.25056659977,
    7.130781312039));
#4761 = CARTESIAN_POINT('',(-50.83584297535,381.04075639464,
    7.433535227597));
#4762 = CARTESIAN_POINT('',(-50.93316348632,380.82576835202,
    7.72673295479));
#4763 = CARTESIAN_POINT('',(-51.38376971825,379.82676813482,
    9.018344961124));
#4764 = CARTESIAN_POINT('',(-51.76044048777,378.98195685384,
    9.918907853661));
#4765 = CARTESIAN_POINT('',(-52.14982218904,378.09499453582,
    10.722221059251));
#4766 = CARTESIAN_POINT('',(-52.54323174971,377.18080060958,
    11.439249844613));
#4767 = CARTESIAN_POINT('',(-52.93501308388,376.24743844104,
    12.080777224235));
#4768 = CARTESIAN_POINT('',(-53.32146951822,375.29677363282,
    12.656747720268));
#4769 = CARTESIAN_POINT('',(-53.70016081948,374.32551528699,
    13.175382762081));
#4770 = CARTESIAN_POINT('',(-54.36395871228,372.51014614338,
    14.023068997851));
#4771 = CARTESIAN_POINT('',(-54.64688235452,371.69340941908,
    14.360983402657));
#4772 = CARTESIAN_POINT('',(-54.91456627691,370.86638749892,
    14.664616645229));
#4773 = CARTESIAN_POINT('',(-55.16438854769,370.02155214495,
    14.937232132314));
#4774 = CARTESIAN_POINT('',(-55.38897476001,369.15641688671,
    15.178001598943));
#4775 = CARTESIAN_POINT('',(-55.57505649085,368.27405204308,
    15.383672998584));
#4776 = CARTESIAN_POINT('',(-55.70294155134,367.38088913948,
    15.550683775427));
#4777 = CARTESIAN_POINT('',(-55.75690753174,366.32345876692,
    15.695108851396));
#4778 = CARTESIAN_POINT('',(-55.76245384455,366.16492503384,
    15.715369747563));
#4779 = CARTESIAN_POINT('',(-55.76533223636,366.00605634182,
    15.734251167835));
#4780 = CARTESIAN_POINT('',(-55.76539761524,365.84692129607,
    15.751710529075));
#4781 = CARTESIAN_POINT('',(-55.76250446977,365.68758059678,
    15.767705690444));
#4782 = CARTESIAN_POINT('',(-55.75650708249,365.52808700167,
    15.782194135466));
#4783 = CARTESIAN_POINT('',(-55.74725974336,365.36848528853,
    15.795132154088));
#4784 = CARTESIAN_POINT('',(-55.7148587072,364.9592736397,
    15.824199206985));
#4785 = CARTESIAN_POINT('',(-55.68678268478,364.70924714586,
    15.83804828024));
#4786 = CARTESIAN_POINT('',(-55.64984657961,364.45949274495,
    15.847785298138));
#4787 = CARTESIAN_POINT('',(-55.60361136603,364.21063057918,
    15.853221565787));
#4788 = CARTESIAN_POINT('',(-55.54774928853,363.96316187935,
    15.854200652681));
#4789 = CARTESIAN_POINT('',(-55.48205065977,363.71749021715,
    15.850588516282));
#4790 = CARTESIAN_POINT('',(-55.40642947718,363.4739430547,
    15.842268736253));
#4791 = CARTESIAN_POINT('',(-55.188547043,362.85942566302,
    15.808820270226));
#4792 = CARTESIAN_POINT('',(-55.03354273507,362.4948005162,
    15.777139707398));
#4793 = CARTESIAN_POINT('',(-54.8565257285,362.13917688887,
    15.734026918163));
#4794 = CARTESIAN_POINT('',(-54.65870681895,361.79276114787,
    15.679446654806));
#4795 = CARTESIAN_POINT('',(-54.44196687082,361.45584713386,
    15.613451306517));
#4796 = CARTESIAN_POINT('',(-54.20889231913,361.12893518164,
    15.536298449041));
#4797 = CARTESIAN_POINT('',(-53.96278179136,360.81282847468,
    15.448615831334));
#4798 = CARTESIAN_POINT('',(-53.2590298403,359.97400554436,
    15.181009002254));
#4799 = CARTESIAN_POINT('',(-52.77681059718,359.46959007144,
    14.979395751659));
#4800 = CARTESIAN_POINT('',(-52.27110986761,358.99117318552,
    14.748000347891));
#4801 = CARTESIAN_POINT('',(-51.75075547749,358.53563736845,
    14.487835542876));
#4802 = CARTESIAN_POINT('',(-51.22225636051,358.10038990885,
    14.19970769044));
#4803 = CARTESIAN_POINT('',(-50.68966268387,357.68291066344,
    13.883698412725));
#4804 = CARTESIAN_POINT('',(-50.1550444348,357.28061577968,
    13.538534369904));
#4805 = CARTESIAN_POINT('',(-49.04362276733,356.47262323856,
    12.755850897341));
#4806 = CARTESIAN_POINT('',(-48.46946285759,356.07095777657,
    12.31533859405));
#4807 = CARTESIAN_POINT('',(-47.90005624095,355.68446435585,
    11.838143617033));
#4808 = CARTESIAN_POINT('',(-47.33835344715,355.3124790409,
    11.322200334137));
#4809 = CARTESIAN_POINT('',(-46.78763339501,354.95515018687,
    10.765095233684));
#4810 = CARTESIAN_POINT('',(-46.2518672997,354.6133967788,
    10.164222906869));
#4811 = CARTESIAN_POINT('',(-45.73596457708,354.28895037162,
    9.516948296214));
#4812 = CARTESIAN_POINT('',(-44.89525008047,353.76635411117,
    8.322366317874));
#4813 = CARTESIAN_POINT('',(-44.5568958202,353.55795507044,
    7.797637944457));
#4814 = CARTESIAN_POINT('',(-44.23383373573,353.36056347348,
    7.246197618072));
#4815 = CARTESIAN_POINT('',(-43.92913064941,353.1756704332,
    6.667811074323));
#4816 = CARTESIAN_POINT('',(-43.646031538,353.00488729981,6.062400899157
    ));
#4817 = CARTESIAN_POINT('',(-43.38797197907,352.84995725484,
    5.430077778826));
#4818 = CARTESIAN_POINT('',(-43.15858971205,352.71276902321,
    4.771172718804));
#4819 = CARTESIAN_POINT('',(-42.82547240619,352.51411079634,
    3.612179711241));
#4820 = CARTESIAN_POINT('',(-42.70479054363,352.44232945947,
    3.125617337406));
#4821 = CARTESIAN_POINT('',(-42.60143047296,352.38098524597,
    2.628379447935));
#4822 = CARTESIAN_POINT('',(-42.51682044177,352.33085324347,
    2.122329174316));
#4823 = CARTESIAN_POINT('',(-42.45207084006,352.29253199417,
    1.609383652361));
#4824 = CARTESIAN_POINT('',(-42.4079699482,352.26644647375,
    1.091500775087));
#4825 = CARTESIAN_POINT('',(-42.38498079113,352.25284912912,
    0.570665487886));
#4826 = CARTESIAN_POINT('',(-42.38143008198,352.250749001,
    -0.493083786537));
#4827 = CARTESIAN_POINT('',(-42.40254867742,352.2632399672,
    -1.034347718002));
#4828 = CARTESIAN_POINT('',(-42.44649053179,352.28922891087,
    -1.57267280506));
#4829 = CARTESIAN_POINT('',(-42.51276926995,352.32845038341,
    -2.10582876842));
#4830 = CARTESIAN_POINT('',(-42.6005188449,352.38043770755,
    -2.631615689211));
#4831 = CARTESIAN_POINT('',(-42.70849727661,352.44452178988,
    -3.147880676257));
#4832 = CARTESIAN_POINT('',(-42.83509177953,352.51982748899,
    -3.652533924248));
#4833 = CARTESIAN_POINT('',(-43.17707842441,352.72382554934,
    -4.824925749724));
#4834 = CARTESIAN_POINT('',(-43.40794695382,352.86194302701,
    -5.480321242272));
#4835 = CARTESIAN_POINT('',(-43.66711360988,353.01758968988,
    -6.109204482575));
#4836 = CARTESIAN_POINT('',(-43.95097816059,353.18889821993,
    -6.711278940076));
#4837 = CARTESIAN_POINT('',(-44.25614660577,353.37414866711,
    -7.286464600899));
#4838 = CARTESIAN_POINT('',(-44.57941943709,353.57175503092,
    -7.83486578763));
#4839 = CARTESIAN_POINT('',(-44.91777895157,353.78025401979,
    -8.356739909555));
#4840 = CARTESIAN_POINT('',(-45.76291965179,354.30586124681,
    -9.551729197724));
#4841 = CARTESIAN_POINT('',(-46.28356837792,354.63350584209,
    -10.20144970469));
#4842 = CARTESIAN_POINT('',(-46.82415673065,354.97863122877,
    -10.80421441598));
#4843 = CARTESIAN_POINT('',(-47.3797049493,355.3394976832,
    -11.36271209292));
#4844 = CARTESIAN_POINT('',(-47.94618805873,355.71519937481,
    -11.8795948036));
#4845 = CARTESIAN_POINT('',(-48.52027870544,356.10562065237,
    -12.35731027796));
#4846 = CARTESIAN_POINT('',(-49.09896386795,356.51147947554,
    -12.79794053021));
#4847 = CARTESIAN_POINT('',(-50.21504777149,357.32565268719,
    -13.57758271731));
#4848 = CARTESIAN_POINT('',(-50.74985043272,357.72970466434,
    -13.92007762706));
#4849 = CARTESIAN_POINT('',(-51.28239661407,358.14912478526,
    -14.23347137044));
#4850 = CARTESIAN_POINT('',(-51.81053666257,358.58653670897,
    -14.51897925051));
#4851 = CARTESIAN_POINT('',(-52.33008210725,359.04449055448,
    -14.77646244954));
#4852 = CARTESIAN_POINT('',(-52.83435152382,359.52561572944,
    -15.00507664986));
#4853 = CARTESIAN_POINT('',(-53.3143483675,360.03309493689,
    -15.20379030312));
#4854 = CARTESIAN_POINT('',(-54.00375270285,360.86606608793,
    -15.46307141525));
#4855 = CARTESIAN_POINT('',(-54.23885979153,361.17186520905,
    -15.54604023254));
#4856 = CARTESIAN_POINT('',(-54.46160339276,361.48768930986,
    -15.61920672245));
#4857 = CARTESIAN_POINT('',(-54.66905523819,361.81281704577,
    -15.68202369706));
#4858 = CARTESIAN_POINT('',(-54.8589116563,362.14678505573,
    -15.73425561537));
#4859 = CARTESIAN_POINT('',(-55.02948486182,362.48930571261,
    -15.77584686763));
#4860 = CARTESIAN_POINT('',(-55.17967092632,362.84016679162,
    -15.80682907398));
#4861 = CARTESIAN_POINT('',(-55.39894212494,363.4492400308,
    -15.8415095735));
#4862 = CARTESIAN_POINT('',(-55.47834240017,363.70199191327,
    -15.85055792447));
#4863 = CARTESIAN_POINT('',(-55.54703398271,363.95706742986,
    -15.85452029033));
#4864 = CARTESIAN_POINT('',(-55.60510538475,364.21410440464,
    -15.85352561422));
#4865 = CARTESIAN_POINT('',(-55.65278947432,364.47265348181,
    -15.84772310518));
#4866 = CARTESIAN_POINT('',(-55.69045656462,364.73215221816,
    -15.83728780109));
#4867 = CARTESIAN_POINT('',(-55.71860602169,364.99189954631,
    -15.82243253179));
#4868 = CARTESIAN_POINT('',(-55.74974933462,365.41112267283,
    -15.79168415588));
#4869 = CARTESIAN_POINT('',(-55.75825664164,365.57112727581,
    -15.77834683871));
#4870 = CARTESIAN_POINT('',(-55.76352583599,365.73100833109,
    -15.76346021402));
#4871 = CARTESIAN_POINT('',(-55.76570429798,365.89072203407,
    -15.74706807292));
#4872 = CARTESIAN_POINT('',(-55.76493905181,366.05021689969,
    -15.72921292223));
#4873 = CARTESIAN_POINT('',(-55.76137655363,366.20943380015,
    -15.70993679244));
#4874 = CARTESIAN_POINT('',(-55.75516247968,366.36830600263,
    -15.68928204557));
#4875 = CARTESIAN_POINT('',(-55.69699358817,367.42518983249,
    -15.54260952981));
#4876 = CARTESIAN_POINT('',(-55.56655043792,368.31748667309,
    -15.37398564373));
#4877 = CARTESIAN_POINT('',(-55.37866880904,369.19893275899,
    -15.16684191586));
#4878 = CARTESIAN_POINT('',(-55.1528161025,370.06313712751,
    -14.92470216655));
#4879 = CARTESIAN_POINT('',(-54.90207238931,370.90711129039,
    -14.6507643503));
#4880 = CARTESIAN_POINT('',(-54.63368707763,371.73338203,-14.34579148495
    ));
#4881 = CARTESIAN_POINT('',(-54.35022850574,372.54941899281,
    -14.00648230266));
#4882 = CARTESIAN_POINT('',(-53.71861247762,374.27304621046,
    -13.19784299514));
#4883 = CARTESIAN_POINT('',(-53.37410746856,375.16046631656,
    -12.72752068727));
#4884 = CARTESIAN_POINT('',(-53.02236907089,376.03123989987,
    -12.20910874465));
#4885 = CARTESIAN_POINT('',(-52.66588056725,376.88707035398,
    -11.63691895102));
#4886 = CARTESIAN_POINT('',(-52.3076343915,377.72648204624,
    -11.00409477121));
#4887 = CARTESIAN_POINT('',(-51.95173663398,378.54417348018,
    -10.30313095097));
#4888 = CARTESIAN_POINT('',(-51.60405769935,379.33056554596,
    -9.526265319718));
#4889 = CARTESIAN_POINT('',(-51.1757040135,380.28768325349,
    -8.414383482179));
#4890 = CARTESIAN_POINT('',(-51.07993039153,380.50086340102,
    -8.155011905718));
#4891 = CARTESIAN_POINT('',(-50.98556262857,380.71016554315,
    -7.887747299835));
#4892 = CARTESIAN_POINT('',(-50.89279068723,380.91524443183,
    -7.612226779412));
#4893 = CARTESIAN_POINT('',(-50.80184026444,381.1156749887,
    -7.328094692882));
#4894 = CARTESIAN_POINT('',(-50.71297450138,381.31094993213,
    -7.035006332516));
#4895 = CARTESIAN_POINT('',(-50.62649569352,381.50047740438,
    -6.732631644716));
#4896 = CARTESIAN_POINT('',(-50.46284647505,381.85826647859,
    -6.123021065274));
#4897 = CARTESIAN_POINT('',(-50.38536715926,382.02724446156,
    -5.816409414036));
#4898 = CARTESIAN_POINT('',(-50.31065573191,382.18981486677,
    -5.500685316296));
#4899 = CARTESIAN_POINT('',(-50.23908169902,382.34523349088,
    -5.175727842548));
#4900 = CARTESIAN_POINT('',(-50.17103767449,382.49270802664,
    -4.841437045642));
#4901 = CARTESIAN_POINT('',(-50.10693966082,382.63139648162,
    -4.497737202355));
#4902 = CARTESIAN_POINT('',(-50.0472273297,382.760405597,-4.144580054967
    ));
#4903 = CARTESIAN_POINT('',(-49.92650705522,383.02089631066,
    -3.346646779087));
#4904 = CARTESIAN_POINT('',(-49.86740974747,383.14818375446,
    -2.896189398149));
#4905 = CARTESIAN_POINT('',(-49.81632259094,383.25804450158,
    -2.432781188296));
#4906 = CARTESIAN_POINT('',(-49.77428076462,383.34834191877,
    -1.95864705595));
#4907 = CARTESIAN_POINT('',(-49.74209781805,383.41740666643,
    -1.476031588384));
#4908 = CARTESIAN_POINT('',(-49.72036099145,383.46403466754,
    -0.987197700475));
#4909 = CARTESIAN_POINT('',(-49.70942845295,383.48748621462,
    -0.494423875505));
#4910 = CARTESIAN_POINT('',(-49.70942845295,383.48748621462,
    -4.874316227838E-14));
#4911 = ORIENTED_EDGE('',*,*,#4731,.F.);
#4912 = ORIENTED_EDGE('',*,*,#4913,.F.);
#4913 = EDGE_CURVE('',#4687,#4695,#4914,.T.);
#4914 = B_SPLINE_CURVE_WITH_KNOTS('',7,(#4915,#4916,#4917,#4918,#4919,
    #4920,#4921,#4922,#4923,#4924,#4925,#4926,#4927,#4928,#4929,#4930,
    #4931,#4932,#4933,#4934,#4935,#4936,#4937,#4938,#4939,#4940),
  .UNSPECIFIED.,.F.,.F.,(8,6,6,6,8),(0.,0.243928154467,0.498948161614,
    0.765347882061,1.),.UNSPECIFIED.);
#4915 = CARTESIAN_POINT('',(342.59403990123,542.51849043426,4.161E-14));
#4916 = CARTESIAN_POINT('',(342.59403990123,542.51849043426,
    -0.333531457782));
#4917 = CARTESIAN_POINT('',(342.54921360868,542.49148321625,
    -0.657543502332));
#4918 = CARTESIAN_POINT('',(342.46416220799,542.44024320539,
    -0.962750815099));
#4919 = CARTESIAN_POINT('',(342.34451298189,542.36936249472,
    -1.241551419688));
#4920 = CARTESIAN_POINT('',(342.19709413422,542.2847067476,
    -1.488248894082));
#4921 = CARTESIAN_POINT('',(342.03025485566,542.19240770814,
    -1.699579368503));
#4922 = CARTESIAN_POINT('',(341.66958734053,541.99999538042,
    -2.058965298167));
#4923 = CARTESIAN_POINT('',(341.4696809117,541.89694577365,
    -2.208883657128));
#4924 = CARTESIAN_POINT('',(341.25865340907,541.79258758718,
    -2.326594293474));
#4925 = CARTESIAN_POINT('',(341.03961375382,541.68916148388,
    -2.413636623082));
#4926 = CARTESIAN_POINT('',(340.8149156296,541.58815067778,
    -2.471210498194));
#4927 = CARTESIAN_POINT('',(340.58650160441,541.49059483945,-2.5));
#4928 = CARTESIAN_POINT('',(340.11564122724,541.29971863093,-2.5));
#4929 = CARTESIAN_POINT('',(339.87356866614,541.20700244613,
    -2.468584065635));
#4930 = CARTESIAN_POINT('',(339.63200499924,541.11986637118,
    -2.405990903066));
#4931 = CARTESIAN_POINT('',(339.39326476259,541.03892056205,
    -2.311566311613));
#4932 = CARTESIAN_POINT('',(339.16038286801,540.964763895,
    -2.183995799511));
#4933 = CARTESIAN_POINT('',(338.93770978195,540.89800054137,
    -2.021532963011));
#4934 = CARTESIAN_POINT('',(338.55045700548,540.78778970074,
    -1.647038837908));
#4935 = CARTESIAN_POINT('',(338.37719599302,540.74111130028,
    -1.438463633402));
#4936 = CARTESIAN_POINT('',(338.22253290823,540.70186801522,
    -1.19728599631));
#4937 = CARTESIAN_POINT('',(338.09595475976,540.67140333827,
    -0.926734010966));
#4938 = CARTESIAN_POINT('',(338.00565895185,540.650307876,
    -0.632140076972));
#4939 = CARTESIAN_POINT('',(337.95817699482,540.63921586011,
    -0.320448739668));
#4940 = CARTESIAN_POINT('',(337.95817699482,540.63921586011,1.943E-14));
#4941 = ORIENTED_EDGE('',*,*,#4686,.F.);
#4942 = ORIENTED_EDGE('',*,*,#4943,.F.);
#4943 = EDGE_CURVE('',#4504,#4650,#4944,.T.);
#4944 = B_SPLINE_CURVE_WITH_KNOTS('',7,(#4945,#4946,#4947,#4948,#4949,
    #4950,#4951,#4952,#4953,#4954,#4955,#4956,#4957,#4958,#4959,#4960,
    #4961,#4962,#4963,#4964,#4965,#4966,#4967,#4968,#4969,#4970),
  .UNSPECIFIED.,.F.,.F.,(8,6,6,6,8),(0.,0.243928154487,0.498948161654,
    0.765347882123,1.),.UNSPECIFIED.);
#4945 = CARTESIAN_POINT('',(401.46949881262,566.38527752603,2.104E-14));
#4946 = CARTESIAN_POINT('',(401.46949881262,566.38527752603,
    -0.333531457782));
#4947 = CARTESIAN_POINT('',(401.42467252008,566.35827030802,
    -0.657543502332));
#4948 = CARTESIAN_POINT('',(401.33962111938,566.30703029716,
    -0.962750815098));
#4949 = CARTESIAN_POINT('',(401.21997189328,566.23614958648,
    -1.241551419689));
#4950 = CARTESIAN_POINT('',(401.07255304561,566.15149383937,
    -1.488248894082));
#4951 = CARTESIAN_POINT('',(400.90571376705,566.05919479991,
    -1.699579368503));
#4952 = CARTESIAN_POINT('',(400.54504625193,565.86678247218,
    -2.058965298167));
#4953 = CARTESIAN_POINT('',(400.34513982309,565.76373286542,
    -2.208883657128));
#4954 = CARTESIAN_POINT('',(400.13411232046,565.65937467895,
    -2.326594293474));
#4955 = CARTESIAN_POINT('',(399.91507266522,565.55594857564,
    -2.413636623082));
#4956 = CARTESIAN_POINT('',(399.69037454099,565.45493776955,
    -2.471210498194));
#4957 = CARTESIAN_POINT('',(399.4619605158,565.35738193121,-2.5));
#4958 = CARTESIAN_POINT('',(398.99110013864,565.1665057227,-2.5));
#4959 = CARTESIAN_POINT('',(398.74902757753,565.0737895379,
    -2.468584065635));
#4960 = CARTESIAN_POINT('',(398.50746391064,564.98665346294,
    -2.405990903066));
#4961 = CARTESIAN_POINT('',(398.26872367399,564.90570765381,
    -2.311566311613));
#4962 = CARTESIAN_POINT('',(398.0358417794,564.83155098677,
    -2.183995799511));
#4963 = CARTESIAN_POINT('',(397.81316869334,564.76478763314,
    -2.021532963011));
#4964 = CARTESIAN_POINT('',(397.42591591694,564.65457679252,
    -1.647038837968));
#4965 = CARTESIAN_POINT('',(397.25265490433,564.60789839202,
    -1.438463633351));
#4966 = CARTESIAN_POINT('',(397.09799181962,564.56865510699,
    -1.197285996242));
#4967 = CARTESIAN_POINT('',(396.9714136712,564.53819043005,
    -0.926734011017));
#4968 = CARTESIAN_POINT('',(396.88111786322,564.51709496776,
    -0.632140077052));
#4969 = CARTESIAN_POINT('',(396.83363590621,564.50600295187,
    -0.320448739597));
#4970 = CARTESIAN_POINT('',(396.83363590621,564.50600295187,8.18E-15));
#4971 = CYLINDRICAL_SURFACE('',#4972,15.85);
#4972 = AXIS2_PLACEMENT_3D('',#4973,#4974,#4975);
#4973 = CARTESIAN_POINT('',(475.08863240881,579.12600830375,
    4.496837721616E-15));
#4974 = DIRECTION('',(0.926748268264,0.375682907875,7.E-17));
#4975 = DIRECTION('',(-0.375682907875,0.926748268264,-4.E-16));
#4976 = ADVANCED_FACE('',(#4977),#5056,.F.);
#4977 = FACE_BOUND('',#4978,.F.);
#4978 = EDGE_LOOP('',(#4979,#4980,#4988,#5025,#5054,#5055));
#4979 = ORIENTED_EDGE('',*,*,#4649,.F.);
#4980 = ORIENTED_EDGE('',*,*,#4981,.T.);
#4981 = EDGE_CURVE('',#4650,#4982,#4984,.T.);
#4982 = VERTEX_POINT('',#4983);
#4983 = CARTESIAN_POINT('',(397.11624694831,563.86523794347,0.));
#4984 = LINE('',#4985,#4986);
#4985 = CARTESIAN_POINT('',(394.09062574163,570.72523953269,6.3E-16));
#4986 = VECTOR('',#4987,1.);
#4987 = DIRECTION('',(0.403545296352,-0.91495966785,-2.4E-16));
#4988 = ORIENTED_EDGE('',*,*,#4989,.T.);
#4989 = EDGE_CURVE('',#4982,#4990,#4992,.T.);
#4990 = VERTEX_POINT('',#4991);
#4991 = CARTESIAN_POINT('',(401.75210985472,565.74451251762,
    1.136868377216E-13));
#4992 = B_SPLINE_CURVE_WITH_KNOTS('',7,(#4993,#4994,#4995,#4996,#4997,
    #4998,#4999,#5000,#5001,#5002,#5003,#5004,#5005,#5006,#5007,#5008,
    #5009,#5010,#5011,#5012,#5013,#5014,#5015,#5016,#5017,#5018,#5019,
    #5020,#5021,#5022,#5023,#5024),.UNSPECIFIED.,.F.,.F.,(8,6,6,6,6,8),(
    0.,0.234070358407,0.488180003047,0.753918735454,0.897318975554,1.),
  .UNSPECIFIED.);
#4993 = CARTESIAN_POINT('',(397.11624694831,563.86523794347,9.66E-15));
#4994 = CARTESIAN_POINT('',(397.11624694831,563.86523794347,
    0.320710572027));
#4995 = CARTESIAN_POINT('',(397.16394776476,563.87602787107,
    0.632468999419));
#4996 = CARTESIAN_POINT('',(397.25455928804,563.89652627219,
    0.92698931536));
#4997 = CARTESIAN_POINT('',(397.38147625231,563.92616960419,
    1.197409784454));
#4998 = CARTESIAN_POINT('',(397.53647281858,563.96446932321,1.4384728608
    ));
#4999 = CARTESIAN_POINT('',(397.71007858318,564.01019398092,
    1.647001018212));
#5000 = CARTESIAN_POINT('',(398.08920358794,564.11604687417,
    2.012860264051));
#5001 = CARTESIAN_POINT('',(398.30189989389,564.17866954973,
    2.169796917777));
#5002 = CARTESIAN_POINT('',(398.52416937112,564.24820645812,
    2.294745779585));
#5003 = CARTESIAN_POINT('',(398.75210008361,564.32416773029,
    2.389228388652));
#5004 = CARTESIAN_POINT('',(398.98292560979,564.40605551331,
    2.454422998269));
#5005 = CARTESIAN_POINT('',(399.2145368039,564.49335648808,2.49096802866
    ));
#5006 = CARTESIAN_POINT('',(399.6862955845,564.68171816689,
    2.506921658306));
#5007 = CARTESIAN_POINT('',(399.92582420827,564.78301624347,
    2.483621447713));
#5008 = CARTESIAN_POINT('',(400.16158828645,564.88851690176,
    2.428986374683));
#5009 = CARTESIAN_POINT('',(400.39140141712,564.9970751064,
    2.342320798351));
#5010 = CARTESIAN_POINT('',(400.61265178025,565.10703865467,
    2.22231389885));
#5011 = CARTESIAN_POINT('',(400.82188772537,565.21586582274,
    2.067230974654));
#5012 = CARTESIAN_POINT('',(401.11781155674,565.37560584418,
    1.771694168798));
#5013 = CARTESIAN_POINT('',(401.21682932233,565.43025524224,
    1.657115573593));
#5014 = CARTESIAN_POINT('',(401.31004418203,565.48278906047,
    1.531431443282));
#5015 = CARTESIAN_POINT('',(401.39630231473,565.53233425239,
    1.394655829779));
#5016 = CARTESIAN_POINT('',(401.47438255045,565.57791981881,
    1.246949965754));
#5017 = CARTESIAN_POINT('',(401.54297200895,565.61848770272,
    1.088651656745));
#5018 = CARTESIAN_POINT('',(401.64191987115,565.67756948867,
    0.799772170034));
#5019 = CARTESIAN_POINT('',(401.67761325526,565.6990803781,0.67405636991
    ));
#5020 = CARTESIAN_POINT('',(401.70696243756,565.71690578865,
    0.543994164873));
#5021 = CARTESIAN_POINT('',(401.72939755313,565.73060588684,
    0.410523032176));
#5022 = CARTESIAN_POINT('',(401.74452189794,565.73986651463,
    0.274657409989));
#5023 = CARTESIAN_POINT('',(401.75210985472,565.74451251762,
    0.137457899222));
#5024 = CARTESIAN_POINT('',(401.75210985472,565.74451251762,2.285E-14));
#5025 = ORIENTED_EDGE('',*,*,#5026,.T.);
#5026 = EDGE_CURVE('',#4990,#4982,#5027,.T.);
#5027 = B_SPLINE_CURVE_WITH_KNOTS('',7,(#5028,#5029,#5030,#5031,#5032,
    #5033,#5034,#5035,#5036,#5037,#5038,#5039,#5040,#5041,#5042,#5043,
    #5044,#5045,#5046,#5047,#5048,#5049,#5050,#5051,#5052,#5053),
  .UNSPECIFIED.,.F.,.F.,(8,6,6,6,8),(0.,0.243930762862,0.498906126558,
    0.76531376933,1.),.UNSPECIFIED.);
#5028 = CARTESIAN_POINT('',(401.75210985472,565.74451251762,2.115E-14));
#5029 = CARTESIAN_POINT('',(401.75210985472,565.74451251762,
    -0.333583579043));
#5030 = CARTESIAN_POINT('',(401.70742236291,565.71715041194,
    -0.657607119881));
#5031 = CARTESIAN_POINT('',(401.62265303402,565.66524877509,
    -0.962800068884));
#5032 = CARTESIAN_POINT('',(401.50339472313,565.59349086316,
    -1.241578708636));
#5033 = CARTESIAN_POINT('',(401.35641909614,565.50785693618,
    -1.488258695413));
#5034 = CARTESIAN_POINT('',(401.19002000388,565.41458404624,
    -1.699580159849));
#5035 = CARTESIAN_POINT('',(400.83019921922,565.22035237659,
    -2.058930351028));
#5036 = CARTESIAN_POINT('',(400.63070598494,565.11643587507,
    -2.20884208286));
#5037 = CARTESIAN_POINT('',(400.42002011624,565.01132579733,
    -2.326563015477));
#5038 = CARTESIAN_POINT('',(400.20123147066,564.90730506749,
    -2.413621000027));
#5039 = CARTESIAN_POINT('',(399.97668851185,564.80588401801,
    -2.471206548108));
#5040 = CARTESIAN_POINT('',(399.74833866171,564.70811794415,-2.5));
#5041 = CARTESIAN_POINT('',(399.27739672988,564.51720867521,-2.5));
#5042 = CARTESIAN_POINT('',(399.035175666,564.42469241859,
    -2.468566882484));
#5043 = CARTESIAN_POINT('',(398.79339075086,564.3379837039,
    -2.405946301462));
#5044 = CARTESIAN_POINT('',(398.55436942476,564.25767871935,
    -2.311495485195));
#5045 = CARTESIAN_POINT('',(398.32115987135,564.18434634344,
    -2.183914674541));
#5046 = CARTESIAN_POINT('',(398.09812731448,564.11853840667,
    -2.021471745283));
#5047 = CARTESIAN_POINT('',(397.71015264255,564.01021465853,
    -1.647072486205));
#5048 = CARTESIAN_POINT('',(397.53650421264,563.9644758418,
    -1.438536606249));
#5049 = CARTESIAN_POINT('',(397.38144281737,563.92616021689,
    -1.197399752292));
#5050 = CARTESIAN_POINT('',(397.25449468617,563.89651168274,
    -0.926880640196));
#5051 = CARTESIAN_POINT('',(397.16390272994,563.87601767896,
    -0.63229360214));
#5052 = CARTESIAN_POINT('',(397.11624694831,563.86523794347,
    -0.320559175624));
#5053 = CARTESIAN_POINT('',(397.11624694831,563.86523794347,7.85E-15));
#5054 = ORIENTED_EDGE('',*,*,#4981,.F.);
#5055 = ORIENTED_EDGE('',*,*,#4943,.F.);
#5056 = CYLINDRICAL_SURFACE('',#5057,2.5);
#5057 = AXIS2_PLACEMENT_3D('',#5058,#5059,#5060);
#5058 = CARTESIAN_POINT('',(396.37802491126,571.73410277357,5.7E-16));
#5059 = DIRECTION('',(-0.403545296352,0.91495966785,7.E-16));
#5060 = DIRECTION('',(-0.91495966785,-0.403545296352,2.E-17));
#5061 = ADVANCED_FACE('',(#5062),#5141,.F.);
#5062 = FACE_BOUND('',#5063,.F.);
#5063 = EDGE_LOOP('',(#5064,#5065,#5073,#5110,#5139,#5140));
#5064 = ORIENTED_EDGE('',*,*,#4694,.F.);
#5065 = ORIENTED_EDGE('',*,*,#5066,.T.);
#5066 = EDGE_CURVE('',#4695,#5067,#5069,.T.);
#5067 = VERTEX_POINT('',#5068);
#5068 = CARTESIAN_POINT('',(338.24078803692,539.9984508517,0.));
#5069 = LINE('',#5070,#5071);
#5070 = CARTESIAN_POINT('',(335.99068683317,545.10011321431,1.95E-15));
#5071 = VECTOR('',#5072,1.);
#5072 = DIRECTION('',(0.403545296352,-0.91495966785,-2.4E-16));
#5073 = ORIENTED_EDGE('',*,*,#5074,.T.);
#5074 = EDGE_CURVE('',#5067,#5075,#5077,.T.);
#5075 = VERTEX_POINT('',#5076);
#5076 = CARTESIAN_POINT('',(342.87665094333,541.87772542585,
    1.136868377216E-13));
#5077 = B_SPLINE_CURVE_WITH_KNOTS('',7,(#5078,#5079,#5080,#5081,#5082,
    #5083,#5084,#5085,#5086,#5087,#5088,#5089,#5090,#5091,#5092,#5093,
    #5094,#5095,#5096,#5097,#5098,#5099,#5100,#5101,#5102,#5103,#5104,
    #5105,#5106,#5107,#5108,#5109),.UNSPECIFIED.,.F.,.F.,(8,6,6,6,6,8),(
    0.,0.234070358423,0.488180003057,0.753918735459,0.897318975556,1.),
  .UNSPECIFIED.);
#5078 = CARTESIAN_POINT('',(338.24078803692,539.9984508517,2.111E-14));
#5079 = CARTESIAN_POINT('',(338.24078803692,539.9984508517,
    0.320710572049));
#5080 = CARTESIAN_POINT('',(338.28848885338,540.0092407793,
    0.632468999398));
#5081 = CARTESIAN_POINT('',(338.37910037664,540.02973918042,
    0.926989315344));
#5082 = CARTESIAN_POINT('',(338.50601734092,540.05938251242,
    1.197409784472));
#5083 = CARTESIAN_POINT('',(338.66101390721,540.09768223145,
    1.438472860814));
#5084 = CARTESIAN_POINT('',(338.83461967177,540.14340688915,
    1.647001018197));
#5085 = CARTESIAN_POINT('',(339.21374467655,540.2492597824,
    2.012860264051));
#5086 = CARTESIAN_POINT('',(339.4264409825,540.31188245796,
    2.169796917777));
#5087 = CARTESIAN_POINT('',(339.64871045973,540.38141936635,
    2.294745779586));
#5088 = CARTESIAN_POINT('',(339.87664117222,540.45738063852,
    2.389228388652));
#5089 = CARTESIAN_POINT('',(340.1074666984,540.53926842154,
    2.454422998269));
#5090 = CARTESIAN_POINT('',(340.33907789251,540.62656939631,
    2.49096802866));
#5091 = CARTESIAN_POINT('',(340.81083667311,540.81493107512,
    2.506921658306));
#5092 = CARTESIAN_POINT('',(341.05036529688,540.9162291517,
    2.483621447713));
#5093 = CARTESIAN_POINT('',(341.28612937506,541.02172980999,
    2.428986374683));
#5094 = CARTESIAN_POINT('',(341.51594250573,541.13028801464,
    2.34232079835));
#5095 = CARTESIAN_POINT('',(341.73719286885,541.2402515629,2.22231389885
    ));
#5096 = CARTESIAN_POINT('',(341.94642881397,541.34907873097,
    2.067230974654));
#5097 = CARTESIAN_POINT('',(342.24235264535,541.50881875241,
    1.771694168798));
#5098 = CARTESIAN_POINT('',(342.34137041094,541.56346815048,
    1.657115573594));
#5099 = CARTESIAN_POINT('',(342.43458527064,541.61600196871,
    1.531431443282));
#5100 = CARTESIAN_POINT('',(342.52084340334,541.66554716062,
    1.394655829779));
#5101 = CARTESIAN_POINT('',(342.59892363906,541.71113272705,
    1.246949965754));
#5102 = CARTESIAN_POINT('',(342.66751309756,541.75170061095,
    1.088651656746));
#5103 = CARTESIAN_POINT('',(342.76646095976,541.81078239691,
    0.799772170034));
#5104 = CARTESIAN_POINT('',(342.80215434387,541.83229328634,
    0.674056369911));
#5105 = CARTESIAN_POINT('',(342.83150352617,541.85011869688,
    0.543994164873));
#5106 = CARTESIAN_POINT('',(342.85393864173,541.86381879508,
    0.410523032176));
#5107 = CARTESIAN_POINT('',(342.86906298655,541.87307942286,
    0.274657409989));
#5108 = CARTESIAN_POINT('',(342.87665094333,541.87772542585,
    0.137457899222));
#5109 = CARTESIAN_POINT('',(342.87665094333,541.87772542585,4.318E-14));
#5110 = ORIENTED_EDGE('',*,*,#5111,.T.);
#5111 = EDGE_CURVE('',#5075,#5067,#5112,.T.);
#5112 = B_SPLINE_CURVE_WITH_KNOTS('',7,(#5113,#5114,#5115,#5116,#5117,
    #5118,#5119,#5120,#5121,#5122,#5123,#5124,#5125,#5126,#5127,#5128,
    #5129,#5130,#5131,#5132,#5133,#5134,#5135,#5136,#5137,#5138),
  .UNSPECIFIED.,.F.,.F.,(8,6,6,6,8),(0.,0.243930762927,0.498906126731,
    0.765313769615,1.),.UNSPECIFIED.);
#5113 = CARTESIAN_POINT('',(342.87665094333,541.87772542585,4.128E-14));
#5114 = CARTESIAN_POINT('',(342.87665094333,541.87772542585,
    -0.333583579003));
#5115 = CARTESIAN_POINT('',(342.83196345153,541.85036332018,
    -0.657607119921));
#5116 = CARTESIAN_POINT('',(342.74719412261,541.7984616833,
    -0.962800068912));
#5117 = CARTESIAN_POINT('',(342.62793581173,541.72670377139,
    -1.241578708603));
#5118 = CARTESIAN_POINT('',(342.48096018478,541.64106984443,
    -1.488258695388));
#5119 = CARTESIAN_POINT('',(342.31456109246,541.54779695446,
    -1.699580159876));
#5120 = CARTESIAN_POINT('',(341.95474030783,541.35356528483,
    -2.058930351028));
#5121 = CARTESIAN_POINT('',(341.75524707355,541.24964878331,
    -2.20884208286));
#5122 = CARTESIAN_POINT('',(341.54456120485,541.14453870557,
    -2.326563015478));
#5123 = CARTESIAN_POINT('',(341.32577255927,541.04051797573,
    -2.413621000027));
#5124 = CARTESIAN_POINT('',(341.10122960045,540.93909692624,
    -2.471206548108));
#5125 = CARTESIAN_POINT('',(340.87287975032,540.84133085238,-2.5));
#5126 = CARTESIAN_POINT('',(340.40193781849,540.65042158344,-2.5));
#5127 = CARTESIAN_POINT('',(340.15971675461,540.55790532682,
    -2.468566882484));
#5128 = CARTESIAN_POINT('',(339.91793183947,540.47119661213,
    -2.405946301462));
#5129 = CARTESIAN_POINT('',(339.67891051336,540.39089162758,
    -2.311495485195));
#5130 = CARTESIAN_POINT('',(339.44570095995,540.31755925167,
    -2.18391467454));
#5131 = CARTESIAN_POINT('',(339.22266840309,540.25175131491,
    -2.021471745283));
#5132 = CARTESIAN_POINT('',(338.83469373145,540.14342756684,
    -1.647072486491));
#5133 = CARTESIAN_POINT('',(338.66104530112,540.09768874999,
    -1.43853660626));
#5134 = CARTESIAN_POINT('',(338.5059839058,540.05937312508,
    -1.197399752002));
#5135 = CARTESIAN_POINT('',(338.37903577478,540.02972459097,
    -0.926880639975));
#5136 = CARTESIAN_POINT('',(338.28844381862,540.00923058721,
    -0.632293602246));
#5137 = CARTESIAN_POINT('',(338.24078803692,539.9984508517,
    -0.320559175883));
#5138 = CARTESIAN_POINT('',(338.24078803692,539.9984508517,1.91E-14));
#5139 = ORIENTED_EDGE('',*,*,#5066,.F.);
#5140 = ORIENTED_EDGE('',*,*,#4913,.F.);
#5141 = CYLINDRICAL_SURFACE('',#5142,2.5);
#5142 = AXIS2_PLACEMENT_3D('',#5143,#5144,#5145);
#5143 = CARTESIAN_POINT('',(338.27808600279,546.10897645519,1.9E-15));
#5144 = DIRECTION('',(-0.403545296352,0.91495966785,7.E-16));
#5145 = DIRECTION('',(-0.91495966785,-0.403545296352,2.E-17));
#5146 = ADVANCED_FACE('',(#5147,#5150),#5327,.F.);
#5147 = FACE_BOUND('',#5148,.F.);
#5148 = EDGE_LOOP('',(#5149));
#5149 = ORIENTED_EDGE('',*,*,#4739,.T.);
#5150 = FACE_BOUND('',#5151,.F.);
#5151 = EDGE_LOOP('',(#5152));
#5152 = ORIENTED_EDGE('',*,*,#5153,.F.);
#5153 = EDGE_CURVE('',#5154,#5154,#5156,.T.);
#5154 = VERTEX_POINT('',#5155);
#5155 = CARTESIAN_POINT('',(-49.5476495997,382.79773855404,
    3.410605131648E-13));
#5156 = B_SPLINE_CURVE_WITH_KNOTS('',8,(#5157,#5158,#5159,#5160,#5161,
    #5162,#5163,#5164,#5165,#5166,#5167,#5168,#5169,#5170,#5171,#5172,
    #5173,#5174,#5175,#5176,#5177,#5178,#5179,#5180,#5181,#5182,#5183,
    #5184,#5185,#5186,#5187,#5188,#5189,#5190,#5191,#5192,#5193,#5194,
    #5195,#5196,#5197,#5198,#5199,#5200,#5201,#5202,#5203,#5204,#5205,
    #5206,#5207,#5208,#5209,#5210,#5211,#5212,#5213,#5214,#5215,#5216,
    #5217,#5218,#5219,#5220,#5221,#5222,#5223,#5224,#5225,#5226,#5227,
    #5228,#5229,#5230,#5231,#5232,#5233,#5234,#5235,#5236,#5237,#5238,
    #5239,#5240,#5241,#5242,#5243,#5244,#5245,#5246,#5247,#5248,#5249,
    #5250,#5251,#5252,#5253,#5254,#5255,#5256,#5257,#5258,#5259,#5260,
    #5261,#5262,#5263,#5264,#5265,#5266,#5267,#5268,#5269,#5270,#5271,
    #5272,#5273,#5274,#5275,#5276,#5277,#5278,#5279,#5280,#5281,#5282,
    #5283,#5284,#5285,#5286,#5287,#5288,#5289,#5290,#5291,#5292,#5293,
    #5294,#5295,#5296,#5297,#5298,#5299,#5300,#5301,#5302,#5303,#5304,
    #5305,#5306,#5307,#5308,#5309,#5310,#5311,#5312,#5313,#5314,#5315,
    #5316,#5317,#5318,#5319,#5320,#5321,#5322,#5323,#5324,#5325,#5326),
  .UNSPECIFIED.,.T.,.F.,(9,7,7,7,7,7,7,7,7,7,7,7,7,7,7,7,7,7,7,7,7,7,7,7
    ,9),(0.,2.628635382013E-02,4.420391086499E-02,7.005957052859E-02,
    0.159254871456,0.235498856822,0.251171909198,0.276870262956,
    0.312920831262,0.367182456149,0.424917184865,0.46853777801,
    0.499638146685,0.531981258722,0.575546480191,0.632318868317,
    0.688077970624,0.72412964468,0.749446803036,0.765151304084,
    0.841329628019,0.925765922197,0.950945606251,0.971980028888,1.),
  .UNSPECIFIED.);
#5157 = CARTESIAN_POINT('',(-49.5476495997,382.79773855404,
    -4.831316227838E-14));
#5158 = CARTESIAN_POINT('',(-49.5476495997,382.79773855404,
    0.423718478328));
#5159 = CARTESIAN_POINT('',(-49.55554060727,382.77992551586,
    0.846530471601));
#5160 = CARTESIAN_POINT('',(-49.57126331441,382.74443331746,
    1.266790478069));
#5161 = CARTESIAN_POINT('',(-49.5946134054,382.69169791381,
    1.682857955726));
#5162 = CARTESIAN_POINT('',(-49.6252420085,382.62245724316,
    2.093099476593));
#5163 = CARTESIAN_POINT('',(-49.66265762322,382.53775188251,
    2.495890310785));
#5164 = CARTESIAN_POINT('',(-49.70622952295,382.43892645215,
    2.889615440358));
#5165 = CARTESIAN_POINT('',(-49.78856733857,382.25177001814,
    3.533771334204));
#5166 = CARTESIAN_POINT('',(-49.82449812166,382.1699984014,
    3.790315506474));
#5167 = CARTESIAN_POINT('',(-49.86281649054,382.08267139784,
    4.042238698627));
#5168 = CARTESIAN_POINT('',(-49.90335508986,381.99013975321,
    4.289483807397));
#5169 = CARTESIAN_POINT('',(-49.94594791597,381.89275057332,
    4.53200044469));
#5170 = CARTESIAN_POINT('',(-49.99043053213,381.79084741708,
    4.769744934899));
#5171 = CARTESIAN_POINT('',(-50.03664028383,381.68477038962,
    5.002680312207));
#5172 = CARTESIAN_POINT('',(-50.15335928022,381.41624627754,
    5.559926808634));
#5173 = CARTESIAN_POINT('',(-50.22559745979,381.24956929352,
    5.879159288168));
#5174 = CARTESIAN_POINT('',(-50.30072901694,381.07564992183,
    6.188725113123));
#5175 = CARTESIAN_POINT('',(-50.37839159173,380.89522448517,
    6.48890147878));
#5176 = CARTESIAN_POINT('',(-50.45826109555,380.70894329003,
    6.779987305151));
#5177 = CARTESIAN_POINT('',(-50.54005030664,380.51737292639,
    7.062299123041));
#5178 = CARTESIAN_POINT('',(-50.62350746561,380.32099856738,
    7.336166960113));
#5179 = CARTESIAN_POINT('',(-51.00132333555,379.42761405954,
    8.518744374022));
#5180 = CARTESIAN_POINT('',(-51.31334386387,378.67827833548,
    9.34491214913));
#5181 = CARTESIAN_POINT('',(-51.63464212169,377.8907345835,
    10.088254176507));
#5182 = CARTESIAN_POINT('',(-51.95812929142,377.07705979414,
    10.757498678168));
#5183 = CARTESIAN_POINT('',(-52.27888991144,376.24401286735,
    11.361262163025));
#5184 = CARTESIAN_POINT('',(-52.59343061354,375.39363183711,
    11.907494820597));
#5185 = CARTESIAN_POINT('',(-52.89887522548,374.52400152028,
    12.402807207019));
#5186 = CARTESIAN_POINT('',(-53.43927106161,372.86642489157,
    13.235022515898));
#5187 = CARTESIAN_POINT('',(-53.67488709434,372.09455514119,
    13.579662440111));
#5188 = CARTESIAN_POINT('',(-53.89485818119,371.3111106256,
    13.890287056193));
#5189 = CARTESIAN_POINT('',(-54.09538667888,370.51305499677,
    14.168867541586));
#5190 = CARTESIAN_POINT('',(-54.26997094607,369.69967810166,
    14.414887628501));
#5191 = CARTESIAN_POINT('',(-54.40889419943,368.87272877754,
    14.626363189637));
#5192 = CARTESIAN_POINT('',(-54.49909601527,368.03535345727,
    14.800507943434));
#5193 = CARTESIAN_POINT('',(-54.53050884168,367.01640177437,
    14.960100235338));
#5194 = CARTESIAN_POINT('',(-54.53315740702,366.842233219,
    14.985562522965));
#5195 = CARTESIAN_POINT('',(-54.53295728018,366.66772381533,
    15.009223085174));
#5196 = CARTESIAN_POINT('',(-54.52976816063,366.49294900385,
    15.031032030786));
#5197 = CARTESIAN_POINT('',(-54.52345069846,366.31797644866,
    15.050940120961));
#5198 = CARTESIAN_POINT('',(-54.51386678407,366.14286599138,
    15.068897864504));
#5199 = CARTESIAN_POINT('',(-54.50087983789,365.96766960507,
    15.084854613179));
#5200 = CARTESIAN_POINT('',(-54.45726027861,365.50510156641,
    15.121553812499));
#5201 = CARTESIAN_POINT('',(-54.42062344619,365.21733289164,
    15.13885456043));
#5202 = CARTESIAN_POINT('',(-54.3738753794,364.92997980592,
    15.150352991704));
#5203 = CARTESIAN_POINT('',(-54.31656755783,364.64374986687,
    15.155803543605));
#5204 = CARTESIAN_POINT('',(-54.2483829846,364.35922596942,
    15.155002985431));
#5205 = CARTESIAN_POINT('',(-54.16914496836,364.07688903901,
    15.147778460982));
#5206 = CARTESIAN_POINT('',(-54.07882386689,363.79714115592,
    15.133982587917));
#5207 = CARTESIAN_POINT('',(-53.83545968116,363.13200728992,
    15.084755755413));
#5208 = CARTESIAN_POINT('',(-53.67261584234,362.75167394785,
    15.043011523806));
#5209 = CARTESIAN_POINT('',(-53.48961371037,362.3797262179,
    14.988163362793));
#5210 = CARTESIAN_POINT('',(-53.28754683146,362.01651038089,
    14.920157779458));
#5211 = CARTESIAN_POINT('',(-53.06803969017,361.66241883323,
    14.839037967996));
#5212 = CARTESIAN_POINT('',(-52.83326326841,361.31797017169,
    14.74503181858));
#5213 = CARTESIAN_POINT('',(-52.58592533674,360.98387239513,
    14.63867731142));
#5214 = CARTESIAN_POINT('',(-51.94287793886,360.17520102615,
    14.343840793463));
#5215 = CARTESIAN_POINT('',(-51.53307838546,359.71208381975,
    14.139976388855));
#5216 = CARTESIAN_POINT('',(-51.10546090039,359.26930866816,
    13.91006576545));
#5217 = CARTESIAN_POINT('',(-50.66515507597,358.84498927133,
    13.654561770411));
#5218 = CARTESIAN_POINT('',(-50.21647656436,358.43758427783,
    13.37373644302));
#5219 = CARTESIAN_POINT('',(-49.76286821853,358.04576505643,
    13.067559775878));
#5220 = CARTESIAN_POINT('',(-49.30703327382,357.66836087447,
    12.735522009547));
#5221 = CARTESIAN_POINT('',(-48.36617390331,356.91717093795,
    11.99450699594));
#5222 = CARTESIAN_POINT('',(-47.88159860402,356.54552195119,
    11.582319744189));
#5223 = CARTESIAN_POINT('',(-47.40026980168,356.18836563947,
    11.138793720667));
#5224 = CARTESIAN_POINT('',(-46.92485827152,355.84525753298,
    10.662452071024));
#5225 = CARTESIAN_POINT('',(-46.45822951155,355.51632848724,
    10.151574220107));
#5226 = CARTESIAN_POINT('',(-46.00368203341,355.2022703394,
    9.604297906403));
#5227 = CARTESIAN_POINT('',(-45.56512772021,354.90435944868,
    9.018728024269));
#5228 = CARTESIAN_POINT('',(-44.83152123697,354.41303770307,
    7.92031341247));
#5229 = CARTESIAN_POINT('',(-44.52688113036,354.21140496029,
    7.423613051783));
#5230 = CARTESIAN_POINT('',(-44.23594491022,354.02082933168,
    6.902732853419));
#5231 = CARTESIAN_POINT('',(-43.9614490115,353.84263177471,
    6.357578482551));
#5232 = CARTESIAN_POINT('',(-43.70625443303,353.67822597563,
    5.788191655896));
#5233 = CARTESIAN_POINT('',(-43.47335360754,353.52913003076,
    5.194773780127));
#5234 = CARTESIAN_POINT('',(-43.26587643718,353.39697979067,
    4.577710302492));
#5235 = CARTESIAN_POINT('',(-42.95962924902,353.20266695137,
    3.481210465536));
#5236 = CARTESIAN_POINT('',(-42.84674658304,353.13130090867,
    3.013094699427));
#5237 = CARTESIAN_POINT('',(-42.75004770105,353.07034964145,
    2.53493793736));
#5238 = CARTESIAN_POINT('',(-42.67084786365,353.02054324016,
    2.048491827052));
#5239 = CARTESIAN_POINT('',(-42.61017080308,352.9824446183,
    1.555558216743));
#5240 = CARTESIAN_POINT('',(-42.56874369008,352.95645367647,
    1.057976777852));
#5241 = CARTESIAN_POINT('',(-42.5469936523,352.94280899563,
    0.557612235415));
#5242 = CARTESIAN_POINT('',(-42.54302020297,352.94031629592,
    -0.46496017197));
#5243 = CARTESIAN_POINT('',(-42.56241709146,352.95248475294,
    -0.98567089495));
#5244 = CARTESIAN_POINT('',(-42.60315047297,352.97803639311,
    -1.503669689399));
#5245 = CARTESIAN_POINT('',(-42.66477865419,353.01672407301,
    -2.016846938736));
#5246 = CARTESIAN_POINT('',(-42.74650643941,353.06811074697,
    -2.523120908401));
#5247 = CARTESIAN_POINT('',(-42.84718925791,353.13156752337,
    -3.020453444193));
#5248 = CARTESIAN_POINT('',(-42.96533926459,353.20626857359,
    -3.50686514357));
#5249 = CARTESIAN_POINT('',(-43.27935020065,353.40555998717,
    -4.618354884469));
#5250 = CARTESIAN_POINT('',(-43.48801231819,353.53850629593,
    -5.233205478754));
#5251 = CARTESIAN_POINT('',(-43.72186330375,353.68826389138,
    -5.824431594011));
#5252 = CARTESIAN_POINT('',(-43.97779244325,353.85320877704,
    -6.391670179313));
#5253 = CARTESIAN_POINT('',(-44.25282944386,354.03183604764,
    -6.934740216643));
#5254 = CARTESIAN_POINT('',(-44.54413822466,354.22274676109,
    -7.453618311879));
#5255 = CARTESIAN_POINT('',(-44.84900982517,354.42463652342,
    -7.948414981658));
#5256 = CARTESIAN_POINT('',(-45.5764500112,354.91209832006,
    -9.03305673456));
#5257 = CARTESIAN_POINT('',(-46.00788330852,355.20529054342,
    -9.608036531022));
#5258 = CARTESIAN_POINT('',(-46.45472683184,355.51407843806,
    -10.14602691946));
#5259 = CARTESIAN_POINT('',(-46.91326758267,355.83725439247,
    -10.64882909462));
#5260 = CARTESIAN_POINT('',(-47.38036528859,356.17415739154,
    -11.11821308712));
#5261 = CARTESIAN_POINT('',(-47.85328650801,356.52465178847,
    -11.55581779983));
#5262 = CARTESIAN_POINT('',(-48.32948666881,356.88914040892,
    -11.96305721188));
#5263 = CARTESIAN_POINT('',(-49.27462705308,357.64136171613,
    -12.71228126047));
#5264 = CARTESIAN_POINT('',(-49.74312986145,358.02823314231,
    -13.05497173656));
#5265 = CARTESIAN_POINT('',(-50.20943506359,358.43027183817,
    -13.37035572024));
#5266 = CARTESIAN_POINT('',(-50.67063081322,358.84873461375,
    -13.65899175678));
#5267 = CARTESIAN_POINT('',(-51.12298347499,359.28505056647,
    -13.92090339393));
#5268 = CARTESIAN_POINT('',(-51.56178508235,359.74088473065,
    -14.15578483033));
#5269 = CARTESIAN_POINT('',(-51.98142527958,360.2182920821,
    -14.36313852037));
#5270 = CARTESIAN_POINT('',(-52.6307369677,361.04425959169,
    -14.65800611484));
#5271 = CARTESIAN_POINT('',(-52.87608718273,361.37994028636,
    -14.76240880304));
#5272 = CARTESIAN_POINT('',(-53.10858273965,361.72598271992,
    -14.85441447434));
#5273 = CARTESIAN_POINT('',(-53.32551251533,362.08164249221,
    -14.93349189229));
#5274 = CARTESIAN_POINT('',(-53.52472457349,362.44636195537,
    -14.99942403242));
#5275 = CARTESIAN_POINT('',(-53.70463342147,362.81970152012,
    -15.05218073212));
#5276 = CARTESIAN_POINT('',(-53.86420148647,363.20125438226,
    -15.09183150811));
#5277 = CARTESIAN_POINT('',(-54.10029169916,363.86392237244,
    -15.13722536961));
#5278 = CARTESIAN_POINT('',(-54.18700994939,364.14003715591,
    -15.14947550749));
#5279 = CARTESIAN_POINT('',(-54.2629679901,364.41856317679,
    -15.15537280462));
#5280 = CARTESIAN_POINT('',(-54.32822293137,364.69911975434,
    -15.15506449214));
#5281 = CARTESIAN_POINT('',(-54.38296618555,364.98125022981,
    -15.14872023587));
#5282 = CARTESIAN_POINT('',(-54.42751729913,365.26440121477,
    -15.1365373855));
#5283 = CARTESIAN_POINT('',(-54.46231599594,365.54790222835,
    -15.11875241991));
#5284 = CARTESIAN_POINT('',(-54.50379017123,366.00652059606,
    -15.081333241));
#5285 = CARTESIAN_POINT('',(-54.5161378627,366.18203926062,
    -15.06495534204));
#5286 = CARTESIAN_POINT('',(-54.52509197971,366.35745826974,
    -15.04657774901));
#5287 = CARTESIAN_POINT('',(-54.53079053958,366.53272646405,
    -15.02625118116));
#5288 = CARTESIAN_POINT('',(-54.53337281461,366.70778501817,
    -15.00402511771));
#5289 = CARTESIAN_POINT('',(-54.53297904337,366.88256748686,
    -14.97994869569));
#5290 = CARTESIAN_POINT('',(-54.52975014199,367.05699985133,
    -14.95407160787));
#5291 = CARTESIAN_POINT('',(-54.49509785757,368.07503137709,
    -14.79243573593));
#5292 = CARTESIAN_POINT('',(-54.40290526981,368.91123644439,
    -14.61689081287));
#5293 = CARTESIAN_POINT('',(-54.26253246121,369.73697311536,
    -14.40417383968));
#5294 = CARTESIAN_POINT('',(-54.08692556107,370.54908458798,
    -14.15703997585));
#5295 = CARTESIAN_POINT('',(-53.8856745257,371.3459381551,
    -13.87743956884));
#5296 = CARTESIAN_POINT('',(-53.66516905089,372.12827990252,
    -13.56578728983));
#5297 = CARTESIAN_POINT('',(-53.4292172831,372.89899103068,
    -13.22018638566));
#5298 = CARTESIAN_POINT('',(-52.90367329444,374.50729233425,
    -12.40945073052));
#5299 = CARTESIAN_POINT('',(-52.61463767222,375.33206491498,
    -11.94096993155));
#5300 = CARTESIAN_POINT('',(-52.31715088495,376.1396520389,
    -11.42661585284));
#5301 = CARTESIAN_POINT('',(-52.01388920508,376.93140850605,
    -10.86099238986));
#5302 = CARTESIAN_POINT('',(-51.70788894836,377.70566442179,
    -10.23761356294));
#5303 = CARTESIAN_POINT('',(-51.40322396549,378.45712526474,
    -9.549408427552));
#5304 = CARTESIAN_POINT('',(-51.10558209869,379.17639449938,
    -8.789141589064));
#5305 = CARTESIAN_POINT('',(-50.7383667524,380.04978478404,
    -7.699927600857));
#5306 = CARTESIAN_POINT('',(-50.65520374407,380.24657143726,
    -7.442352758575));
#5307 = CARTESIAN_POINT('',(-50.57340512653,380.43920749676,
    -7.177080302313));
#5308 = CARTESIAN_POINT('',(-50.49317566153,380.62730988128,
    -6.903791992789));
#5309 = CARTESIAN_POINT('',(-50.41475126417,380.81042276798,
    -6.62217890953));
#5310 = CARTESIAN_POINT('',(-50.33840043426,380.98801555549,
    -6.33194490227));
#5311 = CARTESIAN_POINT('',(-50.26442568753,381.15948082699,
    -6.032810042352));
#5312 = CARTESIAN_POINT('',(-50.13363573755,381.46167768298,
    -5.466972014463));
#5313 = CARTESIAN_POINT('',(-50.07596685291,381.5945456788,
    -5.202891773068));
#5314 = CARTESIAN_POINT('',(-50.0203918287,381.72225077935,
    -4.93225058691));
#5315 = CARTESIAN_POINT('',(-49.96715248636,381.84429085831,
    -4.655038337465));
#5316 = CARTESIAN_POINT('',(-49.91649861682,381.96014702481,
    -4.371257576952));
#5317 = CARTESIAN_POINT('',(-49.86868762411,382.06928346386,
    -4.080923554567));
#5318 = CARTESIAN_POINT('',(-49.82398416908,382.17114727668,
    -3.784064242717));
#5319 = CARTESIAN_POINT('',(-49.72761160553,382.39041382918,
    -3.076635740342));
#5320 = CARTESIAN_POINT('',(-49.67840596953,382.50209183987,
    -2.659916878155));
#5321 = CARTESIAN_POINT('',(-49.63600115344,382.59813194096,
    -2.232434138085));
#5322 = CARTESIAN_POINT('',(-49.60119039498,382.67684344333,
    -1.796072525829));
#5323 = CARTESIAN_POINT('',(-49.57459504218,382.73691232383,
    -1.352731234571));
#5324 = CARTESIAN_POINT('',(-49.55665972815,382.77739923104,
    -0.904322315387));
#5325 = CARTESIAN_POINT('',(-49.5476495997,382.79773855404,
    -0.452768474872));
#5326 = CARTESIAN_POINT('',(-49.5476495997,382.79773855404,
    -4.831316227838E-14));
#5327 = CYLINDRICAL_SURFACE('',#5328,17.4625);
#5328 = AXIS2_PLACEMENT_3D('',#5329,#5330,#5331);
#5329 = CARTESIAN_POINT('',(-74.64162052247,413.31420068245,
    9.094947017729E-13));
#5330 = DIRECTION('',(-0.228350870111,0.973578902873,-1.033895191682E-15
    ));
#5331 = DIRECTION('',(-3.608224830032E-16,9.783840404509E-16,1.));
#5332 = ADVANCED_FACE('',(#5333,#5337),#5509,.F.);
#5333 = FACE_BOUND('',#5334,.F.);
#5334 = EDGE_LOOP('',(#5335,#5336));
#5335 = ORIENTED_EDGE('',*,*,#4583,.F.);
#5336 = ORIENTED_EDGE('',*,*,#4511,.F.);
#5337 = FACE_BOUND('',#5338,.F.);
#5338 = EDGE_LOOP('',(#5339,#5426));
#5339 = ORIENTED_EDGE('',*,*,#5340,.T.);
#5340 = EDGE_CURVE('',#5341,#5343,#5345,.T.);
#5341 = VERTEX_POINT('',#5342);
#5342 = CARTESIAN_POINT('',(447.64715262817,584.34933080175,
    1.136868377216E-13));
#5343 = VERTEX_POINT('',#5344);
#5344 = CARTESIAN_POINT('',(459.88017345048,556.61335972352,0.));
#5345 = B_SPLINE_CURVE_WITH_KNOTS('',7,(#5346,#5347,#5348,#5349,#5350,
    #5351,#5352,#5353,#5354,#5355,#5356,#5357,#5358,#5359,#5360,#5361,
    #5362,#5363,#5364,#5365,#5366,#5367,#5368,#5369,#5370,#5371,#5372,
    #5373,#5374,#5375,#5376,#5377,#5378,#5379,#5380,#5381,#5382,#5383,
    #5384,#5385,#5386,#5387,#5388,#5389,#5390,#5391,#5392,#5393,#5394,
    #5395,#5396,#5397,#5398,#5399,#5400,#5401,#5402,#5403,#5404,#5405,
    #5406,#5407,#5408,#5409,#5410,#5411,#5412,#5413,#5414,#5415,#5416,
    #5417,#5418,#5419,#5420,#5421,#5422,#5423,#5424,#5425),
  .UNSPECIFIED.,.F.,.F.,(8,6,6,6,6,6,6,6,6,6,6,6,6,8),(0.,
    6.335781514534E-02,0.151769234361,0.189696848587,0.295905523679,
    0.408379104425,0.444915430319,0.515068306749,0.612004775954,
    0.712529118165,0.845632498843,0.895300127951,0.935198498011,1.),
  .UNSPECIFIED.);
#5346 = CARTESIAN_POINT('',(447.64715262817,584.34933080175,-4.367E-14)
  );
#5347 = CARTESIAN_POINT('',(447.64715262817,584.34933080175,
    0.549672676108));
#5348 = CARTESIAN_POINT('',(447.67075613724,584.33379287059,
    1.098411203382));
#5349 = CARTESIAN_POINT('',(447.71781831447,584.30281232443,
    1.643418214702));
#5350 = CARTESIAN_POINT('',(447.78762587212,584.2567759943,
    2.181910309275));
#5351 = CARTESIAN_POINT('',(447.87890086659,584.19636231081,
    2.71114004996));
#5352 = CARTESIAN_POINT('',(447.98981503238,584.12255764367,
    3.228416662761));
#5353 = CARTESIAN_POINT('',(448.29690831175,583.91686503716,
    4.432620529738));
#5354 = CARTESIAN_POINT('',(448.50947352681,583.77354129145,
    5.105798760844));
#5355 = CARTESIAN_POINT('',(448.75095613704,583.60922235277,
    5.749942180492));
#5356 = CARTESIAN_POINT('',(449.01686058676,583.42614850383,
    6.364665612636));
#5357 = CARTESIAN_POINT('',(449.30296493789,583.22635774842,
    6.949861752846));
#5358 = CARTESIAN_POINT('',(449.60532727473,583.0117348504,7.5056490642)
  );
#5359 = CARTESIAN_POINT('',(450.05539657995,582.68637158906,
    8.258260095259));
#5360 = CARTESIAN_POINT('',(450.19296015678,582.58619560856,
    8.479061991169));
#5361 = CARTESIAN_POINT('',(450.33274629632,582.48361196209,
    8.69482119765));
#5362 = CARTESIAN_POINT('',(450.47454348924,582.378702149,8.905631649251
    ));
#5363 = CARTESIAN_POINT('',(450.61815639254,582.27153625233,
    9.111588230342));
#5364 = CARTESIAN_POINT('',(450.76340556361,582.16217264773,
    9.312786827566));
#5365 = CARTESIAN_POINT('',(451.32099168749,581.73838250635,
    10.059688377507));
#5366 = CARTESIAN_POINT('',(451.74361475341,581.40907620096,
    10.573785702788));
#5367 = CARTESIAN_POINT('',(452.1741725365,581.06391161087,
    11.053341455954));
#5368 = CARTESIAN_POINT('',(452.60954339813,580.70353585935,
    11.50000176832));
#5369 = CARTESIAN_POINT('',(453.04713470056,580.32812525784,
    11.915234529697));
#5370 = CARTESIAN_POINT('',(453.48470137838,579.93743234944,
    12.300235501268));
#5371 = CARTESIAN_POINT('',(454.38129729068,579.10023343944,
    13.032420077945));
#5372 = CARTESIAN_POINT('',(454.84022616383,578.65164928322,
    13.376160885896));
#5373 = CARTESIAN_POINT('',(455.29366053819,578.18504902599,
    13.687359314897));
#5374 = CARTESIAN_POINT('',(455.73844550016,577.70020148731,
    13.966133710623));
#5375 = CARTESIAN_POINT('',(456.17153888571,577.19668157835,
    14.212416426355));
#5376 = CARTESIAN_POINT('',(456.59003040041,576.67390290428,
    14.425905242231));
#5377 = CARTESIAN_POINT('',(457.12151019967,575.95486577236,
    14.664467482385));
#5378 = CARTESIAN_POINT('',(457.24994979829,575.77652092155,
    14.719413481088));
#5379 = CARTESIAN_POINT('',(457.37639138462,575.59615555734,
    14.770780743296));
#5380 = CARTESIAN_POINT('',(457.50071962611,575.41379014831,
    14.818540740484));
#5381 = CARTESIAN_POINT('',(457.62282620129,575.22944501306,
    14.862666522974));
#5382 = CARTESIAN_POINT('',(457.74261015763,575.04314049263,
    14.903132107369));
#5383 = CARTESIAN_POINT('',(458.08533510147,574.49345372329,
    15.010532148271));
#5384 = CARTESIAN_POINT('',(458.30184974335,574.12475898578,
    15.067583961512));
#5385 = CARTESIAN_POINT('',(458.50867467584,573.74923699302,
    15.110816158842));
#5386 = CARTESIAN_POINT('',(458.70511881103,573.36732932026,
    15.140050096548));
#5387 = CARTESIAN_POINT('',(458.89065226695,572.97951237662,
    15.155157920684));
#5388 = CARTESIAN_POINT('',(459.06490536932,572.58631220237,
    15.156051645622));
#5389 = CARTESIAN_POINT('',(459.45255702945,571.63837096768,
    15.124210406984));
#5390 = CARTESIAN_POINT('',(459.65518420285,571.08004516057,
    15.078532353356));
#5391 = CARTESIAN_POINT('',(459.83517612306,570.51470895221,
    15.005650882205));
#5392 = CARTESIAN_POINT('',(459.99264811994,569.94399382771,
    14.905652036693));
#5393 = CARTESIAN_POINT('',(460.12817736327,569.36983842352,
    14.778726165253));
#5394 = CARTESIAN_POINT('',(460.24274759981,568.79451644131,
    14.625249319073));
#5395 = CARTESIAN_POINT('',(460.43608412522,567.62553746762,
    14.259964974624));
#5396 = CARTESIAN_POINT('',(460.51340866792,567.03174732474,
    14.046133170071));
#5397 = CARTESIAN_POINT('',(460.57133045603,566.44052767166,
    13.80465383886));
#5398 = CARTESIAN_POINT('',(460.61161020804,565.85330948156,
    13.535589358949));
#5399 = CARTESIAN_POINT('',(460.63602941359,565.2716988128,
    13.238891188458));
#5400 = CARTESIAN_POINT('',(460.64636345423,564.69747713879,
    12.914433070517));
#5401 = CARTESIAN_POINT('',(460.64173132034,563.38466740332,
    12.095409867284));
#5402 = CARTESIAN_POINT('',(460.61748034343,562.65318659496,
    11.579833841376));
#5403 = CARTESIAN_POINT('',(460.5756975551,561.94061801506,
    11.013568339063));
#5404 = CARTESIAN_POINT('',(460.52004285565,561.25052191285,
    10.3940449808));
#5405 = CARTESIAN_POINT('',(460.45407388084,560.58800325643,
    9.718146824104));
#5406 = CARTESIAN_POINT('',(460.38155904177,559.96019679132,
    8.98254484048));
#5407 = CARTESIAN_POINT('',(460.27866351951,559.15909507497,
    7.886227507919));
#5408 = CARTESIAN_POINT('',(460.25035547101,558.94750508498,
    7.579459765406));
#5409 = CARTESIAN_POINT('',(460.22192041991,558.74257774572,
    7.263733781934));
#5410 = CARTESIAN_POINT('',(460.19358635449,558.54491249688,
    6.938954579523));
#5411 = CARTESIAN_POINT('',(460.16558896185,558.35515334545,
    6.605044737326));
#5412 = CARTESIAN_POINT('',(460.13817074721,558.17398896432,
    6.261944549328));
#5413 = CARTESIAN_POINT('',(460.09021973467,557.86411553492,
    5.626581012109));
#5414 = CARTESIAN_POINT('',(460.06939059137,557.73208008333,
    5.337555727771));
#5415 = CARTESIAN_POINT('',(460.04923453292,557.60651254526,
    5.042681499678));
#5416 = CARTESIAN_POINT('',(460.0298926396,557.48786916311,
    4.742116009861));
#5417 = CARTESIAN_POINT('',(460.0115035925,557.37659651334,
    4.436029469382));
#5418 = CARTESIAN_POINT('',(459.9942020037,557.27313170727,
    4.124604635995));
#5419 = CARTESIAN_POINT('',(459.9519916479,557.02323487717,
    3.293878755612));
#5420 = CARTESIAN_POINT('',(459.92903440337,556.89005104909,
    2.765352761444));
#5421 = CARTESIAN_POINT('',(459.90990763475,556.78085255454,
    2.225034268538));
#5422 = CARTESIAN_POINT('',(459.89515875579,556.69755146537,
    1.67558928124));
#5423 = CARTESIAN_POINT('',(459.88517750577,556.64147384298,
    1.119750253168));
#5424 = CARTESIAN_POINT('',(459.88017345048,556.61335972352,
    0.560290905587));
#5425 = CARTESIAN_POINT('',(459.88017345048,556.61335972352,-7.633E-14)
  );
#5426 = ORIENTED_EDGE('',*,*,#5427,.T.);
#5427 = EDGE_CURVE('',#5343,#5341,#5428,.T.);
#5428 = B_SPLINE_CURVE_WITH_KNOTS('',7,(#5429,#5430,#5431,#5432,#5433,
    #5434,#5435,#5436,#5437,#5438,#5439,#5440,#5441,#5442,#5443,#5444,
    #5445,#5446,#5447,#5448,#5449,#5450,#5451,#5452,#5453,#5454,#5455,
    #5456,#5457,#5458,#5459,#5460,#5461,#5462,#5463,#5464,#5465,#5466,
    #5467,#5468,#5469,#5470,#5471,#5472,#5473,#5474,#5475,#5476,#5477,
    #5478,#5479,#5480,#5481,#5482,#5483,#5484,#5485,#5486,#5487,#5488,
    #5489,#5490,#5491,#5492,#5493,#5494,#5495,#5496,#5497,#5498,#5499,
    #5500,#5501,#5502,#5503,#5504,#5505,#5506,#5507,#5508),
  .UNSPECIFIED.,.F.,.F.,(8,6,6,6,6,6,6,6,6,6,6,6,6,8),(0.,
    6.476272416318E-02,0.105439817446,0.154950519796,0.191095556052,
    0.287410667124,0.388319892529,0.485380115301,0.554802832455,
    0.59128680813,0.704784993337,0.846507892963,0.898553761278,1.),
  .UNSPECIFIED.);
#5429 = CARTESIAN_POINT('',(459.88017345048,556.61335972352,-7.835E-14)
  );
#5430 = CARTESIAN_POINT('',(459.88017345048,556.61335972352,
    -0.56016185712));
#5431 = CARTESIAN_POINT('',(459.8851752009,556.64146089344,
    -1.119491087351));
#5432 = CARTESIAN_POINT('',(459.89515181324,556.69751246039,
    -1.675201443301));
#5433 = CARTESIAN_POINT('',(459.90989389311,556.78077494666,
    -2.22452162754));
#5434 = CARTESIAN_POINT('',(459.92901206724,556.88992353409,
    -2.764721518771));
#5435 = CARTESIAN_POINT('',(459.95195944435,557.02304805155,
    -3.293137326086));
#5436 = CARTESIAN_POINT('',(459.99447641826,557.27475391702,
    -4.130072751245));
#5437 = CARTESIAN_POINT('',(460.01214404612,557.38042428604,
    -4.447595898977));
#5438 = CARTESIAN_POINT('',(460.03094022777,557.49420701056,
    -4.759560292017));
#5439 = CARTESIAN_POINT('',(460.05072216266,557.61563883078,
    -5.065774692615));
#5440 = CARTESIAN_POINT('',(460.07134274459,557.74424668798,
    -5.366061420788));
#5441 = CARTESIAN_POINT('',(460.09265239072,557.87954750303,
    -5.660256327294));
#5442 = CARTESIAN_POINT('',(460.14109405817,558.19327724171,
    -6.298694171632));
#5443 = CARTESIAN_POINT('',(460.16849068368,558.37472416347,
    -6.639998836141));
#5444 = CARTESIAN_POINT('',(460.19644479388,558.56466453334,
    -6.972166840031));
#5445 = CARTESIAN_POINT('',(460.2247164008,558.76241858151,
    -7.295259747686));
#5446 = CARTESIAN_POINT('',(460.25307231982,558.96735086605,
    -7.609356460066));
#5447 = CARTESIAN_POINT('',(460.28128700798,559.17887018371,
    -7.914553066789));
#5448 = CARTESIAN_POINT('',(460.32947982097,559.55525753812,
    -8.427355040985));
#5449 = CARTESIAN_POINT('',(460.34962803197,559.71732744991,
    -8.63909501802));
#5450 = CARTESIAN_POINT('',(460.36950594783,559.88244561247,
    -8.846247991655));
#5451 = CARTESIAN_POINT('',(460.38903321141,560.05043300674,
    -9.048880824514));
#5452 = CARTESIAN_POINT('',(460.40813119575,560.22112519815,
    -9.247061879508));
#5453 = CARTESIAN_POINT('',(460.42672300407,560.39437233666,
    -9.440861019827));
#5454 = CARTESIAN_POINT('',(460.49272567525,561.03813577626,
    -10.13527687971));
#5455 = CARTESIAN_POINT('',(460.53660243026,561.52354135935,
    -10.60973393482));
#5456 = CARTESIAN_POINT('',(460.57491433592,562.02357229943,
    -11.05488145162));
#5457 = CARTESIAN_POINT('',(460.60626544374,562.53608916774,
    -11.4718236622));
#5458 = CARTESIAN_POINT('',(460.62926452346,563.05940141613,
    -11.86155404515));
#5459 = CARTESIAN_POINT('',(460.64247633087,563.59217207986,
    -12.22490101731));
#5460 = CARTESIAN_POINT('',(460.64635988311,564.70028510072,
    -12.91614803888));
#5461 = CARTESIAN_POINT('',(460.63592712195,565.27667190388,
    -13.24167187562));
#5462 = CARTESIAN_POINT('',(460.61129660441,565.86049621044,
    -13.53923217982));
#5463 = CARTESIAN_POINT('',(460.5706729486,566.44995484085,
    -13.8089545915));
#5464 = CARTESIAN_POINT('',(460.51225503851,567.04342265209,
    -14.05088665109));
#5465 = CARTESIAN_POINT('',(460.4342635847,567.63945243719,
    -14.26496380764));
#5466 = CARTESIAN_POINT('',(460.23949240661,568.81132393595,
    -14.62985803204));
#5467 = CARTESIAN_POINT('',(460.12426888504,569.38728827347,
    -14.78284477907));
#5468 = CARTESIAN_POINT('',(459.98801354811,569.96204246089,
    -14.9092116677));
#5469 = CARTESIAN_POINT('',(459.8297461385,570.53330391737,
    -15.00858251055));
#5470 = CARTESIAN_POINT('',(459.64889705515,571.09912722225,
    -15.08076815286));
#5471 = CARTESIAN_POINT('',(459.4453628774,571.65787550656,
    -15.12568491799));
#5472 = CARTESIAN_POINT('',(459.0579969273,572.6017776275,
    -15.15595926313));
#5473 = CARTESIAN_POINT('',(458.88521899392,572.99066475179,
    -15.15462149884));
#5474 = CARTESIAN_POINT('',(458.70140691498,573.37426795707,
    -15.13936964366));
#5475 = CARTESIAN_POINT('',(458.506921648,573.75207859942,
    -15.11028971239));
#5476 = CARTESIAN_POINT('',(458.30227770948,574.12363540561,
    -15.06750606867));
#5477 = CARTESIAN_POINT('',(458.08814409741,574.48851044726,
    -15.01119182968));
#5478 = CARTESIAN_POINT('',(457.7482486267,575.03431936054,
    -14.90501096105));
#5479 = CARTESIAN_POINT('',(457.62874575363,575.22041437486,
    -14.86475721545));
#5480 = CARTESIAN_POINT('',(457.50692387131,575.40455709221,
    -14.8208536552));
#5481 = CARTESIAN_POINT('',(457.38288338469,575.58672704053,
    -14.77332615076));
#5482 = CARTESIAN_POINT('',(457.25673205005,575.76690378051,
    -14.72220154739));
#5483 = CARTESIAN_POINT('',(457.12858461974,575.94506673446,
    -14.66750827366));
#5484 = CARTESIAN_POINT('',(456.59407597397,576.66911337813,
    -14.42812482888));
#5485 = CARTESIAN_POINT('',(456.17191503775,577.19670591833,
    -14.21294223112));
#5486 = CARTESIAN_POINT('',(455.73487625159,577.70469069277,
    -13.96437632536));
#5487 = CARTESIAN_POINT('',(455.28594740276,578.19367248078,
    -13.6827364881));
#5488 = CARTESIAN_POINT('',(454.82825222786,578.66408854985,
    -13.36808848896));
#5489 = CARTESIAN_POINT('',(454.36503093349,579.11617445889,
    -13.02030505618));
#5490 = CARTESIAN_POINT('',(453.31855281621,580.09159656018,
    -12.16303580359));
#5491 = CARTESIAN_POINT('',(452.73433618721,580.60446561297,
    -11.63504558074));
#5492 = CARTESIAN_POINT('',(452.15157196058,581.09050713582,
    -11.0529245584));
#5493 = CARTESIAN_POINT('',(451.57542426221,581.55020170816,
    -10.41327172451));
#5494 = CARTESIAN_POINT('',(451.01250342552,581.98248650792,
    -9.711898586753));
#5495 = CARTESIAN_POINT('',(450.47168697455,582.3846186725,
    -8.944311364396));
#5496 = CARTESIAN_POINT('',(449.77863993098,582.88669463785,
    -7.798582332905));
#5497 = CARTESIAN_POINT('',(449.59695349753,583.0169225845,
    -7.481165661048));
#5498 = CARTESIAN_POINT('',(449.42035267959,583.14225677441,
    -7.153887181024));
#5499 = CARTESIAN_POINT('',(449.2495155407,583.26239587673,
    -6.816582521545));
#5500 = CARTESIAN_POINT('',(449.08517672036,583.3770018033,
    -6.469108647696));
#5501 = CARTESIAN_POINT('',(448.9281270715,583.4856990878,
    -6.111344114119));
#5502 = CARTESIAN_POINT('',(448.48895505636,583.78762087591,
    -5.025593080017));
#5503 = CARTESIAN_POINT('',(448.22670415366,583.96514309543,
    -4.261344035407));
#5504 = CARTESIAN_POINT('',(448.00351237501,584.11419055448,
    -3.457333852477));
#5505 = CARTESIAN_POINT('',(447.82841521331,584.2300064924,
    -2.621013090327));
#5506 = CARTESIAN_POINT('',(447.70818239238,584.3091559893,
    -1.760386269832));
#5507 = CARTESIAN_POINT('',(447.64715262817,584.34933080175,
    -0.883867977155));
#5508 = CARTESIAN_POINT('',(447.64715262817,584.34933080175,-4.636E-14)
  );
#5509 = CYLINDRICAL_SURFACE('',#5510,23.);
#5510 = AXIS2_PLACEMENT_3D('',#5511,#5512,#5513);
#5511 = CARTESIAN_POINT('',(465.,602.,-4.855E-14));
#5512 = DIRECTION('',(-0.403545296352,0.91495966785,4.6E-16));
#5513 = DIRECTION('',(-0.91495966785,-0.403545296352,-9.E-17));
#5514 = ADVANCED_FACE('',(#5515),#5545,.F.);
#5515 = FACE_BOUND('',#5516,.F.);
#5516 = EDGE_LOOP('',(#5517,#5523,#5524,#5525,#5526,#5527,#5533,#5534,
    #5540,#5541,#5542,#5543,#5544));
#5517 = ORIENTED_EDGE('',*,*,#5518,.F.);
#5518 = EDGE_CURVE('',#5341,#4990,#5519,.T.);
#5519 = LINE('',#5520,#5521);
#5520 = CARTESIAN_POINT('',(469.3970363545,593.16624456795,
    -1.503162278384E-15));
#5521 = VECTOR('',#5522,1.);
#5522 = DIRECTION('',(-0.926748268264,-0.375682907875,-2.E-17));
#5523 = ORIENTED_EDGE('',*,*,#5427,.F.);
#5524 = ORIENTED_EDGE('',*,*,#5340,.F.);
#5525 = ORIENTED_EDGE('',*,*,#5518,.T.);
#5526 = ORIENTED_EDGE('',*,*,#4989,.F.);
#5527 = ORIENTED_EDGE('',*,*,#5528,.T.);
#5528 = EDGE_CURVE('',#4982,#5075,#5529,.T.);
#5529 = LINE('',#5530,#5531);
#5530 = CARTESIAN_POINT('',(469.3970363545,593.16624456795,
    -1.503162278384E-15));
#5531 = VECTOR('',#5532,1.);
#5532 = DIRECTION('',(-0.926748268264,-0.375682907875,-2.E-17));
#5533 = ORIENTED_EDGE('',*,*,#5074,.F.);
#5534 = ORIENTED_EDGE('',*,*,#5535,.T.);
#5535 = EDGE_CURVE('',#5067,#5154,#5536,.T.);
#5536 = LINE('',#5537,#5538);
#5537 = CARTESIAN_POINT('',(469.3970363545,593.16624456795,
    -1.503162278384E-15));
#5538 = VECTOR('',#5539,1.);
#5539 = DIRECTION('',(-0.926748268264,-0.375682907875,-2.E-17));
#5540 = ORIENTED_EDGE('',*,*,#5153,.T.);
#5541 = ORIENTED_EDGE('',*,*,#5535,.F.);
#5542 = ORIENTED_EDGE('',*,*,#5111,.F.);
#5543 = ORIENTED_EDGE('',*,*,#5528,.F.);
#5544 = ORIENTED_EDGE('',*,*,#5026,.F.);
#5545 = CYLINDRICAL_SURFACE('',#5546,15.15);
#5546 = AXIS2_PLACEMENT_3D('',#5547,#5548,#5549);
#5547 = CARTESIAN_POINT('',(475.08863240881,579.12600830375,
    4.496837721616E-15));
#5548 = DIRECTION('',(0.926748268264,0.375682907875,7.E-17));
#5549 = DIRECTION('',(-0.375682907875,0.926748268264,-4.E-16));
#5550 = ( GEOMETRIC_REPRESENTATION_CONTEXT(3) 
GLOBAL_UNCERTAINTY_ASSIGNED_CONTEXT((#5554)) 
GLOBAL_UNIT_ASSIGNED_CONTEXT((#5551,#5552,#5553)) REPRESENTATION_CONTEXT
('Context #1','3D Context with UNIT and UNCERTAINTY') );
#5551 = ( LENGTH_UNIT() NAMED_UNIT(*) SI_UNIT(.MILLI.,.METRE.) );
#5552 = ( NAMED_UNIT(*) PLANE_ANGLE_UNIT() SI_UNIT($,.RADIAN.) );
#5553 = ( NAMED_UNIT(*) SI_UNIT($,.STERADIAN.) SOLID_ANGLE_UNIT() );
#5554 = UNCERTAINTY_MEASURE_WITH_UNIT(LENGTH_MEASURE(2.E-07),#5551,
  'distance_accuracy_value','confusion accuracy');
#5555 = CONTEXT_DEPENDENT_SHAPE_REPRESENTATION(#5556,#5558);
#5556 = ( REPRESENTATION_RELATIONSHIP('','',#4494,#10) 
REPRESENTATION_RELATIONSHIP_WITH_TRANSFORMATION(#5557) 
SHAPE_REPRESENTATION_RELATIONSHIP() );
#5557 = ITEM_DEFINED_TRANSFORMATION('','',#11,#31);
#5558 = PRODUCT_DEFINITION_SHAPE('Placement','Placement of an item',
  #5559);
#5559 = NEXT_ASSEMBLY_USAGE_OCCURRENCE('5','TopTube','',#5,#4489,$);
#5560 = PRODUCT_RELATED_PRODUCT_CATEGORY('part',$,(#4491));
#5561 = SHAPE_DEFINITION_REPRESENTATION(#5562,#5568);
#5562 = PRODUCT_DEFINITION_SHAPE('','',#5563);
#5563 = PRODUCT_DEFINITION('design','',#5564,#5567);
#5564 = PRODUCT_DEFINITION_FORMATION('','',#5565);
#5565 = PRODUCT('HeadTube','HeadTube','',(#5566));
#5566 = PRODUCT_CONTEXT('',#2,'mechanical');
#5567 = PRODUCT_DEFINITION_CONTEXT('part definition',#2,'design');
#5568 = ADVANCED_BREP_SHAPE_REPRESENTATION('',(#11,#5569),#5661);
#5569 = MANIFOLD_SOLID_BREP('',#5570);
#5570 = CLOSED_SHELL('',(#5571,#5604,#5637,#5649));
#5571 = ADVANCED_FACE('',(#5572),#5599,.T.);
#5572 = FACE_BOUND('',#5573,.T.);
#5573 = EDGE_LOOP('',(#5574,#5584,#5591,#5592));
#5574 = ORIENTED_EDGE('',*,*,#5575,.T.);
#5575 = EDGE_CURVE('',#5576,#5578,#5580,.T.);
#5576 = VERTEX_POINT('',#5577);
#5577 = CARTESIAN_POINT('',(443.95592763945,592.71845818389,
    -5.684341886081E-14));
#5578 = VERTEX_POINT('',#5579);
#5579 = CARTESIAN_POINT('',(485.31932051557,498.93509222928,
    -5.684341886081E-14));
#5580 = LINE('',#5581,#5582);
#5581 = CARTESIAN_POINT('',(443.95592763945,592.71845818389,-2.5E-15));
#5582 = VECTOR('',#5583,1.);
#5583 = DIRECTION('',(0.403545296352,-0.91495966785,-2.7E-16));
#5584 = ORIENTED_EDGE('',*,*,#5585,.T.);
#5585 = EDGE_CURVE('',#5578,#5578,#5586,.T.);
#5586 = CIRCLE('',#5587,23.);
#5587 = AXIS2_PLACEMENT_3D('',#5588,#5589,#5590);
#5588 = CARTESIAN_POINT('',(506.36339287612,508.21663404539,
    2.84217094304E-14));
#5589 = DIRECTION('',(-0.403545296352,0.91495966785,4.128488062081E-16)
  );
#5590 = DIRECTION('',(-0.91495966785,-0.403545296352,-1.007723296871E-16
    ));
#5591 = ORIENTED_EDGE('',*,*,#5575,.F.);
#5592 = ORIENTED_EDGE('',*,*,#5593,.F.);
#5593 = EDGE_CURVE('',#5576,#5576,#5594,.T.);
#5594 = CIRCLE('',#5595,23.);
#5595 = AXIS2_PLACEMENT_3D('',#5596,#5597,#5598);
#5596 = CARTESIAN_POINT('',(465.,602.,-5.099138906402E-15));
#5597 = DIRECTION('',(-0.403545296352,0.91495966785,4.128488062081E-16)
  );
#5598 = DIRECTION('',(-0.91495966785,-0.403545296352,-1.007723296871E-16
    ));
#5599 = CYLINDRICAL_SURFACE('',#5600,23.);
#5600 = AXIS2_PLACEMENT_3D('',#5601,#5602,#5603);
#5601 = CARTESIAN_POINT('',(465.,602.,0.));
#5602 = DIRECTION('',(-0.403545296352,0.91495966785,6.4E-16));
#5603 = DIRECTION('',(-0.91495966785,-0.403545296352,-1.1E-16));
#5604 = ADVANCED_FACE('',(#5605),#5632,.F.);
#5605 = FACE_BOUND('',#5606,.F.);
#5606 = EDGE_LOOP('',(#5607,#5617,#5624,#5625));
#5607 = ORIENTED_EDGE('',*,*,#5608,.T.);
#5608 = EDGE_CURVE('',#5609,#5611,#5613,.T.);
#5609 = VERTEX_POINT('',#5610);
#5610 = CARTESIAN_POINT('',(444.96238327408,593.16235800988,
    -5.684341886081E-14));
#5611 = VERTEX_POINT('',#5612);
#5612 = CARTESIAN_POINT('',(486.3257761502,499.37899205527,
    -1.136868377216E-13));
#5613 = LINE('',#5614,#5615);
#5614 = CARTESIAN_POINT('',(444.96238327408,593.16235800988,-2.38E-15));
#5615 = VECTOR('',#5616,1.);
#5616 = DIRECTION('',(0.403545296352,-0.91495966785,-2.7E-16));
#5617 = ORIENTED_EDGE('',*,*,#5618,.T.);
#5618 = EDGE_CURVE('',#5611,#5611,#5619,.T.);
#5619 = CIRCLE('',#5620,21.9);
#5620 = AXIS2_PLACEMENT_3D('',#5621,#5622,#5623);
#5621 = CARTESIAN_POINT('',(506.36339287612,508.21663404539,
    2.84217094304E-14));
#5622 = DIRECTION('',(-0.403545296352,0.91495966785,4.128488062081E-16)
  );
#5623 = DIRECTION('',(-0.91495966785,-0.403545296352,-1.007723296871E-16
    ));
#5624 = ORIENTED_EDGE('',*,*,#5608,.F.);
#5625 = ORIENTED_EDGE('',*,*,#5626,.F.);
#5626 = EDGE_CURVE('',#5609,#5609,#5627,.T.);
#5627 = CIRCLE('',#5628,21.9);
#5628 = AXIS2_PLACEMENT_3D('',#5629,#5630,#5631);
#5629 = CARTESIAN_POINT('',(465.,602.,-5.099138906402E-15));
#5630 = DIRECTION('',(-0.403545296352,0.91495966785,4.128488062081E-16)
  );
#5631 = DIRECTION('',(-0.91495966785,-0.403545296352,-1.007723296871E-16
    ));
#5632 = CYLINDRICAL_SURFACE('',#5633,21.9);
#5633 = AXIS2_PLACEMENT_3D('',#5634,#5635,#5636);
#5634 = CARTESIAN_POINT('',(465.,602.,0.));
#5635 = DIRECTION('',(-0.403545296352,0.91495966785,6.4E-16));
#5636 = DIRECTION('',(-0.91495966785,-0.403545296352,-1.1E-16));
#5637 = ADVANCED_FACE('',(#5638,#5641),#5644,.T.);
#5638 = FACE_BOUND('',#5639,.T.);
#5639 = EDGE_LOOP('',(#5640));
#5640 = ORIENTED_EDGE('',*,*,#5593,.T.);
#5641 = FACE_BOUND('',#5642,.F.);
#5642 = EDGE_LOOP('',(#5643));
#5643 = ORIENTED_EDGE('',*,*,#5626,.T.);
#5644 = PLANE('',#5645);
#5645 = AXIS2_PLACEMENT_3D('',#5646,#5647,#5648);
#5646 = CARTESIAN_POINT('',(465.,602.,1.705302565824E-13));
#5647 = DIRECTION('',(-0.403545296352,0.91495966785,1.387778780781E-15)
  );
#5648 = DIRECTION('',(0.91495966785,0.403545296352,-2.22044604925E-16));
#5649 = ADVANCED_FACE('',(#5650,#5653),#5656,.F.);
#5650 = FACE_BOUND('',#5651,.F.);
#5651 = EDGE_LOOP('',(#5652));
#5652 = ORIENTED_EDGE('',*,*,#5585,.T.);
#5653 = FACE_BOUND('',#5654,.T.);
#5654 = EDGE_LOOP('',(#5655));
#5655 = ORIENTED_EDGE('',*,*,#5618,.T.);
#5656 = PLANE('',#5657);
#5657 = AXIS2_PLACEMENT_3D('',#5658,#5659,#5660);
#5658 = CARTESIAN_POINT('',(506.36339287612,508.21663404539,
    1.705302565824E-13));
#5659 = DIRECTION('',(-0.403545296352,0.91495966785,1.387778780781E-15)
  );
#5660 = DIRECTION('',(0.91495966785,0.403545296352,-2.22044604925E-16));
#5661 = ( GEOMETRIC_REPRESENTATION_CONTEXT(3) 
GLOBAL_UNCERTAINTY_ASSIGNED_CONTEXT((#5665)) 
GLOBAL_UNIT_ASSIGNED_CONTEXT((#5662,#5663,#5664)) REPRESENTATION_CONTEXT
('Context #1','3D Context with UNIT and UNCERTAINTY') );
#5662 = ( LENGTH_UNIT() NAMED_UNIT(*) SI_UNIT(.MILLI.,.METRE.) );
#5663 = ( NAMED_UNIT(*) PLANE_ANGLE_UNIT() SI_UNIT($,.RADIAN.) );
#5664 = ( NAMED_UNIT(*) SI_UNIT($,.STERADIAN.) SOLID_ANGLE_UNIT() );
#5665 = UNCERTAINTY_MEASURE_WITH_UNIT(LENGTH_MEASURE(1.E-07),#5662,
  'distance_accuracy_value','confusion accuracy');
#5666 = CONTEXT_DEPENDENT_SHAPE_REPRESENTATION(#5667,#5669);
#5667 = ( REPRESENTATION_RELATIONSHIP('','',#5568,#10) 
REPRESENTATION_RELATIONSHIP_WITH_TRANSFORMATION(#5668) 
SHAPE_REPRESENTATION_RELATIONSHIP() );
#5668 = ITEM_DEFINED_TRANSFORMATION('','',#11,#35);
#5669 = PRODUCT_DEFINITION_SHAPE('Placement','Placement of an item',
  #5670);
#5670 = NEXT_ASSEMBLY_USAGE_OCCURRENCE('6','HeadTube','',#5,#5563,$);
#5671 = PRODUCT_RELATED_PRODUCT_CATEGORY('part',$,(#5565));
#5672 = SHAPE_DEFINITION_REPRESENTATION(#5673,#5679);
#5673 = PRODUCT_DEFINITION_SHAPE('','',#5674);
#5674 = PRODUCT_DEFINITION('design','',#5675,#5678);
#5675 = PRODUCT_DEFINITION_FORMATION('','',#5676);
#5676 = PRODUCT('RS_Fr_Piv','RS_Fr_Piv','',(#5677));
#5677 = PRODUCT_CONTEXT('',#2,'mechanical');
#5678 = PRODUCT_DEFINITION_CONTEXT('part definition',#2,'design');
#5679 = ADVANCED_BREP_SHAPE_REPRESENTATION('',(#11,#5680),#6706);
#5680 = MANIFOLD_SOLID_BREP('',#5681);
#5681 = CLOSED_SHELL('',(#5682,#5755,#5843,#5868,#5957,#5981,#6071,#6096
    ,#6176,#6330,#6348,#6369,#6386,#6408,#6425,#6442,#6454,#6467,#6489,
    #6506,#6523,#6535,#6552,#6576,#6600,#6617,#6629,#6653,#6677,#6694));
#5682 = ADVANCED_FACE('',(#5683),#5750,.T.);
#5683 = FACE_BOUND('',#5684,.T.);
#5684 = EDGE_LOOP('',(#5685,#5695,#5704,#5712,#5720,#5728,#5736,#5744));
#5685 = ORIENTED_EDGE('',*,*,#5686,.F.);
#5686 = EDGE_CURVE('',#5687,#5689,#5691,.T.);
#5687 = VERTEX_POINT('',#5688);
#5688 = CARTESIAN_POINT('',(197.79126297977,235.05975468458,-15.6735));
#5689 = VERTEX_POINT('',#5690);
#5690 = CARTESIAN_POINT('',(198.92944401769,261.00897369352,-15.6735));
#5691 = LINE('',#5692,#5693);
#5692 = CARTESIAN_POINT('',(197.73482237077,233.77297369352,-15.6735));
#5693 = VECTOR('',#5694,1.);
#5694 = DIRECTION('',(4.381972970542E-02,0.99903945432,0.));
#5695 = ORIENTED_EDGE('',*,*,#5696,.F.);
#5696 = EDGE_CURVE('',#5697,#5687,#5699,.T.);
#5697 = VERTEX_POINT('',#5698);
#5698 = CARTESIAN_POINT('',(197.79126297977,235.05975468458,15.6735));
#5699 = ELLIPSE('',#5700,29.636538901691,19.05);
#5700 = AXIS2_PLACEMENT_3D('',#5701,#5702,#5703);
#5701 = CARTESIAN_POINT('',(197.05310839488,218.23067886292,4.99E-14));
#5702 = DIRECTION('',(-0.99903945432,4.381972970542E-02,
    -1.54074395551E-33));
#5703 = DIRECTION('',(-4.381972970542E-02,-0.99903945432,-2.6E-16));
#5704 = ORIENTED_EDGE('',*,*,#5705,.T.);
#5705 = EDGE_CURVE('',#5697,#5706,#5708,.T.);
#5706 = VERTEX_POINT('',#5707);
#5707 = CARTESIAN_POINT('',(198.92944401769,261.00897369352,15.6735));
#5708 = LINE('',#5709,#5710);
#5709 = CARTESIAN_POINT('',(197.73482237077,233.77297369352,15.6735));
#5710 = VECTOR('',#5711,1.);
#5711 = DIRECTION('',(4.381972970542E-02,0.99903945432,0.));
#5712 = ORIENTED_EDGE('',*,*,#5713,.F.);
#5713 = EDGE_CURVE('',#5714,#5706,#5716,.T.);
#5714 = VERTEX_POINT('',#5715);
#5715 = CARTESIAN_POINT('',(198.92944401769,261.00897369352,12.5));
#5716 = LINE('',#5717,#5718);
#5717 = CARTESIAN_POINT('',(198.92944401769,261.00897369352,-15.6735));
#5718 = VECTOR('',#5719,1.);
#5719 = DIRECTION('',(0.,0.,1.));
#5720 = ORIENTED_EDGE('',*,*,#5721,.F.);
#5721 = EDGE_CURVE('',#5722,#5714,#5724,.T.);
#5722 = VERTEX_POINT('',#5723);
#5723 = CARTESIAN_POINT('',(198.48811631413,250.94720948133,12.5));
#5724 = LINE('',#5725,#5726);
#5725 = CARTESIAN_POINT('',(193.52763591414,137.85395981305,12.5));
#5726 = VECTOR('',#5727,1.);
#5727 = DIRECTION('',(4.381972970542E-02,0.99903945432,1.2E-16));
#5728 = ORIENTED_EDGE('',*,*,#5729,.F.);
#5729 = EDGE_CURVE('',#5730,#5722,#5732,.T.);
#5730 = VERTEX_POINT('',#5731);
#5731 = CARTESIAN_POINT('',(198.48811631413,250.94720948133,-12.5));
#5732 = LINE('',#5733,#5734);
#5733 = CARTESIAN_POINT('',(198.48811631413,250.94720948133,-14.08675));
#5734 = VECTOR('',#5735,1.);
#5735 = DIRECTION('',(0.,-9.E-17,1.));
#5736 = ORIENTED_EDGE('',*,*,#5737,.F.);
#5737 = EDGE_CURVE('',#5738,#5730,#5740,.T.);
#5738 = VERTEX_POINT('',#5739);
#5739 = CARTESIAN_POINT('',(198.92944401769,261.00897369352,-12.5));
#5740 = LINE('',#5741,#5742);
#5741 = CARTESIAN_POINT('',(193.9139385275,146.66121523535,-12.5));
#5742 = VECTOR('',#5743,1.);
#5743 = DIRECTION('',(-4.381972970542E-02,-0.99903945432,-1.2E-16));
#5744 = ORIENTED_EDGE('',*,*,#5745,.F.);
#5745 = EDGE_CURVE('',#5689,#5738,#5746,.T.);
#5746 = LINE('',#5747,#5748);
#5747 = CARTESIAN_POINT('',(198.92944401769,261.00897369352,-15.6735));
#5748 = VECTOR('',#5749,1.);
#5749 = DIRECTION('',(0.,0.,1.));
#5750 = PLANE('',#5751);
#5751 = AXIS2_PLACEMENT_3D('',#5752,#5753,#5754);
#5752 = CARTESIAN_POINT('',(197.73482237077,233.77297369352,-15.6735));
#5753 = DIRECTION('',(-0.99903945432,4.381972970542E-02,0.));
#5754 = DIRECTION('',(4.381972970542E-02,0.99903945432,0.));
#5755 = ADVANCED_FACE('',(#5756,#5791,#5802),#5838,.F.);
#5756 = FACE_BOUND('',#5757,.F.);
#5757 = EDGE_LOOP('',(#5758,#5759,#5767,#5775,#5784));
#5758 = ORIENTED_EDGE('',*,*,#5686,.F.);
#5759 = ORIENTED_EDGE('',*,*,#5760,.F.);
#5760 = EDGE_CURVE('',#5761,#5687,#5763,.T.);
#5761 = VERTEX_POINT('',#5762);
#5762 = CARTESIAN_POINT('',(247.22172837913,288.98192871954,-15.6735));
#5763 = LINE('',#5764,#5765);
#5764 = CARTESIAN_POINT('',(21.473457520596,42.720084915767,-15.6735));
#5765 = VECTOR('',#5766,1.);
#5766 = DIRECTION('',(-0.675738043265,-0.737141843124,-2.E-16));
#5767 = ORIENTED_EDGE('',*,*,#5768,.T.);
#5768 = EDGE_CURVE('',#5761,#5769,#5771,.T.);
#5769 = VERTEX_POINT('',#5770);
#5770 = CARTESIAN_POINT('',(196.95978687855,285.75242111211,-15.6735));
#5771 = LINE('',#5772,#5773);
#5772 = CARTESIAN_POINT('',(248.41517561564,289.05861192784,-15.6735));
#5773 = VECTOR('',#5774,1.);
#5774 = DIRECTION('',(-0.997942111211,-6.412131214424E-02,0.));
#5775 = ORIENTED_EDGE('',*,*,#5776,.T.);
#5776 = EDGE_CURVE('',#5769,#5777,#5779,.T.);
#5777 = VERTEX_POINT('',#5778);
#5778 = CARTESIAN_POINT('',(195.15649783072,266.07638156136,-15.6735));
#5779 = CIRCLE('',#5780,10.);
#5780 = AXIS2_PLACEMENT_3D('',#5781,#5782,#5783);
#5781 = CARTESIAN_POINT('',(197.601,275.773,-15.6735));
#5782 = DIRECTION('',(0.,0.,1.));
#5783 = DIRECTION('',(1.,0.,0.));
#5784 = ORIENTED_EDGE('',*,*,#5785,.F.);
#5785 = EDGE_CURVE('',#5689,#5777,#5786,.T.);
#5786 = CIRCLE('',#5787,5.);
#5787 = AXIS2_PLACEMENT_3D('',#5788,#5789,#5790);
#5788 = CARTESIAN_POINT('',(193.93424674609,261.22807234205,-15.6735));
#5789 = DIRECTION('',(0.,0.,1.));
#5790 = DIRECTION('',(1.,0.,0.));
#5791 = FACE_BOUND('',#5792,.F.);
#5792 = EDGE_LOOP('',(#5793));
#5793 = ORIENTED_EDGE('',*,*,#5794,.F.);
#5794 = EDGE_CURVE('',#5795,#5795,#5797,.T.);
#5795 = VERTEX_POINT('',#5796);
#5796 = CARTESIAN_POINT('',(201.601,275.773,-15.6735));
#5797 = CIRCLE('',#5798,4.);
#5798 = AXIS2_PLACEMENT_3D('',#5799,#5800,#5801);
#5799 = CARTESIAN_POINT('',(197.601,275.773,-15.6735));
#5800 = DIRECTION('',(0.,0.,1.));
#5801 = DIRECTION('',(1.,0.,0.));
#5802 = FACE_BOUND('',#5803,.F.);
#5803 = EDGE_LOOP('',(#5804,#5815,#5823,#5832));
#5804 = ORIENTED_EDGE('',*,*,#5805,.F.);
#5805 = EDGE_CURVE('',#5806,#5808,#5810,.T.);
#5806 = VERTEX_POINT('',#5807);
#5807 = CARTESIAN_POINT('',(220.20672403272,276.11923389716,-15.6735));
#5808 = VERTEX_POINT('',#5809);
#5809 = CARTESIAN_POINT('',(213.1861851188,282.55496302122,-15.6735));
#5810 = CIRCLE('',#5811,4.762);
#5811 = AXIS2_PLACEMENT_3D('',#5812,#5813,#5814);
#5812 = CARTESIAN_POINT('',(216.69645457576,279.33709845919,-15.6735));
#5813 = DIRECTION('',(0.,0.,1.));
#5814 = DIRECTION('',(1.,0.,0.));
#5815 = ORIENTED_EDGE('',*,*,#5816,.T.);
#5816 = EDGE_CURVE('',#5806,#5817,#5819,.T.);
#5817 = VERTEX_POINT('',#5818);
#5818 = CARTESIAN_POINT('',(208.78349005536,263.6579793734,-15.6735));
#5819 = LINE('',#5820,#5821);
#5820 = CARTESIAN_POINT('',(220.20672403272,276.11923389716,-15.6735));
#5821 = VECTOR('',#5822,1.);
#5822 = DIRECTION('',(-0.675738043265,-0.737141843124,0.));
#5823 = ORIENTED_EDGE('',*,*,#5824,.F.);
#5824 = EDGE_CURVE('',#5825,#5817,#5827,.T.);
#5825 = VERTEX_POINT('',#5826);
#5826 = CARTESIAN_POINT('',(201.76295114144,270.09370849746,-15.6735));
#5827 = CIRCLE('',#5828,4.762);
#5828 = AXIS2_PLACEMENT_3D('',#5829,#5830,#5831);
#5829 = CARTESIAN_POINT('',(205.2732205984,266.87584393543,-15.6735));
#5830 = DIRECTION('',(0.,0.,1.));
#5831 = DIRECTION('',(1.,0.,0.));
#5832 = ORIENTED_EDGE('',*,*,#5833,.F.);
#5833 = EDGE_CURVE('',#5808,#5825,#5834,.T.);
#5834 = LINE('',#5835,#5836);
#5835 = CARTESIAN_POINT('',(213.1861851188,282.55496302122,-15.6735));
#5836 = VECTOR('',#5837,1.);
#5837 = DIRECTION('',(-0.675738043265,-0.737141843124,0.));
#5838 = PLANE('',#5839);
#5839 = AXIS2_PLACEMENT_3D('',#5840,#5841,#5842);
#5840 = CARTESIAN_POINT('',(211.92913972692,270.30780346748,-15.6735));
#5841 = DIRECTION('',(0.,0.,1.));
#5842 = DIRECTION('',(1.,0.,0.));
#5843 = ADVANCED_FACE('',(#5844),#5863,.F.);
#5844 = FACE_BOUND('',#5845,.T.);
#5845 = EDGE_LOOP('',(#5846,#5847,#5848,#5857));
#5846 = ORIENTED_EDGE('',*,*,#5785,.F.);
#5847 = ORIENTED_EDGE('',*,*,#5745,.T.);
#5848 = ORIENTED_EDGE('',*,*,#5849,.F.);
#5849 = EDGE_CURVE('',#5850,#5738,#5852,.T.);
#5850 = VERTEX_POINT('',#5851);
#5851 = CARTESIAN_POINT('',(195.15649783072,266.07638156136,-12.5));
#5852 = CIRCLE('',#5853,5.);
#5853 = AXIS2_PLACEMENT_3D('',#5854,#5855,#5856);
#5854 = CARTESIAN_POINT('',(193.93424674609,261.22807234205,-12.5));
#5855 = DIRECTION('',(0.,0.,-1.));
#5856 = DIRECTION('',(1.,0.,0.));
#5857 = ORIENTED_EDGE('',*,*,#5858,.F.);
#5858 = EDGE_CURVE('',#5777,#5850,#5859,.T.);
#5859 = LINE('',#5860,#5861);
#5860 = CARTESIAN_POINT('',(195.15649783072,266.07638156136,-15.6735));
#5861 = VECTOR('',#5862,1.);
#5862 = DIRECTION('',(0.,0.,1.));
#5863 = CYLINDRICAL_SURFACE('',#5864,5.);
#5864 = AXIS2_PLACEMENT_3D('',#5865,#5866,#5867);
#5865 = CARTESIAN_POINT('',(193.93424674609,261.22807234205,-15.6735));
#5866 = DIRECTION('',(-0.,-0.,-1.));
#5867 = DIRECTION('',(1.,0.,0.));
#5868 = ADVANCED_FACE('',(#5869,#5905,#5916),#5952,.F.);
#5869 = FACE_BOUND('',#5870,.F.);
#5870 = EDGE_LOOP('',(#5871,#5880,#5889,#5897,#5903,#5904));
#5871 = ORIENTED_EDGE('',*,*,#5872,.T.);
#5872 = EDGE_CURVE('',#5850,#5873,#5875,.T.);
#5873 = VERTEX_POINT('',#5874);
#5874 = CARTESIAN_POINT('',(190.22958156875,282.53038043264,-12.5));
#5875 = CIRCLE('',#5876,10.);
#5876 = AXIS2_PLACEMENT_3D('',#5877,#5878,#5879);
#5877 = CARTESIAN_POINT('',(197.601,275.773,-12.5));
#5878 = DIRECTION('',(0.,0.,-1.));
#5879 = DIRECTION('',(1.,0.,0.));
#5880 = ORIENTED_EDGE('',*,*,#5881,.T.);
#5881 = EDGE_CURVE('',#5873,#5882,#5884,.T.);
#5882 = VERTEX_POINT('',#5883);
#5883 = CARTESIAN_POINT('',(196.95978687855,285.75242111211,-12.5));
#5884 = CIRCLE('',#5885,10.);
#5885 = AXIS2_PLACEMENT_3D('',#5886,#5887,#5888);
#5886 = CARTESIAN_POINT('',(197.601,275.773,-12.5));
#5887 = DIRECTION('',(0.,0.,-1.));
#5888 = DIRECTION('',(1.,0.,0.));
#5889 = ORIENTED_EDGE('',*,*,#5890,.T.);
#5890 = EDGE_CURVE('',#5882,#5891,#5893,.T.);
#5891 = VERTEX_POINT('',#5892);
#5892 = CARTESIAN_POINT('',(232.48663425358,288.0351467777,-12.5));
#5893 = LINE('',#5894,#5895);
#5894 = CARTESIAN_POINT('',(114.52308714547,280.4555714288,-12.5));
#5895 = VECTOR('',#5896,1.);
#5896 = DIRECTION('',(0.997942111211,6.412131214424E-02,4.E-17));
#5897 = ORIENTED_EDGE('',*,*,#5898,.F.);
#5898 = EDGE_CURVE('',#5730,#5891,#5899,.T.);
#5899 = LINE('',#5900,#5901);
#5900 = CARTESIAN_POINT('',(13.938336202235,49.627531810726,-12.5));
#5901 = VECTOR('',#5902,1.);
#5902 = DIRECTION('',(0.675738043265,0.737141843124,1.1E-16));
#5903 = ORIENTED_EDGE('',*,*,#5737,.F.);
#5904 = ORIENTED_EDGE('',*,*,#5849,.F.);
#5905 = FACE_BOUND('',#5906,.F.);
#5906 = EDGE_LOOP('',(#5907));
#5907 = ORIENTED_EDGE('',*,*,#5908,.F.);
#5908 = EDGE_CURVE('',#5909,#5909,#5911,.T.);
#5909 = VERTEX_POINT('',#5910);
#5910 = CARTESIAN_POINT('',(201.601,275.773,-12.5));
#5911 = CIRCLE('',#5912,4.);
#5912 = AXIS2_PLACEMENT_3D('',#5913,#5914,#5915);
#5913 = CARTESIAN_POINT('',(197.601,275.773,-12.5));
#5914 = DIRECTION('',(0.,0.,-1.));
#5915 = DIRECTION('',(1.,0.,0.));
#5916 = FACE_BOUND('',#5917,.F.);
#5917 = EDGE_LOOP('',(#5918,#5929,#5937,#5946));
#5918 = ORIENTED_EDGE('',*,*,#5919,.F.);
#5919 = EDGE_CURVE('',#5920,#5922,#5924,.T.);
#5920 = VERTEX_POINT('',#5921);
#5921 = CARTESIAN_POINT('',(213.1861851188,282.55496302122,-12.5));
#5922 = VERTEX_POINT('',#5923);
#5923 = CARTESIAN_POINT('',(220.20672403272,276.11923389716,-12.5));
#5924 = CIRCLE('',#5925,4.762);
#5925 = AXIS2_PLACEMENT_3D('',#5926,#5927,#5928);
#5926 = CARTESIAN_POINT('',(216.69645457576,279.33709845919,-12.5));
#5927 = DIRECTION('',(0.,0.,-1.));
#5928 = DIRECTION('',(1.,0.,0.));
#5929 = ORIENTED_EDGE('',*,*,#5930,.F.);
#5930 = EDGE_CURVE('',#5931,#5920,#5933,.T.);
#5931 = VERTEX_POINT('',#5932);
#5932 = CARTESIAN_POINT('',(201.76295114144,270.09370849746,-12.5));
#5933 = LINE('',#5934,#5935);
#5934 = CARTESIAN_POINT('',(109.683420282,169.64698099963,-12.5));
#5935 = VECTOR('',#5936,1.);
#5936 = DIRECTION('',(0.675738043265,0.737141843124,1.1E-16));
#5937 = ORIENTED_EDGE('',*,*,#5938,.F.);
#5938 = EDGE_CURVE('',#5939,#5931,#5941,.T.);
#5939 = VERTEX_POINT('',#5940);
#5940 = CARTESIAN_POINT('',(208.78349005536,263.6579793734,-12.5));
#5941 = CIRCLE('',#5942,4.762);
#5942 = AXIS2_PLACEMENT_3D('',#5943,#5944,#5945);
#5943 = CARTESIAN_POINT('',(205.2732205984,266.87584393543,-12.5));
#5944 = DIRECTION('',(0.,0.,-1.));
#5945 = DIRECTION('',(1.,0.,0.));
#5946 = ORIENTED_EDGE('',*,*,#5947,.T.);
#5947 = EDGE_CURVE('',#5939,#5922,#5948,.T.);
#5948 = LINE('',#5949,#5950);
#5949 = CARTESIAN_POINT('',(116.70395919591,163.21125187557,-12.5));
#5950 = VECTOR('',#5951,1.);
#5951 = DIRECTION('',(0.675738043265,0.737141843124,1.1E-16));
#5952 = PLANE('',#5953);
#5953 = AXIS2_PLACEMENT_3D('',#5954,#5955,#5956);
#5954 = CARTESIAN_POINT('',(-6.2812151519,68.162797709931,-12.5));
#5955 = DIRECTION('',(3.E-17,1.2E-16,-1.));
#5956 = DIRECTION('',(0.737141843124,-0.675738043265,-5.897430989806E-17
    ));
#5957 = ADVANCED_FACE('',(#5958),#5976,.F.);
#5958 = FACE_BOUND('',#5959,.F.);
#5959 = EDGE_LOOP('',(#5960,#5961,#5962,#5970));
#5960 = ORIENTED_EDGE('',*,*,#5729,.F.);
#5961 = ORIENTED_EDGE('',*,*,#5898,.T.);
#5962 = ORIENTED_EDGE('',*,*,#5963,.T.);
#5963 = EDGE_CURVE('',#5891,#5964,#5966,.T.);
#5964 = VERTEX_POINT('',#5965);
#5965 = CARTESIAN_POINT('',(232.48663425358,288.0351467777,12.5));
#5966 = LINE('',#5967,#5968);
#5967 = CARTESIAN_POINT('',(232.48663425358,288.0351467777,-14.08675));
#5968 = VECTOR('',#5969,1.);
#5969 = DIRECTION('',(8.E-17,1.E-17,1.));
#5970 = ORIENTED_EDGE('',*,*,#5971,.F.);
#5971 = EDGE_CURVE('',#5722,#5964,#5972,.T.);
#5972 = LINE('',#5973,#5974);
#5973 = CARTESIAN_POINT('',(13.938336202235,49.627531810726,12.5));
#5974 = VECTOR('',#5975,1.);
#5975 = DIRECTION('',(0.675738043265,0.737141843124,1.1E-16));
#5976 = PLANE('',#5977);
#5977 = AXIS2_PLACEMENT_3D('',#5978,#5979,#5980);
#5978 = CARTESIAN_POINT('',(13.938336202235,49.627531810726,-12.5));
#5979 = DIRECTION('',(0.737141843124,-0.675738043265,-6.E-17));
#5980 = DIRECTION('',(-9.607548919356E-17,-1.935975996721E-16,1.));
#5981 = ADVANCED_FACE('',(#5982,#6019,#6055),#6066,.F.);
#5982 = FACE_BOUND('',#5983,.F.);
#5983 = EDGE_LOOP('',(#5984,#5985,#5986,#5994,#6003,#6012));
#5984 = ORIENTED_EDGE('',*,*,#5721,.F.);
#5985 = ORIENTED_EDGE('',*,*,#5971,.T.);
#5986 = ORIENTED_EDGE('',*,*,#5987,.T.);
#5987 = EDGE_CURVE('',#5964,#5988,#5990,.T.);
#5988 = VERTEX_POINT('',#5989);
#5989 = CARTESIAN_POINT('',(196.95978687855,285.75242111211,12.5));
#5990 = LINE('',#5991,#5992);
#5991 = CARTESIAN_POINT('',(123.99826616939,281.06438521168,12.5));
#5992 = VECTOR('',#5993,1.);
#5993 = DIRECTION('',(-0.997942111211,-6.412131214424E-02,-4.E-17));
#5994 = ORIENTED_EDGE('',*,*,#5995,.F.);
#5995 = EDGE_CURVE('',#5996,#5988,#5998,.T.);
#5996 = VERTEX_POINT('',#5997);
#5997 = CARTESIAN_POINT('',(190.22958156875,282.53038043264,12.5));
#5998 = CIRCLE('',#5999,10.);
#5999 = AXIS2_PLACEMENT_3D('',#6000,#6001,#6002);
#6000 = CARTESIAN_POINT('',(197.601,275.773,12.5));
#6001 = DIRECTION('',(0.,0.,-1.));
#6002 = DIRECTION('',(1.,0.,0.));
#6003 = ORIENTED_EDGE('',*,*,#6004,.F.);
#6004 = EDGE_CURVE('',#6005,#5996,#6007,.T.);
#6005 = VERTEX_POINT('',#6006);
#6006 = CARTESIAN_POINT('',(195.15649783072,266.07638156136,12.5));
#6007 = CIRCLE('',#6008,10.);
#6008 = AXIS2_PLACEMENT_3D('',#6009,#6010,#6011);
#6009 = CARTESIAN_POINT('',(197.601,275.773,12.5));
#6010 = DIRECTION('',(0.,0.,-1.));
#6011 = DIRECTION('',(1.,0.,0.));
#6012 = ORIENTED_EDGE('',*,*,#6013,.T.);
#6013 = EDGE_CURVE('',#6005,#5714,#6014,.T.);
#6014 = CIRCLE('',#6015,5.);
#6015 = AXIS2_PLACEMENT_3D('',#6016,#6017,#6018);
#6016 = CARTESIAN_POINT('',(193.93424674609,261.22807234205,12.5));
#6017 = DIRECTION('',(0.,0.,-1.));
#6018 = DIRECTION('',(1.,0.,0.));
#6019 = FACE_BOUND('',#6020,.F.);
#6020 = EDGE_LOOP('',(#6021,#6031,#6040,#6048));
#6021 = ORIENTED_EDGE('',*,*,#6022,.F.);
#6022 = EDGE_CURVE('',#6023,#6025,#6027,.T.);
#6023 = VERTEX_POINT('',#6024);
#6024 = CARTESIAN_POINT('',(213.1861851188,282.55496302122,12.5));
#6025 = VERTEX_POINT('',#6026);
#6026 = CARTESIAN_POINT('',(201.76295114144,270.09370849746,12.5));
#6027 = LINE('',#6028,#6029);
#6028 = CARTESIAN_POINT('',(109.683420282,169.64698099963,12.5));
#6029 = VECTOR('',#6030,1.);
#6030 = DIRECTION('',(-0.675738043265,-0.737141843124,-1.1E-16));
#6031 = ORIENTED_EDGE('',*,*,#6032,.T.);
#6032 = EDGE_CURVE('',#6023,#6033,#6035,.T.);
#6033 = VERTEX_POINT('',#6034);
#6034 = CARTESIAN_POINT('',(220.20672403272,276.11923389716,12.5));
#6035 = CIRCLE('',#6036,4.762);
#6036 = AXIS2_PLACEMENT_3D('',#6037,#6038,#6039);
#6037 = CARTESIAN_POINT('',(216.69645457576,279.33709845919,12.5));
#6038 = DIRECTION('',(0.,0.,-1.));
#6039 = DIRECTION('',(1.,0.,0.));
#6040 = ORIENTED_EDGE('',*,*,#6041,.T.);
#6041 = EDGE_CURVE('',#6033,#6042,#6044,.T.);
#6042 = VERTEX_POINT('',#6043);
#6043 = CARTESIAN_POINT('',(208.78349005536,263.6579793734,12.5));
#6044 = LINE('',#6045,#6046);
#6045 = CARTESIAN_POINT('',(116.70395919591,163.21125187557,12.5));
#6046 = VECTOR('',#6047,1.);
#6047 = DIRECTION('',(-0.675738043265,-0.737141843124,-1.1E-16));
#6048 = ORIENTED_EDGE('',*,*,#6049,.T.);
#6049 = EDGE_CURVE('',#6042,#6025,#6050,.T.);
#6050 = CIRCLE('',#6051,4.762);
#6051 = AXIS2_PLACEMENT_3D('',#6052,#6053,#6054);
#6052 = CARTESIAN_POINT('',(205.2732205984,266.87584393543,12.5));
#6053 = DIRECTION('',(0.,0.,-1.));
#6054 = DIRECTION('',(1.,0.,0.));
#6055 = FACE_BOUND('',#6056,.F.);
#6056 = EDGE_LOOP('',(#6057));
#6057 = ORIENTED_EDGE('',*,*,#6058,.T.);
#6058 = EDGE_CURVE('',#6059,#6059,#6061,.T.);
#6059 = VERTEX_POINT('',#6060);
#6060 = CARTESIAN_POINT('',(201.601,275.773,12.5));
#6061 = CIRCLE('',#6062,4.);
#6062 = AXIS2_PLACEMENT_3D('',#6063,#6064,#6065);
#6063 = CARTESIAN_POINT('',(197.601,275.773,12.5));
#6064 = DIRECTION('',(0.,0.,-1.));
#6065 = DIRECTION('',(1.,0.,0.));
#6066 = PLANE('',#6067);
#6067 = AXIS2_PLACEMENT_3D('',#6068,#6069,#6070);
#6068 = CARTESIAN_POINT('',(13.938336202235,49.627531810726,12.5));
#6069 = DIRECTION('',(-3.E-17,-1.2E-16,1.));
#6070 = DIRECTION('',(-0.737141843124,0.675738043265,5.897430989806E-17)
  );
#6071 = ADVANCED_FACE('',(#6072),#6091,.F.);
#6072 = FACE_BOUND('',#6073,.T.);
#6073 = EDGE_LOOP('',(#6074,#6075,#6076,#6085));
#6074 = ORIENTED_EDGE('',*,*,#6013,.T.);
#6075 = ORIENTED_EDGE('',*,*,#5713,.T.);
#6076 = ORIENTED_EDGE('',*,*,#6077,.T.);
#6077 = EDGE_CURVE('',#5706,#6078,#6080,.T.);
#6078 = VERTEX_POINT('',#6079);
#6079 = CARTESIAN_POINT('',(195.15649783072,266.07638156136,15.6735));
#6080 = CIRCLE('',#6081,5.);
#6081 = AXIS2_PLACEMENT_3D('',#6082,#6083,#6084);
#6082 = CARTESIAN_POINT('',(193.93424674609,261.22807234205,15.6735));
#6083 = DIRECTION('',(0.,0.,1.));
#6084 = DIRECTION('',(1.,0.,0.));
#6085 = ORIENTED_EDGE('',*,*,#6086,.F.);
#6086 = EDGE_CURVE('',#6005,#6078,#6087,.T.);
#6087 = LINE('',#6088,#6089);
#6088 = CARTESIAN_POINT('',(195.15649783072,266.07638156136,-15.6735));
#6089 = VECTOR('',#6090,1.);
#6090 = DIRECTION('',(0.,0.,1.));
#6091 = CYLINDRICAL_SURFACE('',#6092,5.);
#6092 = AXIS2_PLACEMENT_3D('',#6093,#6094,#6095);
#6093 = CARTESIAN_POINT('',(193.93424674609,261.22807234205,-15.6735));
#6094 = DIRECTION('',(-0.,-0.,-1.));
#6095 = DIRECTION('',(1.,0.,0.));
#6096 = ADVANCED_FACE('',(#6097,#6124,#6135),#6171,.T.);
#6097 = FACE_BOUND('',#6098,.T.);
#6098 = EDGE_LOOP('',(#6099,#6100,#6108,#6116,#6123));
#6099 = ORIENTED_EDGE('',*,*,#5705,.F.);
#6100 = ORIENTED_EDGE('',*,*,#6101,.F.);
#6101 = EDGE_CURVE('',#6102,#5697,#6104,.T.);
#6102 = VERTEX_POINT('',#6103);
#6103 = CARTESIAN_POINT('',(247.22172837913,288.98192871954,15.6735));
#6104 = LINE('',#6105,#6106);
#6105 = CARTESIAN_POINT('',(21.473457520596,42.720084915767,15.6735));
#6106 = VECTOR('',#6107,1.);
#6107 = DIRECTION('',(-0.675738043265,-0.737141843124,-2.E-16));
#6108 = ORIENTED_EDGE('',*,*,#6109,.T.);
#6109 = EDGE_CURVE('',#6102,#6110,#6112,.T.);
#6110 = VERTEX_POINT('',#6111);
#6111 = CARTESIAN_POINT('',(196.95978687855,285.75242111211,15.6735));
#6112 = LINE('',#6113,#6114);
#6113 = CARTESIAN_POINT('',(248.41517561564,289.05861192784,15.6735));
#6114 = VECTOR('',#6115,1.);
#6115 = DIRECTION('',(-0.997942111211,-6.412131214424E-02,0.));
#6116 = ORIENTED_EDGE('',*,*,#6117,.T.);
#6117 = EDGE_CURVE('',#6110,#6078,#6118,.T.);
#6118 = CIRCLE('',#6119,10.);
#6119 = AXIS2_PLACEMENT_3D('',#6120,#6121,#6122);
#6120 = CARTESIAN_POINT('',(197.601,275.773,15.6735));
#6121 = DIRECTION('',(0.,0.,1.));
#6122 = DIRECTION('',(1.,0.,0.));
#6123 = ORIENTED_EDGE('',*,*,#6077,.F.);
#6124 = FACE_BOUND('',#6125,.T.);
#6125 = EDGE_LOOP('',(#6126));
#6126 = ORIENTED_EDGE('',*,*,#6127,.F.);
#6127 = EDGE_CURVE('',#6128,#6128,#6130,.T.);
#6128 = VERTEX_POINT('',#6129);
#6129 = CARTESIAN_POINT('',(201.601,275.773,15.6735));
#6130 = CIRCLE('',#6131,4.);
#6131 = AXIS2_PLACEMENT_3D('',#6132,#6133,#6134);
#6132 = CARTESIAN_POINT('',(197.601,275.773,15.6735));
#6133 = DIRECTION('',(0.,0.,1.));
#6134 = DIRECTION('',(1.,0.,0.));
#6135 = FACE_BOUND('',#6136,.T.);
#6136 = EDGE_LOOP('',(#6137,#6148,#6156,#6165));
#6137 = ORIENTED_EDGE('',*,*,#6138,.F.);
#6138 = EDGE_CURVE('',#6139,#6141,#6143,.T.);
#6139 = VERTEX_POINT('',#6140);
#6140 = CARTESIAN_POINT('',(220.20672403272,276.11923389716,15.6735));
#6141 = VERTEX_POINT('',#6142);
#6142 = CARTESIAN_POINT('',(213.1861851188,282.55496302122,15.6735));
#6143 = CIRCLE('',#6144,4.762);
#6144 = AXIS2_PLACEMENT_3D('',#6145,#6146,#6147);
#6145 = CARTESIAN_POINT('',(216.69645457576,279.33709845919,15.6735));
#6146 = DIRECTION('',(0.,0.,1.));
#6147 = DIRECTION('',(1.,0.,0.));
#6148 = ORIENTED_EDGE('',*,*,#6149,.T.);
#6149 = EDGE_CURVE('',#6139,#6150,#6152,.T.);
#6150 = VERTEX_POINT('',#6151);
#6151 = CARTESIAN_POINT('',(208.78349005536,263.6579793734,15.6735));
#6152 = LINE('',#6153,#6154);
#6153 = CARTESIAN_POINT('',(220.20672403272,276.11923389716,15.6735));
#6154 = VECTOR('',#6155,1.);
#6155 = DIRECTION('',(-0.675738043265,-0.737141843124,0.));
#6156 = ORIENTED_EDGE('',*,*,#6157,.F.);
#6157 = EDGE_CURVE('',#6158,#6150,#6160,.T.);
#6158 = VERTEX_POINT('',#6159);
#6159 = CARTESIAN_POINT('',(201.76295114144,270.09370849746,15.6735));
#6160 = CIRCLE('',#6161,4.762);
#6161 = AXIS2_PLACEMENT_3D('',#6162,#6163,#6164);
#6162 = CARTESIAN_POINT('',(205.2732205984,266.87584393543,15.6735));
#6163 = DIRECTION('',(0.,0.,1.));
#6164 = DIRECTION('',(1.,0.,0.));
#6165 = ORIENTED_EDGE('',*,*,#6166,.F.);
#6166 = EDGE_CURVE('',#6141,#6158,#6167,.T.);
#6167 = LINE('',#6168,#6169);
#6168 = CARTESIAN_POINT('',(213.1861851188,282.55496302122,15.6735));
#6169 = VECTOR('',#6170,1.);
#6170 = DIRECTION('',(-0.675738043265,-0.737141843124,0.));
#6171 = PLANE('',#6172);
#6172 = AXIS2_PLACEMENT_3D('',#6173,#6174,#6175);
#6173 = CARTESIAN_POINT('',(211.92913972692,270.30780346748,15.6735));
#6174 = DIRECTION('',(0.,0.,1.));
#6175 = DIRECTION('',(1.,0.,0.));
#6176 = ADVANCED_FACE('',(#6177,#6189,#6257),#6325,.F.);
#6177 = FACE_BOUND('',#6178,.F.);
#6178 = EDGE_LOOP('',(#6179,#6180,#6187,#6188));
#6179 = ORIENTED_EDGE('',*,*,#6101,.F.);
#6180 = ORIENTED_EDGE('',*,*,#6181,.T.);
#6181 = EDGE_CURVE('',#6102,#5761,#6182,.T.);
#6182 = ELLIPSE('',#6183,27.517144231397,19.05);
#6183 = AXIS2_PLACEMENT_3D('',#6184,#6185,#6186);
#6184 = CARTESIAN_POINT('',(262.83014517405,289.98482473339,6.948E-14));
#6185 = DIRECTION('',(6.412131214424E-02,-0.997942111211,
    -3.08148791102E-33));
#6186 = DIRECTION('',(-0.997942111211,-6.412131214424E-02,-2.8E-16));
#6187 = ORIENTED_EDGE('',*,*,#5760,.T.);
#6188 = ORIENTED_EDGE('',*,*,#5696,.F.);
#6189 = FACE_BOUND('',#6190,.F.);
#6190 = EDGE_LOOP('',(#6191,#6220,#6229,#6251));
#6191 = ORIENTED_EDGE('',*,*,#6192,.F.);
#6192 = EDGE_CURVE('',#6193,#6195,#6197,.T.);
#6193 = VERTEX_POINT('',#6194);
#6194 = CARTESIAN_POINT('',(203.51413021845,252.29502551104,
    5.442898838442));
#6195 = VERTEX_POINT('',#6196);
#6196 = CARTESIAN_POINT('',(208.19315678817,254.41432440931,9.96));
#6197 = B_SPLINE_CURVE_WITH_KNOTS('',6,(#6198,#6199,#6200,#6201,#6202,
    #6203,#6204,#6205,#6206,#6207,#6208,#6209,#6210,#6211,#6212,#6213,
    #6214,#6215,#6216,#6217,#6218,#6219),.UNSPECIFIED.,.F.,.F.,(7,5,5,5,
    7),(0.,0.198215886107,0.48057330268,0.697993338804,1.),
  .UNSPECIFIED.);
#6198 = CARTESIAN_POINT('',(203.51371418348,252.29530363033,
    5.441239595905));
#6199 = CARTESIAN_POINT('',(203.5847011141,252.24779257657,
    5.724526356373));
#6200 = CARTESIAN_POINT('',(203.67235532823,252.21221206517,
    6.002715650049));
#6201 = CARTESIAN_POINT('',(203.77523829369,252.18826108247,
    6.273830661654));
#6202 = CARTESIAN_POINT('',(203.89156596307,252.17556991845,
    6.536068259487));
#6203 = CARTESIAN_POINT('',(204.01925871779,252.17366089422,
    6.787853068928));
#6204 = CARTESIAN_POINT('',(204.3508331585,252.19355805296,
    7.369772205577));
#6205 = CARTESIAN_POINT('',(204.56449417154,252.22580170808,
    7.688580135663));
#6206 = CARTESIAN_POINT('',(204.79232534606,252.27695927539,
    7.983457733389));
#6207 = CARTESIAN_POINT('',(205.03035188609,252.34586495775,
    8.254169896668));
#6208 = CARTESIAN_POINT('',(205.2752592691,252.43163665823,
    8.500751494946));
#6209 = CARTESIAN_POINT('',(205.71599229115,252.61215037191,
    8.894665753766));
#6210 = CARTESIAN_POINT('',(205.91028395388,252.70034641351,
    9.051899346335));
#6211 = CARTESIAN_POINT('',(206.10583056549,252.79792033616,
    9.194976709883));
#6212 = CARTESIAN_POINT('',(206.30148502664,252.90463838127,
    9.323896420776));
#6213 = CARTESIAN_POINT('',(206.49623425933,253.02029837807,
    9.438648474115));
#6214 = CARTESIAN_POINT('',(206.95718434042,253.31751518534,
    9.678830864222));
#6215 = CARTESIAN_POINT('',(207.22180890696,253.50726928993,
    9.791100425961));
#6216 = CARTESIAN_POINT('',(207.48003396062,253.71308836532,
    9.875510895228));
#6217 = CARTESIAN_POINT('',(207.72930350176,253.93387869618,
    9.931842487167));
#6218 = CARTESIAN_POINT('',(207.96755337568,254.16822058705,9.96));
#6219 = CARTESIAN_POINT('',(208.19315678817,254.41432440931,9.96));
#6220 = ORIENTED_EDGE('',*,*,#6221,.F.);
#6221 = EDGE_CURVE('',#6222,#6193,#6224,.T.);
#6222 = VERTEX_POINT('',#6223);
#6223 = CARTESIAN_POINT('',(234.42258339464,285.33769564153,
    6.786514947099));
#6224 = ELLIPSE('',#6225,1.891329190886E+03,19.05);
#6225 = AXIS2_PLACEMENT_3D('',#6226,#6227,#6228);
#6226 = CARTESIAN_POINT('',(1.441676010495E+03,1.575951513427E+03,
    4.2046E-13));
#6227 = DIRECTION('',(0.730298226556,-0.683128465436,0.));
#6228 = DIRECTION('',(-0.683128465436,-0.730298226556,-2.E-16));
#6229 = ORIENTED_EDGE('',*,*,#6230,.F.);
#6230 = EDGE_CURVE('',#6231,#6222,#6233,.T.);
#6231 = VERTEX_POINT('',#6232);
#6232 = CARTESIAN_POINT('',(232.53497930814,280.96806974927,9.96));
#6233 = B_SPLINE_CURVE_WITH_KNOTS('',6,(#6234,#6235,#6236,#6237,#6238,
    #6239,#6240,#6241,#6242,#6243,#6244,#6245,#6246,#6247,#6248,#6249,
    #6250),.UNSPECIFIED.,.F.,.F.,(7,5,5,7),(0.,0.400563387891,
    0.734936806578,1.),.UNSPECIFIED.);
#6234 = CARTESIAN_POINT('',(232.53497930814,280.96806974927,9.96));
#6235 = CARTESIAN_POINT('',(232.78635668526,281.24228959663,9.96));
#6236 = CARTESIAN_POINT('',(233.02157195078,281.53060929965,
    9.925041479386));
#6237 = CARTESIAN_POINT('',(233.23860016921,281.83058413469,
    9.855384111488));
#6238 = CARTESIAN_POINT('',(233.43600008938,282.13919788923,
    9.751352760804));
#6239 = CARTESIAN_POINT('',(233.61282640561,282.45277287683,
    9.613391234325));
#6240 = CARTESIAN_POINT('',(233.89831712136,283.02931557481,
    9.299485371353));
#6241 = CARTESIAN_POINT('',(234.01348139698,283.29221459032,
    9.133513316041));
#6242 = CARTESIAN_POINT('',(234.11382382779,283.55382303202,
    8.944474021484));
#6243 = CARTESIAN_POINT('',(234.19915706232,283.81195797224,
    8.732268573933));
#6244 = CARTESIAN_POINT('',(234.2691421551,284.06398874871,8.4967400136)
  );
#6245 = CARTESIAN_POINT('',(234.36604738051,284.49911474675,
    8.032599455595));
#6246 = CARTESIAN_POINT('',(234.39893342499,284.6858787706,
    7.812451191065));
#6247 = CARTESIAN_POINT('',(234.42150137699,284.8652744956,
    7.577416385547));
#6248 = CARTESIAN_POINT('',(234.43332800771,285.03534302891,
    7.327622192574));
#6249 = CARTESIAN_POINT('',(234.43389669045,285.19386601063,
    7.063368462286));
#6250 = CARTESIAN_POINT('',(234.42253105215,285.33836256613,
    6.785231567525));
#6251 = ORIENTED_EDGE('',*,*,#6252,.T.);
#6252 = EDGE_CURVE('',#6231,#6195,#6253,.T.);
#6253 = LINE('',#6254,#6255);
#6254 = CARTESIAN_POINT('',(17.484821412455,46.376468262,9.96));
#6255 = VECTOR('',#6256,1.);
#6256 = DIRECTION('',(-0.675738043265,-0.737141843124,-2.E-16));
#6257 = FACE_BOUND('',#6258,.F.);
#6258 = EDGE_LOOP('',(#6259,#6283,#6292,#6319));
#6259 = ORIENTED_EDGE('',*,*,#6260,.F.);
#6260 = EDGE_CURVE('',#6261,#6263,#6265,.T.);
#6261 = VERTEX_POINT('',#6262);
#6262 = CARTESIAN_POINT('',(234.42258339464,285.33769564153,
    -6.786514947099));
#6263 = VERTEX_POINT('',#6264);
#6264 = CARTESIAN_POINT('',(232.53497930814,280.96806974927,-9.96));
#6265 = B_SPLINE_CURVE_WITH_KNOTS('',6,(#6266,#6267,#6268,#6269,#6270,
    #6271,#6272,#6273,#6274,#6275,#6276,#6277,#6278,#6279,#6280,#6281,
    #6282),.UNSPECIFIED.,.F.,.F.,(7,5,5,7),(0.,0.352678832048,
    0.599362236802,1.),.UNSPECIFIED.);
#6266 = CARTESIAN_POINT('',(234.42253105215,285.33836256613,
    -6.785231567525));
#6267 = CARTESIAN_POINT('',(234.43766211493,285.14599444796,
    -7.155514934171));
#6268 = CARTESIAN_POINT('',(234.43163237646,284.92888422267,
    -7.500965860157));
#6269 = CARTESIAN_POINT('',(234.40608984079,284.6928700914,
    -7.820419795471));
#6270 = CARTESIAN_POINT('',(234.36212741381,284.44285741968,
    -8.11355009751));
#6271 = CARTESIAN_POINT('',(234.30054490493,284.18287908386,
    -8.380409832522));
#6272 = CARTESIAN_POINT('',(234.16687961396,283.72979409255,
    -8.789547896999));
#6273 = CARTESIAN_POINT('',(234.10346935185,283.53991638222,
    -8.945304787599));
#6274 = CARTESIAN_POINT('',(234.03182385367,283.3477681156,
    -9.088444697319));
#6275 = CARTESIAN_POINT('',(233.95205382046,283.15433555063,
    -9.2189936486));
#6276 = CARTESIAN_POINT('',(233.86423560765,282.96048865055,
    -9.336959048721));
#6277 = CARTESIAN_POINT('',(233.61282640561,282.45277287683,
    -9.613391234325));
#6278 = CARTESIAN_POINT('',(233.43600008938,282.13919788923,
    -9.751352760805));
#6279 = CARTESIAN_POINT('',(233.23860016921,281.83058413469,
    -9.855384111488));
#6280 = CARTESIAN_POINT('',(233.02157195078,281.53060929965,
    -9.925041479387));
#6281 = CARTESIAN_POINT('',(232.78635668526,281.24228959663,-9.96));
#6282 = CARTESIAN_POINT('',(232.53497930814,280.96806974927,-9.96));
#6283 = ORIENTED_EDGE('',*,*,#6284,.F.);
#6284 = EDGE_CURVE('',#6285,#6261,#6287,.T.);
#6285 = VERTEX_POINT('',#6286);
#6286 = CARTESIAN_POINT('',(203.51413021845,252.29502551104,
    -5.442898838442));
#6287 = ELLIPSE('',#6288,1.891329190886E+03,19.05);
#6288 = AXIS2_PLACEMENT_3D('',#6289,#6290,#6291);
#6289 = CARTESIAN_POINT('',(1.441676010495E+03,1.575951513427E+03,
    4.2046E-13));
#6290 = DIRECTION('',(0.730298226556,-0.683128465436,0.));
#6291 = DIRECTION('',(-0.683128465436,-0.730298226556,-2.E-16));
#6292 = ORIENTED_EDGE('',*,*,#6293,.F.);
#6293 = EDGE_CURVE('',#6294,#6285,#6296,.T.);
#6294 = VERTEX_POINT('',#6295);
#6295 = CARTESIAN_POINT('',(208.19315678817,254.41432440931,-9.96));
#6296 = B_SPLINE_CURVE_WITH_KNOTS('',6,(#6297,#6298,#6299,#6300,#6301,
    #6302,#6303,#6304,#6305,#6306,#6307,#6308,#6309,#6310,#6311,#6312,
    #6313,#6314,#6315,#6316,#6317,#6318),.UNSPECIFIED.,.F.,.F.,(7,5,5,5,
    7),(0.,0.301926617232,0.592827247582,0.801719806091,1.),
  .UNSPECIFIED.);
#6297 = CARTESIAN_POINT('',(208.19315678817,254.41432440931,-9.96));
#6298 = CARTESIAN_POINT('',(207.96755337568,254.16822058705,-9.96));
#6299 = CARTESIAN_POINT('',(207.72930350176,253.93387869618,
    -9.931842487167));
#6300 = CARTESIAN_POINT('',(207.48003396062,253.71308836532,
    -9.875510895229));
#6301 = CARTESIAN_POINT('',(207.22180890696,253.50726928993,
    -9.791100425961));
#6302 = CARTESIAN_POINT('',(206.95718434042,253.31751518534,
    -9.678830864222));
#6303 = CARTESIAN_POINT('',(206.43095760931,252.97820853298,
    -9.404635459553));
#6304 = CARTESIAN_POINT('',(206.16959406868,252.82743847001,
    -9.244670805384));
#6305 = CARTESIAN_POINT('',(205.90718256154,252.69279422133,
    -9.059405259902));
#6306 = CARTESIAN_POINT('',(205.6461659848,252.57473532237,
    -8.848787474041));
#6307 = CARTESIAN_POINT('',(205.38946412851,252.47386991087,
    -8.612732803447));
#6308 = CARTESIAN_POINT('',(204.961858124,252.33162171533,
    -8.163566415577));
#6309 = CARTESIAN_POINT('',(204.78701539229,252.28143526975,
    -7.962586344684));
#6310 = CARTESIAN_POINT('',(204.61739617853,252.24088504225,
    -7.748378030831));
#6311 = CARTESIAN_POINT('',(204.45452042519,252.21040257982,
    -7.521022558568));
#6312 = CARTESIAN_POINT('',(204.30009389666,252.19051328526,
    -7.280723883941));
#6313 = CARTESIAN_POINT('',(204.01926346077,252.17366117884,
    -6.787861392954));
#6314 = CARTESIAN_POINT('',(203.891566902,252.1755693104,-6.536071824893
    ));
#6315 = CARTESIAN_POINT('',(203.77523368609,252.18826084048,
    -6.273822612812));
#6316 = CARTESIAN_POINT('',(203.67234826047,252.21221370253,
    -6.002697040901));
#6317 = CARTESIAN_POINT('',(203.5846963543,252.24779576227,
    -5.724507361455));
#6318 = CARTESIAN_POINT('',(203.51371418348,252.29530363033,
    -5.441239595904));
#6319 = ORIENTED_EDGE('',*,*,#6320,.F.);
#6320 = EDGE_CURVE('',#6263,#6294,#6321,.T.);
#6321 = LINE('',#6322,#6323);
#6322 = CARTESIAN_POINT('',(17.484821412455,46.376468262,-9.96));
#6323 = VECTOR('',#6324,1.);
#6324 = DIRECTION('',(-0.675738043265,-0.737141843124,-2.E-16));
#6325 = CYLINDRICAL_SURFACE('',#6326,19.05);
#6326 = AXIS2_PLACEMENT_3D('',#6327,#6328,#6329);
#6327 = CARTESIAN_POINT('',(29.455172,35.403246,0.));
#6328 = DIRECTION('',(-0.675738043265,-0.737141843124,-2.E-16));
#6329 = DIRECTION('',(0.737141843124,-0.675738043265,-6.E-17));
#6330 = ADVANCED_FACE('',(#6331),#6343,.T.);
#6331 = FACE_BOUND('',#6332,.F.);
#6332 = EDGE_LOOP('',(#6333,#6334,#6340,#6341,#6342));
#6333 = ORIENTED_EDGE('',*,*,#5776,.F.);
#6334 = ORIENTED_EDGE('',*,*,#6335,.T.);
#6335 = EDGE_CURVE('',#5769,#5882,#6336,.T.);
#6336 = LINE('',#6337,#6338);
#6337 = CARTESIAN_POINT('',(196.95978687855,285.75242111211,-15.6735));
#6338 = VECTOR('',#6339,1.);
#6339 = DIRECTION('',(0.,0.,1.));
#6340 = ORIENTED_EDGE('',*,*,#5881,.F.);
#6341 = ORIENTED_EDGE('',*,*,#5872,.F.);
#6342 = ORIENTED_EDGE('',*,*,#5858,.F.);
#6343 = CYLINDRICAL_SURFACE('',#6344,10.);
#6344 = AXIS2_PLACEMENT_3D('',#6345,#6346,#6347);
#6345 = CARTESIAN_POINT('',(197.601,275.773,-15.6735));
#6346 = DIRECTION('',(-0.,-0.,-1.));
#6347 = DIRECTION('',(1.,0.,0.));
#6348 = ADVANCED_FACE('',(#6349),#6364,.F.);
#6349 = FACE_BOUND('',#6350,.F.);
#6350 = EDGE_LOOP('',(#6351,#6352,#6353,#6354,#6360,#6361,#6362,#6363));
#6351 = ORIENTED_EDGE('',*,*,#5768,.F.);
#6352 = ORIENTED_EDGE('',*,*,#6181,.F.);
#6353 = ORIENTED_EDGE('',*,*,#6109,.T.);
#6354 = ORIENTED_EDGE('',*,*,#6355,.F.);
#6355 = EDGE_CURVE('',#5988,#6110,#6356,.T.);
#6356 = LINE('',#6357,#6358);
#6357 = CARTESIAN_POINT('',(196.95978687855,285.75242111211,-15.6735));
#6358 = VECTOR('',#6359,1.);
#6359 = DIRECTION('',(0.,0.,1.));
#6360 = ORIENTED_EDGE('',*,*,#5987,.F.);
#6361 = ORIENTED_EDGE('',*,*,#5963,.F.);
#6362 = ORIENTED_EDGE('',*,*,#5890,.F.);
#6363 = ORIENTED_EDGE('',*,*,#6335,.F.);
#6364 = PLANE('',#6365);
#6365 = AXIS2_PLACEMENT_3D('',#6366,#6367,#6368);
#6366 = CARTESIAN_POINT('',(248.41517561564,289.05861192784,-15.6735));
#6367 = DIRECTION('',(6.412131214424E-02,-0.997942111211,0.));
#6368 = DIRECTION('',(-0.997942111211,-6.412131214424E-02,0.));
#6369 = ADVANCED_FACE('',(#6370),#6381,.F.);
#6370 = FACE_BOUND('',#6371,.T.);
#6371 = EDGE_LOOP('',(#6372,#6373,#6379,#6380));
#6372 = ORIENTED_EDGE('',*,*,#5794,.F.);
#6373 = ORIENTED_EDGE('',*,*,#6374,.T.);
#6374 = EDGE_CURVE('',#5795,#5909,#6375,.T.);
#6375 = LINE('',#6376,#6377);
#6376 = CARTESIAN_POINT('',(201.601,275.773,-15.6735));
#6377 = VECTOR('',#6378,1.);
#6378 = DIRECTION('',(0.,0.,1.));
#6379 = ORIENTED_EDGE('',*,*,#5908,.F.);
#6380 = ORIENTED_EDGE('',*,*,#6374,.F.);
#6381 = CYLINDRICAL_SURFACE('',#6382,4.);
#6382 = AXIS2_PLACEMENT_3D('',#6383,#6384,#6385);
#6383 = CARTESIAN_POINT('',(197.601,275.773,-15.6735));
#6384 = DIRECTION('',(-0.,-0.,-1.));
#6385 = DIRECTION('',(1.,0.,0.));
#6386 = ADVANCED_FACE('',(#6387),#6403,.F.);
#6387 = FACE_BOUND('',#6388,.T.);
#6388 = EDGE_LOOP('',(#6389,#6390,#6396,#6397));
#6389 = ORIENTED_EDGE('',*,*,#5805,.F.);
#6390 = ORIENTED_EDGE('',*,*,#6391,.T.);
#6391 = EDGE_CURVE('',#5806,#5922,#6392,.T.);
#6392 = LINE('',#6393,#6394);
#6393 = CARTESIAN_POINT('',(220.20672403272,276.11923389716,-15.6735));
#6394 = VECTOR('',#6395,1.);
#6395 = DIRECTION('',(0.,0.,1.));
#6396 = ORIENTED_EDGE('',*,*,#5919,.F.);
#6397 = ORIENTED_EDGE('',*,*,#6398,.F.);
#6398 = EDGE_CURVE('',#5808,#5920,#6399,.T.);
#6399 = LINE('',#6400,#6401);
#6400 = CARTESIAN_POINT('',(213.1861851188,282.55496302122,-15.6735));
#6401 = VECTOR('',#6402,1.);
#6402 = DIRECTION('',(0.,0.,1.));
#6403 = CYLINDRICAL_SURFACE('',#6404,4.762);
#6404 = AXIS2_PLACEMENT_3D('',#6405,#6406,#6407);
#6405 = CARTESIAN_POINT('',(216.69645457576,279.33709845919,-15.6735));
#6406 = DIRECTION('',(-0.,-0.,-1.));
#6407 = DIRECTION('',(1.,0.,0.));
#6408 = ADVANCED_FACE('',(#6409),#6420,.F.);
#6409 = FACE_BOUND('',#6410,.F.);
#6410 = EDGE_LOOP('',(#6411,#6412,#6413,#6414));
#6411 = ORIENTED_EDGE('',*,*,#5816,.F.);
#6412 = ORIENTED_EDGE('',*,*,#6391,.T.);
#6413 = ORIENTED_EDGE('',*,*,#5947,.F.);
#6414 = ORIENTED_EDGE('',*,*,#6415,.F.);
#6415 = EDGE_CURVE('',#5817,#5939,#6416,.T.);
#6416 = LINE('',#6417,#6418);
#6417 = CARTESIAN_POINT('',(208.78349005536,263.6579793734,-15.6735));
#6418 = VECTOR('',#6419,1.);
#6419 = DIRECTION('',(0.,0.,1.));
#6420 = PLANE('',#6421);
#6421 = AXIS2_PLACEMENT_3D('',#6422,#6423,#6424);
#6422 = CARTESIAN_POINT('',(220.20672403272,276.11923389716,-15.6735));
#6423 = DIRECTION('',(0.737141843124,-0.675738043265,0.));
#6424 = DIRECTION('',(-0.675738043265,-0.737141843124,0.));
#6425 = ADVANCED_FACE('',(#6426),#6437,.T.);
#6426 = FACE_BOUND('',#6427,.T.);
#6427 = EDGE_LOOP('',(#6428,#6429,#6430,#6431));
#6428 = ORIENTED_EDGE('',*,*,#5833,.F.);
#6429 = ORIENTED_EDGE('',*,*,#6398,.T.);
#6430 = ORIENTED_EDGE('',*,*,#5930,.F.);
#6431 = ORIENTED_EDGE('',*,*,#6432,.F.);
#6432 = EDGE_CURVE('',#5825,#5931,#6433,.T.);
#6433 = LINE('',#6434,#6435);
#6434 = CARTESIAN_POINT('',(201.76295114144,270.09370849746,-15.6735));
#6435 = VECTOR('',#6436,1.);
#6436 = DIRECTION('',(0.,0.,1.));
#6437 = PLANE('',#6438);
#6438 = AXIS2_PLACEMENT_3D('',#6439,#6440,#6441);
#6439 = CARTESIAN_POINT('',(213.1861851188,282.55496302122,-15.6735));
#6440 = DIRECTION('',(0.737141843124,-0.675738043265,0.));
#6441 = DIRECTION('',(-0.675738043265,-0.737141843124,0.));
#6442 = ADVANCED_FACE('',(#6443),#6449,.F.);
#6443 = FACE_BOUND('',#6444,.T.);
#6444 = EDGE_LOOP('',(#6445,#6446,#6447,#6448));
#6445 = ORIENTED_EDGE('',*,*,#5824,.F.);
#6446 = ORIENTED_EDGE('',*,*,#6432,.T.);
#6447 = ORIENTED_EDGE('',*,*,#5938,.F.);
#6448 = ORIENTED_EDGE('',*,*,#6415,.F.);
#6449 = CYLINDRICAL_SURFACE('',#6450,4.762);
#6450 = AXIS2_PLACEMENT_3D('',#6451,#6452,#6453);
#6451 = CARTESIAN_POINT('',(205.2732205984,266.87584393543,-15.6735));
#6452 = DIRECTION('',(-0.,-0.,-1.));
#6453 = DIRECTION('',(1.,0.,0.));
#6454 = ADVANCED_FACE('',(#6455),#6462,.T.);
#6455 = FACE_BOUND('',#6456,.F.);
#6456 = EDGE_LOOP('',(#6457,#6458,#6459,#6460,#6461));
#6457 = ORIENTED_EDGE('',*,*,#5995,.T.);
#6458 = ORIENTED_EDGE('',*,*,#6355,.T.);
#6459 = ORIENTED_EDGE('',*,*,#6117,.T.);
#6460 = ORIENTED_EDGE('',*,*,#6086,.F.);
#6461 = ORIENTED_EDGE('',*,*,#6004,.T.);
#6462 = CYLINDRICAL_SURFACE('',#6463,10.);
#6463 = AXIS2_PLACEMENT_3D('',#6464,#6465,#6466);
#6464 = CARTESIAN_POINT('',(197.601,275.773,-15.6735));
#6465 = DIRECTION('',(-0.,-0.,-1.));
#6466 = DIRECTION('',(1.,0.,0.));
#6467 = ADVANCED_FACE('',(#6468),#6484,.T.);
#6468 = FACE_BOUND('',#6469,.T.);
#6469 = EDGE_LOOP('',(#6470,#6471,#6477,#6478));
#6470 = ORIENTED_EDGE('',*,*,#6022,.F.);
#6471 = ORIENTED_EDGE('',*,*,#6472,.T.);
#6472 = EDGE_CURVE('',#6023,#6141,#6473,.T.);
#6473 = LINE('',#6474,#6475);
#6474 = CARTESIAN_POINT('',(213.1861851188,282.55496302122,-15.6735));
#6475 = VECTOR('',#6476,1.);
#6476 = DIRECTION('',(0.,0.,1.));
#6477 = ORIENTED_EDGE('',*,*,#6166,.T.);
#6478 = ORIENTED_EDGE('',*,*,#6479,.F.);
#6479 = EDGE_CURVE('',#6025,#6158,#6480,.T.);
#6480 = LINE('',#6481,#6482);
#6481 = CARTESIAN_POINT('',(201.76295114144,270.09370849746,-15.6735));
#6482 = VECTOR('',#6483,1.);
#6483 = DIRECTION('',(0.,0.,1.));
#6484 = PLANE('',#6485);
#6485 = AXIS2_PLACEMENT_3D('',#6486,#6487,#6488);
#6486 = CARTESIAN_POINT('',(213.1861851188,282.55496302122,-15.6735));
#6487 = DIRECTION('',(0.737141843124,-0.675738043265,0.));
#6488 = DIRECTION('',(-0.675738043265,-0.737141843124,0.));
#6489 = ADVANCED_FACE('',(#6490),#6501,.F.);
#6490 = FACE_BOUND('',#6491,.T.);
#6491 = EDGE_LOOP('',(#6492,#6493,#6494,#6495));
#6492 = ORIENTED_EDGE('',*,*,#6049,.T.);
#6493 = ORIENTED_EDGE('',*,*,#6479,.T.);
#6494 = ORIENTED_EDGE('',*,*,#6157,.T.);
#6495 = ORIENTED_EDGE('',*,*,#6496,.F.);
#6496 = EDGE_CURVE('',#6042,#6150,#6497,.T.);
#6497 = LINE('',#6498,#6499);
#6498 = CARTESIAN_POINT('',(208.78349005536,263.6579793734,-15.6735));
#6499 = VECTOR('',#6500,1.);
#6500 = DIRECTION('',(0.,0.,1.));
#6501 = CYLINDRICAL_SURFACE('',#6502,4.762);
#6502 = AXIS2_PLACEMENT_3D('',#6503,#6504,#6505);
#6503 = CARTESIAN_POINT('',(205.2732205984,266.87584393543,-15.6735));
#6504 = DIRECTION('',(-0.,-0.,-1.));
#6505 = DIRECTION('',(1.,0.,0.));
#6506 = ADVANCED_FACE('',(#6507),#6518,.F.);
#6507 = FACE_BOUND('',#6508,.F.);
#6508 = EDGE_LOOP('',(#6509,#6510,#6516,#6517));
#6509 = ORIENTED_EDGE('',*,*,#6041,.F.);
#6510 = ORIENTED_EDGE('',*,*,#6511,.T.);
#6511 = EDGE_CURVE('',#6033,#6139,#6512,.T.);
#6512 = LINE('',#6513,#6514);
#6513 = CARTESIAN_POINT('',(220.20672403272,276.11923389716,-15.6735));
#6514 = VECTOR('',#6515,1.);
#6515 = DIRECTION('',(0.,0.,1.));
#6516 = ORIENTED_EDGE('',*,*,#6149,.T.);
#6517 = ORIENTED_EDGE('',*,*,#6496,.F.);
#6518 = PLANE('',#6519);
#6519 = AXIS2_PLACEMENT_3D('',#6520,#6521,#6522);
#6520 = CARTESIAN_POINT('',(220.20672403272,276.11923389716,-15.6735));
#6521 = DIRECTION('',(0.737141843124,-0.675738043265,0.));
#6522 = DIRECTION('',(-0.675738043265,-0.737141843124,0.));
#6523 = ADVANCED_FACE('',(#6524),#6530,.F.);
#6524 = FACE_BOUND('',#6525,.T.);
#6525 = EDGE_LOOP('',(#6526,#6527,#6528,#6529));
#6526 = ORIENTED_EDGE('',*,*,#6032,.T.);
#6527 = ORIENTED_EDGE('',*,*,#6511,.T.);
#6528 = ORIENTED_EDGE('',*,*,#6138,.T.);
#6529 = ORIENTED_EDGE('',*,*,#6472,.F.);
#6530 = CYLINDRICAL_SURFACE('',#6531,4.762);
#6531 = AXIS2_PLACEMENT_3D('',#6532,#6533,#6534);
#6532 = CARTESIAN_POINT('',(216.69645457576,279.33709845919,-15.6735));
#6533 = DIRECTION('',(-0.,-0.,-1.));
#6534 = DIRECTION('',(1.,0.,0.));
#6535 = ADVANCED_FACE('',(#6536),#6547,.F.);
#6536 = FACE_BOUND('',#6537,.T.);
#6537 = EDGE_LOOP('',(#6538,#6539,#6545,#6546));
#6538 = ORIENTED_EDGE('',*,*,#6058,.T.);
#6539 = ORIENTED_EDGE('',*,*,#6540,.T.);
#6540 = EDGE_CURVE('',#6059,#6128,#6541,.T.);
#6541 = LINE('',#6542,#6543);
#6542 = CARTESIAN_POINT('',(201.601,275.773,-15.6735));
#6543 = VECTOR('',#6544,1.);
#6544 = DIRECTION('',(0.,0.,1.));
#6545 = ORIENTED_EDGE('',*,*,#6127,.T.);
#6546 = ORIENTED_EDGE('',*,*,#6540,.F.);
#6547 = CYLINDRICAL_SURFACE('',#6548,4.);
#6548 = AXIS2_PLACEMENT_3D('',#6549,#6550,#6551);
#6549 = CARTESIAN_POINT('',(197.601,275.773,-15.6735));
#6550 = DIRECTION('',(-0.,-0.,-1.));
#6551 = DIRECTION('',(1.,0.,0.));
#6552 = ADVANCED_FACE('',(#6553),#6571,.F.);
#6553 = FACE_BOUND('',#6554,.F.);
#6554 = EDGE_LOOP('',(#6555,#6564,#6565));
#6555 = ORIENTED_EDGE('',*,*,#6556,.F.);
#6556 = EDGE_CURVE('',#6193,#6557,#6559,.T.);
#6557 = VERTEX_POINT('',#6558);
#6558 = CARTESIAN_POINT('',(206.75495755801,255.75963074768,9.96));
#6559 = CIRCLE('',#6560,4.7498);
#6560 = AXIS2_PLACEMENT_3D('',#6561,#6562,#6563);
#6561 = CARTESIAN_POINT('',(206.75495755801,255.75963074768,5.2102));
#6562 = DIRECTION('',(-0.730298226556,0.683128465436,0.));
#6563 = DIRECTION('',(-0.683128465436,-0.730298226556,0.));
#6564 = ORIENTED_EDGE('',*,*,#6192,.T.);
#6565 = ORIENTED_EDGE('',*,*,#6566,.F.);
#6566 = EDGE_CURVE('',#6557,#6195,#6567,.T.);
#6567 = LINE('',#6568,#6569);
#6568 = CARTESIAN_POINT('',(206.75495755801,255.75963074768,9.96));
#6569 = VECTOR('',#6570,1.);
#6570 = DIRECTION('',(0.730298226556,-0.683128465436,-2.2E-16));
#6571 = CYLINDRICAL_SURFACE('',#6572,4.7498);
#6572 = AXIS2_PLACEMENT_3D('',#6573,#6574,#6575);
#6573 = CARTESIAN_POINT('',(206.75495755801,255.75963074768,5.2102));
#6574 = DIRECTION('',(-0.730298226556,0.683128465436,2.3E-16));
#6575 = DIRECTION('',(-0.683128465436,-0.730298226556,0.));
#6576 = ADVANCED_FACE('',(#6577),#6595,.F.);
#6577 = FACE_BOUND('',#6578,.F.);
#6578 = EDGE_LOOP('',(#6579,#6587,#6588,#6589));
#6579 = ORIENTED_EDGE('',*,*,#6580,.F.);
#6580 = EDGE_CURVE('',#6557,#6581,#6583,.T.);
#6581 = VERTEX_POINT('',#6582);
#6582 = CARTESIAN_POINT('',(231.36175380975,282.06551693616,9.96));
#6583 = LINE('',#6584,#6585);
#6584 = CARTESIAN_POINT('',(206.75495755801,255.75963074768,9.96));
#6585 = VECTOR('',#6586,1.);
#6586 = DIRECTION('',(0.683128465436,0.730298226556,0.));
#6587 = ORIENTED_EDGE('',*,*,#6566,.T.);
#6588 = ORIENTED_EDGE('',*,*,#6252,.F.);
#6589 = ORIENTED_EDGE('',*,*,#6590,.F.);
#6590 = EDGE_CURVE('',#6581,#6231,#6591,.T.);
#6591 = LINE('',#6592,#6593);
#6592 = CARTESIAN_POINT('',(231.36175380975,282.06551693616,9.96));
#6593 = VECTOR('',#6594,1.);
#6594 = DIRECTION('',(0.730298226556,-0.683128465436,-2.2E-16));
#6595 = PLANE('',#6596);
#6596 = AXIS2_PLACEMENT_3D('',#6597,#6598,#6599);
#6597 = CARTESIAN_POINT('',(206.75495755801,255.75963074768,9.96));
#6598 = DIRECTION('',(1.6E-16,-1.5E-16,1.));
#6599 = DIRECTION('',(0.683128465436,0.730298226556,2.44179513594E-19));
#6600 = ADVANCED_FACE('',(#6601),#6612,.F.);
#6601 = FACE_BOUND('',#6602,.F.);
#6602 = EDGE_LOOP('',(#6603,#6610,#6611));
#6603 = ORIENTED_EDGE('',*,*,#6604,.F.);
#6604 = EDGE_CURVE('',#6581,#6222,#6605,.T.);
#6605 = CIRCLE('',#6606,4.7498);
#6606 = AXIS2_PLACEMENT_3D('',#6607,#6608,#6609);
#6607 = CARTESIAN_POINT('',(231.36175380975,282.06551693616,5.2102));
#6608 = DIRECTION('',(-0.730298226556,0.683128465436,0.));
#6609 = DIRECTION('',(-0.683128465436,-0.730298226556,0.));
#6610 = ORIENTED_EDGE('',*,*,#6590,.T.);
#6611 = ORIENTED_EDGE('',*,*,#6230,.T.);
#6612 = CYLINDRICAL_SURFACE('',#6613,4.7498);
#6613 = AXIS2_PLACEMENT_3D('',#6614,#6615,#6616);
#6614 = CARTESIAN_POINT('',(231.36175380975,282.06551693616,5.2102));
#6615 = DIRECTION('',(-0.730298226556,0.683128465436,2.3E-16));
#6616 = DIRECTION('',(-0.683128465436,-0.730298226556,0.));
#6617 = ADVANCED_FACE('',(#6618),#6624,.T.);
#6618 = FACE_BOUND('',#6619,.T.);
#6619 = EDGE_LOOP('',(#6620,#6621,#6622,#6623));
#6620 = ORIENTED_EDGE('',*,*,#6221,.F.);
#6621 = ORIENTED_EDGE('',*,*,#6604,.F.);
#6622 = ORIENTED_EDGE('',*,*,#6580,.F.);
#6623 = ORIENTED_EDGE('',*,*,#6556,.F.);
#6624 = PLANE('',#6625);
#6625 = AXIS2_PLACEMENT_3D('',#6626,#6627,#6628);
#6626 = CARTESIAN_POINT('',(219.05835568388,268.91257384192,-5.517E-14)
  );
#6627 = DIRECTION('',(0.730298226556,-0.683128465436,0.));
#6628 = DIRECTION('',(0.683128465436,0.730298226556,0.));
#6629 = ADVANCED_FACE('',(#6630),#6648,.F.);
#6630 = FACE_BOUND('',#6631,.F.);
#6631 = EDGE_LOOP('',(#6632,#6641,#6642));
#6632 = ORIENTED_EDGE('',*,*,#6633,.F.);
#6633 = EDGE_CURVE('',#6261,#6634,#6636,.T.);
#6634 = VERTEX_POINT('',#6635);
#6635 = CARTESIAN_POINT('',(231.36175380975,282.06551693616,-9.96));
#6636 = CIRCLE('',#6637,4.7498);
#6637 = AXIS2_PLACEMENT_3D('',#6638,#6639,#6640);
#6638 = CARTESIAN_POINT('',(231.36175380975,282.06551693616,-5.2102));
#6639 = DIRECTION('',(-0.730298226556,0.683128465436,0.));
#6640 = DIRECTION('',(-0.683128465436,-0.730298226556,0.));
#6641 = ORIENTED_EDGE('',*,*,#6260,.T.);
#6642 = ORIENTED_EDGE('',*,*,#6643,.F.);
#6643 = EDGE_CURVE('',#6634,#6263,#6644,.T.);
#6644 = LINE('',#6645,#6646);
#6645 = CARTESIAN_POINT('',(231.36175380975,282.06551693616,-9.96));
#6646 = VECTOR('',#6647,1.);
#6647 = DIRECTION('',(0.730298226556,-0.683128465436,-2.2E-16));
#6648 = CYLINDRICAL_SURFACE('',#6649,4.7498);
#6649 = AXIS2_PLACEMENT_3D('',#6650,#6651,#6652);
#6650 = CARTESIAN_POINT('',(231.36175380975,282.06551693616,-5.2102));
#6651 = DIRECTION('',(-0.730298226556,0.683128465436,2.3E-16));
#6652 = DIRECTION('',(-0.683128465436,-0.730298226556,0.));
#6653 = ADVANCED_FACE('',(#6654),#6672,.F.);
#6654 = FACE_BOUND('',#6655,.F.);
#6655 = EDGE_LOOP('',(#6656,#6664,#6665,#6666));
#6656 = ORIENTED_EDGE('',*,*,#6657,.F.);
#6657 = EDGE_CURVE('',#6634,#6658,#6660,.T.);
#6658 = VERTEX_POINT('',#6659);
#6659 = CARTESIAN_POINT('',(206.75495755801,255.75963074768,-9.96));
#6660 = LINE('',#6661,#6662);
#6661 = CARTESIAN_POINT('',(231.36175380975,282.06551693616,-9.96));
#6662 = VECTOR('',#6663,1.);
#6663 = DIRECTION('',(-0.683128465436,-0.730298226556,0.));
#6664 = ORIENTED_EDGE('',*,*,#6643,.T.);
#6665 = ORIENTED_EDGE('',*,*,#6320,.T.);
#6666 = ORIENTED_EDGE('',*,*,#6667,.F.);
#6667 = EDGE_CURVE('',#6658,#6294,#6668,.T.);
#6668 = LINE('',#6669,#6670);
#6669 = CARTESIAN_POINT('',(206.75495755801,255.75963074768,-9.96));
#6670 = VECTOR('',#6671,1.);
#6671 = DIRECTION('',(0.730298226556,-0.683128465436,-2.2E-16));
#6672 = PLANE('',#6673);
#6673 = AXIS2_PLACEMENT_3D('',#6674,#6675,#6676);
#6674 = CARTESIAN_POINT('',(231.36175380975,282.06551693616,-9.96));
#6675 = DIRECTION('',(-1.6E-16,1.5E-16,-1.));
#6676 = DIRECTION('',(-0.683128465436,-0.730298226556,-2.44179513594E-19
    ));
#6677 = ADVANCED_FACE('',(#6678),#6689,.F.);
#6678 = FACE_BOUND('',#6679,.F.);
#6679 = EDGE_LOOP('',(#6680,#6687,#6688));
#6680 = ORIENTED_EDGE('',*,*,#6681,.F.);
#6681 = EDGE_CURVE('',#6658,#6285,#6682,.T.);
#6682 = CIRCLE('',#6683,4.7498);
#6683 = AXIS2_PLACEMENT_3D('',#6684,#6685,#6686);
#6684 = CARTESIAN_POINT('',(206.75495755801,255.75963074768,-5.2102));
#6685 = DIRECTION('',(-0.730298226556,0.683128465436,0.));
#6686 = DIRECTION('',(-0.683128465436,-0.730298226556,0.));
#6687 = ORIENTED_EDGE('',*,*,#6667,.T.);
#6688 = ORIENTED_EDGE('',*,*,#6293,.T.);
#6689 = CYLINDRICAL_SURFACE('',#6690,4.7498);
#6690 = AXIS2_PLACEMENT_3D('',#6691,#6692,#6693);
#6691 = CARTESIAN_POINT('',(206.75495755801,255.75963074768,-5.2102));
#6692 = DIRECTION('',(-0.730298226556,0.683128465436,2.3E-16));
#6693 = DIRECTION('',(-0.683128465436,-0.730298226556,0.));
#6694 = ADVANCED_FACE('',(#6695),#6701,.T.);
#6695 = FACE_BOUND('',#6696,.T.);
#6696 = EDGE_LOOP('',(#6697,#6698,#6699,#6700));
#6697 = ORIENTED_EDGE('',*,*,#6633,.F.);
#6698 = ORIENTED_EDGE('',*,*,#6284,.F.);
#6699 = ORIENTED_EDGE('',*,*,#6681,.F.);
#6700 = ORIENTED_EDGE('',*,*,#6657,.F.);
#6701 = PLANE('',#6702);
#6702 = AXIS2_PLACEMENT_3D('',#6703,#6704,#6705);
#6703 = CARTESIAN_POINT('',(219.05835568388,268.91257384192,-5.517E-14)
  );
#6704 = DIRECTION('',(0.730298226556,-0.683128465436,0.));
#6705 = DIRECTION('',(0.683128465436,0.730298226556,0.));
#6706 = ( GEOMETRIC_REPRESENTATION_CONTEXT(3) 
GLOBAL_UNCERTAINTY_ASSIGNED_CONTEXT((#6710)) 
GLOBAL_UNIT_ASSIGNED_CONTEXT((#6707,#6708,#6709)) REPRESENTATION_CONTEXT
('Context #1','3D Context with UNIT and UNCERTAINTY') );
#6707 = ( LENGTH_UNIT() NAMED_UNIT(*) SI_UNIT(.MILLI.,.METRE.) );
#6708 = ( NAMED_UNIT(*) PLANE_ANGLE_UNIT() SI_UNIT($,.RADIAN.) );
#6709 = ( NAMED_UNIT(*) SI_UNIT($,.STERADIAN.) SOLID_ANGLE_UNIT() );
#6710 = UNCERTAINTY_MEASURE_WITH_UNIT(LENGTH_MEASURE(1.E-04),#6707,
  'distance_accuracy_value','confusion accuracy');
#6711 = CONTEXT_DEPENDENT_SHAPE_REPRESENTATION(#6712,#6714);
#6712 = ( REPRESENTATION_RELATIONSHIP('','',#5679,#10) 
REPRESENTATION_RELATIONSHIP_WITH_TRANSFORMATION(#6713) 
SHAPE_REPRESENTATION_RELATIONSHIP() );
#6713 = ITEM_DEFINED_TRANSFORMATION('','',#11,#39);
#6714 = PRODUCT_DEFINITION_SHAPE('Placement','Placement of an item',
  #6715);
#6715 = NEXT_ASSEMBLY_USAGE_OCCURRENCE('7','RS_Fr_Piv','',#5,#5674,$);
#6716 = PRODUCT_RELATED_PRODUCT_CATEGORY('part',$,(#5676));
#6717 = MECHANICAL_DESIGN_GEOMETRIC_PRESENTATION_REPRESENTATION('',(
    #6718),#6706);
#6718 = STYLED_ITEM('color',(#6719),#5680);
#6719 = PRESENTATION_STYLE_ASSIGNMENT((#6720,#6726));
#6720 = SURFACE_STYLE_USAGE(.BOTH.,#6721);
#6721 = SURFACE_SIDE_STYLE('',(#6722));
#6722 = SURFACE_STYLE_FILL_AREA(#6723);
#6723 = FILL_AREA_STYLE('',(#6724));
#6724 = FILL_AREA_STYLE_COLOUR('',#6725);
#6725 = COLOUR_RGB('',0.984313737446,0.392156863511,0.415686275537);
#6726 = CURVE_STYLE('',#6727,POSITIVE_LENGTH_MEASURE(0.1),#6728);
#6727 = DRAUGHTING_PRE_DEFINED_CURVE_FONT('continuous');
#6728 = COLOUR_RGB('',9.803921802644E-02,9.803921802644E-02,
  9.803921802644E-02);
#6729 = MECHANICAL_DESIGN_GEOMETRIC_PRESENTATION_REPRESENTATION('',(
    #6730),#4476);
#6730 = STYLED_ITEM('color',(#6731),#2846);
#6731 = PRESENTATION_STYLE_ASSIGNMENT((#6732,#6738));
#6732 = SURFACE_STYLE_USAGE(.BOTH.,#6733);
#6733 = SURFACE_SIDE_STYLE('',(#6734));
#6734 = SURFACE_STYLE_FILL_AREA(#6735);
#6735 = FILL_AREA_STYLE('',(#6736));
#6736 = FILL_AREA_STYLE_COLOUR('',#6737);
#6737 = COLOUR_RGB('',0.862745115625,0.792156867455,0.133333336917);
#6738 = CURVE_STYLE('',#6739,POSITIVE_LENGTH_MEASURE(0.1),#6728);
#6739 = DRAUGHTING_PRE_DEFINED_CURVE_FONT('continuous');
#6740 = MECHANICAL_DESIGN_GEOMETRIC_PRESENTATION_REPRESENTATION('',(
    #6741),#2286);
#6741 = STYLED_ITEM('color',(#6742),#2194);
#6742 = PRESENTATION_STYLE_ASSIGNMENT((#6743,#6749));
#6743 = SURFACE_STYLE_USAGE(.BOTH.,#6744);
#6744 = SURFACE_SIDE_STYLE('',(#6745));
#6745 = SURFACE_STYLE_FILL_AREA(#6746);
#6746 = FILL_AREA_STYLE('',(#6747));
#6747 = FILL_AREA_STYLE_COLOUR('',#6748);
#6748 = COLOUR_RGB('',0.,0.203921572143,0.949019609525);
#6749 = CURVE_STYLE('',#6750,POSITIVE_LENGTH_MEASURE(0.1),#6728);
#6750 = DRAUGHTING_PRE_DEFINED_CURVE_FONT('continuous');
#6751 = MECHANICAL_DESIGN_GEOMETRIC_PRESENTATION_REPRESENTATION('',(
    #6752),#5550);
#6752 = STYLED_ITEM('color',(#6753),#4495);
#6753 = PRESENTATION_STYLE_ASSIGNMENT((#6754,#6760));
#6754 = SURFACE_STYLE_USAGE(.BOTH.,#6755);
#6755 = SURFACE_SIDE_STYLE('',(#6756));
#6756 = SURFACE_STYLE_FILL_AREA(#6757);
#6757 = FILL_AREA_STYLE('',(#6758));
#6758 = FILL_AREA_STYLE_COLOUR('',#6759);
#6759 = COLOUR_RGB('',0.976470577825,0.752941202324,0.137254909518);
#6760 = CURVE_STYLE('',#6761,POSITIVE_LENGTH_MEASURE(0.1),#6728);
#6761 = DRAUGHTING_PRE_DEFINED_CURVE_FONT('continuous');
#6762 = MECHANICAL_DESIGN_GEOMETRIC_PRESENTATION_REPRESENTATION('',(
    #6763),#2175);
#6763 = STYLED_ITEM('color',(#6764),#57);
#6764 = PRESENTATION_STYLE_ASSIGNMENT((#6765,#6771));
#6765 = SURFACE_STYLE_USAGE(.BOTH.,#6766);
#6766 = SURFACE_SIDE_STYLE('',(#6767));
#6767 = SURFACE_STYLE_FILL_AREA(#6768);
#6768 = FILL_AREA_STYLE('',(#6769));
#6769 = FILL_AREA_STYLE_COLOUR('',#6770);
#6770 = COLOUR_RGB('',1.,0.427450993391,0.533333357804);
#6771 = CURVE_STYLE('',#6772,POSITIVE_LENGTH_MEASURE(0.1),#6728);
#6772 = DRAUGHTING_PRE_DEFINED_CURVE_FONT('continuous');
#6773 = MECHANICAL_DESIGN_GEOMETRIC_PRESENTATION_REPRESENTATION('',(
    #6774),#2827);
#6774 = STYLED_ITEM('color',(#6775),#2305);
#6775 = PRESENTATION_STYLE_ASSIGNMENT((#6776,#6782));
#6776 = SURFACE_STYLE_USAGE(.BOTH.,#6777);
#6777 = SURFACE_SIDE_STYLE('',(#6778));
#6778 = SURFACE_STYLE_FILL_AREA(#6779);
#6779 = FILL_AREA_STYLE('',(#6780));
#6780 = FILL_AREA_STYLE_COLOUR('',#6781);
#6781 = COLOUR_RGB('',0.258823539696,0.619607859787,0.207843135047);
#6782 = CURVE_STYLE('',#6783,POSITIVE_LENGTH_MEASURE(0.1),#6728);
#6783 = DRAUGHTING_PRE_DEFINED_CURVE_FONT('continuous');
#6784 = MECHANICAL_DESIGN_GEOMETRIC_PRESENTATION_REPRESENTATION('',(
    #6785),#5661);
#6785 = STYLED_ITEM('color',(#6786),#5569);
#6786 = PRESENTATION_STYLE_ASSIGNMENT((#6787,#6793));
#6787 = SURFACE_STYLE_USAGE(.BOTH.,#6788);
#6788 = SURFACE_SIDE_STYLE('',(#6789));
#6789 = SURFACE_STYLE_FILL_AREA(#6790);
#6790 = FILL_AREA_STYLE('',(#6791));
#6791 = FILL_AREA_STYLE_COLOUR('',#6792);
#6792 = COLOUR_RGB('',0.411764706019,0.686274528749,6.274510072825E-02);
#6793 = CURVE_STYLE('',#6794,POSITIVE_LENGTH_MEASURE(0.1),#6728);
#6794 = DRAUGHTING_PRE_DEFINED_CURVE_FONT('continuous');
ENDSEC;
END-ISO-10303-21;
