ISO-10303-21;
HEADER;
FILE_DESCRIPTION(('FreeCAD Model'),'2;1');
FILE_NAME('Open CASCADE Shape Model','2026-07-10T20:18:41',(''),(''),
  'Open CASCADE STEP processor 7.8','FreeCAD','Unknown');
FILE_SCHEMA(('AUTOMOTIVE_DESIGN { 1 0 10303 214 1 1 1 1 }'));
ENDSEC;
DATA;
#1 = APPLICATION_PROTOCOL_DEFINITION('international standard',
  'automotive_design',2000,#2);
#2 = APPLICATION_CONTEXT(
  'core data for automotive mechanical design processes');
#3 = SHAPE_DEFINITION_REPRESENTATION(#4,#10);
#4 = PRODUCT_DEFINITION_SHAPE('','',#5);
#5 = PRODUCT_DEFINITION('design','',#6,#9);
#6 = PRODUCT_DEFINITION_FORMATION('','',#7);
#7 = PRODUCT('Pocket001','Pocket001','',(#8));
#8 = PRODUCT_CONTEXT('',#2,'mechanical');
#9 = PRODUCT_DEFINITION_CONTEXT('part definition',#2,'design');
#10 = ADVANCED_BREP_SHAPE_REPRESENTATION('',(#11,#15),#1341);
#11 = AXIS2_PLACEMENT_3D('',#12,#13,#14);
#12 = CARTESIAN_POINT('',(0.,0.,0.));
#13 = DIRECTION('',(0.,0.,1.));
#14 = DIRECTION('',(1.,0.,-0.));
#15 = MANIFOLD_SOLID_BREP('',#16);
#16 = CLOSED_SHELL('',(#17,#67,#100,#242,#552,#775,#855,#882,#1185));
#17 = ADVANCED_FACE('',(#18),#62,.T.);
#18 = FACE_BOUND('',#19,.T.);
#19 = EDGE_LOOP('',(#20,#30,#38,#49,#56));
#20 = ORIENTED_EDGE('',*,*,#21,.F.);
#21 = EDGE_CURVE('',#22,#24,#26,.T.);
#22 = VERTEX_POINT('',#23);
#23 = CARTESIAN_POINT('',(42.234600302471,12.7,4.091076532437E-14));
#24 = VERTEX_POINT('',#25);
#25 = CARTESIAN_POINT('',(43.003307072128,12.7,-25.4));
#26 = LINE('',#27,#28);
#27 = CARTESIAN_POINT('',(43.355686852638,12.7,-37.0435119063));
#28 = VECTOR('',#29,1.);
#29 = DIRECTION('',(3.025019595407E-02,-1.643685523756E-17,
    -0.999542358104));
#30 = ORIENTED_EDGE('',*,*,#31,.F.);
#31 = EDGE_CURVE('',#32,#22,#34,.T.);
#32 = VERTEX_POINT('',#33);
#33 = CARTESIAN_POINT('',(78.873579502088,12.7,7.752045979993E-14));
#34 = LINE('',#35,#36);
#35 = CARTESIAN_POINT('',(94.07144,12.7,9.270617298477E-14));
#36 = VECTOR('',#37,1.);
#37 = DIRECTION('',(-1.,-1.758248304114E-16,-9.992007221626E-16));
#38 = ORIENTED_EDGE('',*,*,#39,.T.);
#39 = EDGE_CURVE('',#32,#40,#42,.T.);
#40 = VERTEX_POINT('',#41);
#41 = CARTESIAN_POINT('',(68.003620511232,12.7,-24.77595593704));
#42 = B_SPLINE_CURVE_WITH_KNOTS('',5,(#43,#44,#45,#46,#47,#48),
  .UNSPECIFIED.,.F.,.F.,(6,6),(0.,1.),.PIECEWISE_BEZIER_KNOTS.);
#43 = CARTESIAN_POINT('',(78.873579502088,12.7,8.526512829121E-14));
#44 = CARTESIAN_POINT('',(77.114359159798,12.7,-4.009800379265));
#45 = CARTESIAN_POINT('',(74.681045372869,12.7,-9.556065569101));
#46 = CARTESIAN_POINT('',(72.209570206013,12.7,-15.18931219726));
#47 = CARTESIAN_POINT('',(69.992221281343,12.7,-20.24332751608));
#48 = CARTESIAN_POINT('',(68.003620229998,12.7,-24.77595657806));
#49 = ORIENTED_EDGE('',*,*,#50,.F.);
#50 = EDGE_CURVE('',#51,#40,#53,.T.);
#51 = VERTEX_POINT('',#52);
#52 = CARTESIAN_POINT('',(67.729833562704,12.7,-25.4));
#53 = B_SPLINE_CURVE_WITH_KNOTS('',1,(#54,#55),.UNSPECIFIED.,.F.,.F.,(2,
    2),(0.,1.),.PIECEWISE_BEZIER_KNOTS.);
#54 = CARTESIAN_POINT('',(67.729833562704,12.7,-25.4));
#55 = CARTESIAN_POINT('',(68.003620792441,12.7,-24.77595529607));
#56 = ORIENTED_EDGE('',*,*,#57,.T.);
#57 = EDGE_CURVE('',#51,#24,#58,.T.);
#58 = LINE('',#59,#60);
#59 = CARTESIAN_POINT('',(69.85,12.7,-25.4));
#60 = VECTOR('',#61,1.);
#61 = DIRECTION('',(-1.,-8.582483041143E-17,-2.049200722163E-15));
#62 = PLANE('',#63);
#63 = AXIS2_PLACEMENT_3D('',#64,#65,#66);
#64 = CARTESIAN_POINT('',(60.763693313593,12.7,-11.8793636853));
#65 = DIRECTION('',(-1.741915164929E-31,1.,1.38419071015E-16));
#66 = DIRECTION('',(-7.771561172376E-16,-2.4E-16,1.));
#67 = ADVANCED_FACE('',(#68),#95,.F.);
#68 = FACE_BOUND('',#69,.F.);
#69 = EDGE_LOOP('',(#70,#79,#87,#94));
#70 = ORIENTED_EDGE('',*,*,#71,.F.);
#71 = EDGE_CURVE('',#72,#22,#74,.T.);
#72 = VERTEX_POINT('',#73);
#73 = CARTESIAN_POINT('',(42.234600302471,-12.7,4.349092092059E-14));
#74 = ELLIPSE('',#75,15.882268391414,15.875);
#75 = AXIS2_PLACEMENT_3D('',#76,#77,#78);
#76 = CARTESIAN_POINT('',(32.705239267623,4.736448521953E-15,
    -3.718604769649E-14));
#77 = DIRECTION('',(-2.1981784197E-15,5.079046449252E-17,1.));
#78 = DIRECTION('',(1.,-5.433635954793E-16,2.1981784197E-15));
#79 = ORIENTED_EDGE('',*,*,#80,.T.);
#80 = EDGE_CURVE('',#72,#81,#83,.T.);
#81 = VERTEX_POINT('',#82);
#82 = CARTESIAN_POINT('',(43.003307072128,-12.7,-25.4));
#83 = LINE('',#84,#85);
#84 = CARTESIAN_POINT('',(43.355686852638,-12.7,-37.0435119063));
#85 = VECTOR('',#86,1.);
#86 = DIRECTION('',(3.025019595407E-02,-1.643685523756E-17,
    -0.999542358104));
#87 = ORIENTED_EDGE('',*,*,#88,.F.);
#88 = EDGE_CURVE('',#24,#81,#89,.T.);
#89 = ELLIPSE('',#90,15.882268391414,15.875);
#90 = AXIS2_PLACEMENT_3D('',#91,#92,#93);
#91 = CARTESIAN_POINT('',(33.473946037279,4.318761247723E-15,-25.4));
#92 = DIRECTION('',(2.2981784197E-15,-5.079046449252E-17,-1.));
#93 = DIRECTION('',(1.,-5.433635954793E-16,2.2981784197E-15));
#94 = ORIENTED_EDGE('',*,*,#21,.F.);
#95 = CYLINDRICAL_SURFACE('',#96,15.875);
#96 = AXIS2_PLACEMENT_3D('',#97,#98,#99);
#97 = CARTESIAN_POINT('',(33.835045891694,4.122552732501E-15,
    -37.33164502276));
#98 = DIRECTION('',(3.025019595407E-02,-1.643685523756E-17,
    -0.999542358104));
#99 = DIRECTION('',(-0.999542358104,-1.002423672094E-16,
    -3.025019595407E-02));
#100 = ADVANCED_FACE('',(#101),#237,.T.);
#101 = FACE_BOUND('',#102,.T.);
#102 = EDGE_LOOP('',(#103,#111,#112,#113,#176));
#103 = ORIENTED_EDGE('',*,*,#104,.F.);
#104 = EDGE_CURVE('',#81,#105,#107,.T.);
#105 = VERTEX_POINT('',#106);
#106 = CARTESIAN_POINT('',(67.729833509815,-12.7,-25.4));
#107 = LINE('',#108,#109);
#108 = CARTESIAN_POINT('',(31.75,-12.7,-25.4));
#109 = VECTOR('',#110,1.);
#110 = DIRECTION('',(1.,8.582483041143E-17,2.049200722163E-15));
#111 = ORIENTED_EDGE('',*,*,#88,.F.);
#112 = ORIENTED_EDGE('',*,*,#57,.F.);
#113 = ORIENTED_EDGE('',*,*,#114,.F.);
#114 = EDGE_CURVE('',#115,#51,#117,.T.);
#115 = VERTEX_POINT('',#116);
#116 = CARTESIAN_POINT('',(62.413978004446,-7.847433381343E-14,-25.4));
#117 = B_SPLINE_CURVE_WITH_KNOTS('',8,(#118,#119,#120,#121,#122,#123,
    #124,#125,#126,#127,#128,#129,#130,#131,#132,#133,#134,#135,#136,
    #137,#138,#139,#140,#141,#142,#143,#144,#145,#146,#147,#148,#149,
    #150,#151,#152,#153,#154,#155,#156,#157,#158,#159,#160,#161,#162,
    #163,#164,#165,#166,#167,#168,#169,#170,#171,#172,#173,#174,#175),
  .UNSPECIFIED.,.F.,.F.,(9,7,7,7,7,7,7,7,9),(0.,0.308541367996,
    0.343178873658,0.412452501366,0.515846611541,0.61795888406,
    0.713383165016,0.785751894289,1.),.UNSPECIFIED.);
#118 = CARTESIAN_POINT('',(62.413978004446,-7.628171335428E-14,-25.4));
#119 = CARTESIAN_POINT('',(62.413978004446,0.554918690462,-25.4));
#120 = CARTESIAN_POINT('',(62.434205338399,1.10985855899,-25.4));
#121 = CARTESIAN_POINT('',(62.474659251834,1.663788176543,-25.4));
#122 = CARTESIAN_POINT('',(62.535244402189,2.215707762222,-25.4));
#123 = CARTESIAN_POINT('',(62.615775184899,2.764648475887,-25.4));
#124 = CARTESIAN_POINT('',(62.715980059489,3.309671710776,-25.4));
#125 = CARTESIAN_POINT('',(62.835505875662,3.849868386123,-25.4));
#126 = CARTESIAN_POINT('',(62.989461108251,4.444361199677,-25.4));
#127 = CARTESIAN_POINT('',(63.005234814637,4.504279580014,-25.4));
#128 = CARTESIAN_POINT('',(63.021242370474,4.564111559769,-25.4));
#129 = CARTESIAN_POINT('',(63.037482806617,4.623855339118,-25.4));
#130 = CARTESIAN_POINT('',(63.05395513285,4.683509139424,-25.4));
#131 = CARTESIAN_POINT('',(63.070658337882,4.743071203245,-25.4));
#132 = CARTESIAN_POINT('',(63.087591389352,4.802539794326,-25.4));
#133 = CARTESIAN_POINT('',(63.139076237232,4.980657632456,-25.4));
#134 = CARTESIAN_POINT('',(63.174317097731,5.099024374394,-25.4));
#135 = CARTESIAN_POINT('',(63.210455700352,5.21700152833,-25.4));
#136 = CARTESIAN_POINT('',(63.247513859595,5.33456110943,-25.4));
#137 = CARTESIAN_POINT('',(63.285438276734,5.451708081504,-25.4));
#138 = CARTESIAN_POINT('',(63.324249456772,5.56841547169,-25.4));
#139 = CARTESIAN_POINT('',(63.36393011186,5.684676988548,-25.4));
#140 = CARTESIAN_POINT('',(63.46498091567,5.973324385139,-25.4));
#141 = CARTESIAN_POINT('',(63.527481421145,6.145358133971,-25.4));
#142 = CARTESIAN_POINT('',(63.591949672097,6.316556551231,-25.4));
#143 = CARTESIAN_POINT('',(63.658367226662,6.486891936565,-25.4));
#144 = CARTESIAN_POINT('',(63.726715923419,6.656337168518,-25.4));
#145 = CARTESIAN_POINT('',(63.796975588694,6.824866845196,-25.4));
#146 = CARTESIAN_POINT('',(63.869123876181,6.992457187743,-25.4));
#147 = CARTESIAN_POINT('',(64.016235001939,7.323646446083,-25.4));
#148 = CARTESIAN_POINT('',(64.091152200927,7.487269081736,-25.4));
#149 = CARTESIAN_POINT('',(64.167868059468,7.649930229886,-25.4));
#150 = CARTESIAN_POINT('',(64.246363174472,7.811606797122,-25.4));
#151 = CARTESIAN_POINT('',(64.326617063769,7.972276968989,-25.4));
#152 = CARTESIAN_POINT('',(64.408606996336,8.131920850831,-25.4));
#153 = CARTESIAN_POINT('',(64.492309105096,8.290519760838,-25.4));
#154 = CARTESIAN_POINT('',(64.657501542101,8.595270644492,-25.4));
#155 = CARTESIAN_POINT('',(64.738778062298,8.741556982255,-25.4));
#156 = CARTESIAN_POINT('',(64.821510846665,8.886899905863,-25.4));
#157 = CARTESIAN_POINT('',(64.905689174163,9.031278709494,-25.4));
#158 = CARTESIAN_POINT('',(64.991290497461,9.174682495366,-25.4));
#159 = CARTESIAN_POINT('',(65.078289857216,9.317102223007,-25.4));
#160 = CARTESIAN_POINT('',(65.166672966425,9.458520484434,-25.4));
#161 = CARTESIAN_POINT('',(65.324493047673,9.705400818361,-25.4));
#162 = CARTESIAN_POINT('',(65.393349396915,9.811294288274,-25.4));
#163 = CARTESIAN_POINT('',(65.462970434289,9.916608304433,-25.4));
#164 = CARTESIAN_POINT('',(65.533377338961,10.021315713737,-25.4));
#165 = CARTESIAN_POINT('',(65.604534015752,10.12543217963,-25.4));
#166 = CARTESIAN_POINT('',(65.676450481308,10.228939257171,-25.4));
#167 = CARTESIAN_POINT('',(65.749109607655,10.331838597726,-25.4));
#168 = CARTESIAN_POINT('',(66.039794952316,10.736940065335,-25.4));
#169 = CARTESIAN_POINT('',(66.263539501831,11.034375987048,-25.4));
#170 = CARTESIAN_POINT('',(66.493524291162,11.326312446353,-25.4));
#171 = CARTESIAN_POINT('',(66.729551312394,11.612629610903,-25.4));
#172 = CARTESIAN_POINT('',(66.971404539226,11.893236461219,-25.4));
#173 = CARTESIAN_POINT('',(67.218867721072,12.168054088933,-25.4));
#174 = CARTESIAN_POINT('',(67.471744894779,12.436997425629,-25.4));
#175 = CARTESIAN_POINT('',(67.729833562704,12.7,-25.4));
#176 = ORIENTED_EDGE('',*,*,#177,.F.);
#177 = EDGE_CURVE('',#105,#115,#178,.T.);
#178 = B_SPLINE_CURVE_WITH_KNOTS('',8,(#179,#180,#181,#182,#183,#184,
    #185,#186,#187,#188,#189,#190,#191,#192,#193,#194,#195,#196,#197,
    #198,#199,#200,#201,#202,#203,#204,#205,#206,#207,#208,#209,#210,
    #211,#212,#213,#214,#215,#216,#217,#218,#219,#220,#221,#222,#223,
    #224,#225,#226,#227,#228,#229,#230,#231,#232,#233,#234,#235,#236),
  .UNSPECIFIED.,.F.,.F.,(9,7,7,7,7,7,7,7,9),(0.,0.182447272332,
    0.27720709717,0.378636163854,0.52749265544,0.58538083081,
    0.631817345681,0.71954285228,1.),.UNSPECIFIED.);
#179 = CARTESIAN_POINT('',(67.729833509815,-12.7,-25.4));
#180 = CARTESIAN_POINT('',(67.510259155695,-12.47624505038,-25.4));
#181 = CARTESIAN_POINT('',(67.294457645402,-12.24818999323,-25.4));
#182 = CARTESIAN_POINT('',(67.082551503229,-12.01587718255,-25.4));
#183 = CARTESIAN_POINT('',(66.874665245817,-11.77935441636,-25.4));
#184 = CARTESIAN_POINT('',(66.670926724295,-11.53867283876,-25.4));
#185 = CARTESIAN_POINT('',(66.471466502512,-11.2938872472,-25.4));
#186 = CARTESIAN_POINT('',(66.27641527135,-11.04505880501,-25.4));
#187 = CARTESIAN_POINT('',(65.986948737008,-10.66096109874,-25.4));
#188 = CARTESIAN_POINT('',(65.88922152667,-10.52859103459,-25.4));
#189 = CARTESIAN_POINT('',(65.79273636351,-10.39515943225,-25.4));
#190 = CARTESIAN_POINT('',(65.697510336145,-10.26067742299,-25.4));
#191 = CARTESIAN_POINT('',(65.603562125188,-10.12515535835,-25.4));
#192 = CARTESIAN_POINT('',(65.510912256933,-9.988602616268,-25.4));
#193 = CARTESIAN_POINT('',(65.419580411961,-9.85102965882,-25.4));
#194 = CARTESIAN_POINT('',(65.233244878423,-9.564121885977,-25.4));
#195 = CARTESIAN_POINT('',(65.138429537839,-9.414645650547,-25.4));
#196 = CARTESIAN_POINT('',(65.045191969499,-9.26401156745,-25.4));
#197 = CARTESIAN_POINT('',(64.95349166416,-9.112279994452,-25.4));
#198 = CARTESIAN_POINT('',(64.863404892734,-8.959430250235,-25.4));
#199 = CARTESIAN_POINT('',(64.774930765267,-8.805494328022,-25.4));
#200 = CARTESIAN_POINT('',(64.688097293425,-8.650486168595,-25.4));
#201 = CARTESIAN_POINT('',(64.477923872712,-8.265392478237,-25.4));
#202 = CARTESIAN_POINT('',(64.35650029357,-8.034092125489,-25.4));
#203 = CARTESIAN_POINT('',(64.238715684544,-7.800586836209,-25.4));
#204 = CARTESIAN_POINT('',(64.124654786045,-7.564928596975,-25.4));
#205 = CARTESIAN_POINT('',(64.01437483859,-7.327187044711,-25.4));
#206 = CARTESIAN_POINT('',(63.907930423111,-7.087436725019,-25.4));
#207 = CARTESIAN_POINT('',(63.805399981194,-6.845742491704,-25.4));
#208 = CARTESIAN_POINT('',(63.668513132541,-6.507464557535,-25.4));
#209 = CARTESIAN_POINT('',(63.630743716922,-6.412360908217,-25.4));
#210 = CARTESIAN_POINT('',(63.593538324378,-6.316873526476,-25.4));
#211 = CARTESIAN_POINT('',(63.55690267605,-6.221005948351,-25.4));
#212 = CARTESIAN_POINT('',(63.520842873738,-6.124762608388,-25.4));
#213 = CARTESIAN_POINT('',(63.485365399907,-6.028148839634,-25.4));
#214 = CARTESIAN_POINT('',(63.450477117683,-5.931170873647,-25.4));
#215 = CARTESIAN_POINT('',(63.388677168466,-5.755755996274,-25.4));
#216 = CARTESIAN_POINT('',(63.361575603242,-5.677509851088,-25.4));
#217 = CARTESIAN_POINT('',(63.334882058491,-5.5991000339,-25.4));
#218 = CARTESIAN_POINT('',(63.308598053313,-5.520529193633,-25.4));
#219 = CARTESIAN_POINT('',(63.282725142603,-5.44179999917,-25.4));
#220 = CARTESIAN_POINT('',(63.257264917049,-5.362915139348,-25.4));
#221 = CARTESIAN_POINT('',(63.232219003132,-5.283877322962,-25.4));
#222 = CARTESIAN_POINT('',(63.161059430777,-5.055091245552,-25.4));
#223 = CARTESIAN_POINT('',(63.11601912876,-4.904954844443,-25.4));
#224 = CARTESIAN_POINT('',(63.072467669381,-4.754303323297,-25.4));
#225 = CARTESIAN_POINT('',(63.030434023302,-4.603147578868,-25.4));
#226 = CARTESIAN_POINT('',(62.989908059903,-4.451515501253,-25.4));
#227 = CARTESIAN_POINT('',(62.950915021514,-4.299419368008,-25.4));
#228 = CARTESIAN_POINT('',(62.913456509601,-4.146882806843,-25.4));
#229 = CARTESIAN_POINT('',(62.762731440508,-3.50491903332,-25.4));
#230 = CARTESIAN_POINT('',(62.663711786889,-3.011591711049,-25.4));
#231 = CARTESIAN_POINT('',(62.580783420353,-2.514617930391,-25.4));
#232 = CARTESIAN_POINT('',(62.514189750482,-2.014691528026,-25.4));
#233 = CARTESIAN_POINT('',(62.464116854397,-1.512525102937,-25.4));
#234 = CARTESIAN_POINT('',(62.430691305864,-1.008850344236,-25.4));
#235 = CARTESIAN_POINT('',(62.413978004414,-0.504418358982,-25.4));
#236 = CARTESIAN_POINT('',(62.413978004446,-7.912319868056E-14,-25.4));
#237 = PLANE('',#238);
#238 = AXIS2_PLACEMENT_3D('',#239,#240,#241);
#239 = CARTESIAN_POINT('',(57.519889834138,-1.593697292131E-14,-25.4));
#240 = DIRECTION('',(2.187156117238E-15,3.429725273209E-31,-1.));
#241 = DIRECTION('',(-1.,-1.558248304114E-16,-2.409200722163E-15));
#242 = ADVANCED_FACE('',(#243),#403,.F.);
#243 = FACE_BOUND('',#244,.F.);
#244 = EDGE_LOOP('',(#245,#395,#396,#397));
#245 = ORIENTED_EDGE('',*,*,#246,.F.);
#246 = EDGE_CURVE('',#40,#247,#249,.T.);
#247 = VERTEX_POINT('',#248);
#248 = CARTESIAN_POINT('',(63.545820746948,-7.873639575234E-14,
    -22.82018475511));
#249 = B_SPLINE_CURVE_WITH_KNOTS('',12,(#250,#251,#252,#253,#254,#255,
    #256,#257,#258,#259,#260,#261,#262,#263,#264,#265,#266,#267,#268,
    #269,#270,#271,#272,#273,#274,#275,#276,#277,#278,#279,#280,#281,
    #282,#283,#284,#285,#286,#287,#288,#289,#290,#291,#292,#293,#294,
    #295,#296,#297,#298,#299,#300,#301,#302,#303,#304,#305,#306,#307,
    #308,#309,#310,#311,#312,#313,#314,#315,#316,#317,#318,#319,#320,
    #321,#322,#323,#324,#325,#326,#327,#328,#329,#330,#331,#332,#333,
    #334,#335,#336,#337,#338,#339,#340,#341,#342,#343,#344,#345,#346,
    #347,#348,#349,#350,#351,#352,#353,#354,#355,#356,#357,#358,#359,
    #360,#361,#362,#363,#364,#365,#366,#367,#368,#369,#370,#371,#372,
    #373,#374,#375,#376,#377,#378,#379,#380,#381,#382,#383,#384,#385,
    #386,#387,#388,#389,#390,#391,#392,#393,#394),.UNSPECIFIED.,.F.,.F.,
  (13,11,11,11,11,11,11,11,11,11,11,11,11,13),(0.,6.25E-02,0.125,0.25,
    0.3125,0.375,0.5,0.5625,0.625,0.6875,0.75,0.875,0.9375,1.),
  .UNSPECIFIED.);
#250 = CARTESIAN_POINT('',(98.344922353489,-7.15324625384E-14,
    -38.08760000004));
#251 = CARTESIAN_POINT('',(98.34492235346,0.44058254585,-38.08760000009)
  );
#252 = CARTESIAN_POINT('',(98.334784485821,0.879677842177,
    -38.08315221155));
#253 = CARTESIAN_POINT('',(98.313943129255,1.319507165579,
    -38.07400848073));
#254 = CARTESIAN_POINT('',(98.285603854791,1.741680885432,
    -38.06157518502));
#255 = CARTESIAN_POINT('',(98.24149655034,2.194710034532,-38.04222398246
    ));
#256 = CARTESIAN_POINT('',(98.199287410156,2.575119970784,
    -38.02370555772));
#257 = CARTESIAN_POINT('',(98.135330438579,3.030834988888,
    -37.99564570751));
#258 = CARTESIAN_POINT('',(98.074269487707,3.40527901453,-37.96885642575
    ));
#259 = CARTESIAN_POINT('',(98.001874115892,3.804826442513,-37.9370943938
    ));
#260 = CARTESIAN_POINT('',(97.924543565005,4.183034445208,
    -37.90316714888));
#261 = CARTESIAN_POINT('',(97.841381508462,4.55327950883,-37.86668144702
    ));
#262 = CARTESIAN_POINT('',(97.664745750932,5.273797617011,
    -37.78918601369));
#263 = CARTESIAN_POINT('',(97.571322794057,5.624111431031,
    -37.74819854539));
#264 = CARTESIAN_POINT('',(97.472887298992,5.965570122382,
    -37.70501192524));
#265 = CARTESIAN_POINT('',(97.370972396864,6.295967206949,
    -37.66029878464));
#266 = CARTESIAN_POINT('',(97.264464933943,6.61897237998,-37.61357074867
    ));
#267 = CARTESIAN_POINT('',(97.154481753359,6.933149774481,
    -37.56531781097));
#268 = CARTESIAN_POINT('',(97.042155362316,7.236992923353,
    -37.51603683595));
#269 = CARTESIAN_POINT('',(96.926586203159,7.533504243547,-37.4653331608
    ));
#270 = CARTESIAN_POINT('',(96.807634432062,7.823837536942,
    -37.41314543187));
#271 = CARTESIAN_POINT('',(96.687581176988,8.103635500447,
    -37.36047444862));
#272 = CARTESIAN_POINT('',(96.564824267816,8.377419295323,
    -37.30661729083));
#273 = CARTESIAN_POINT('',(96.188920889769,9.180799147843,
    -37.14169714347));
#274 = CARTESIAN_POINT('',(95.928493011561,9.691744049849,-37.0274395801
    ));
#275 = CARTESIAN_POINT('',(95.659767938921,10.17904123049,
    -36.90954178725));
#276 = CARTESIAN_POINT('',(95.384060848857,10.64374046508,
    -36.78858077295));
#277 = CARTESIAN_POINT('',(95.102478025175,11.086935374074,
    -36.66504189695));
#278 = CARTESIAN_POINT('',(94.815921215845,11.509751437846,
    -36.5393207836));
#279 = CARTESIAN_POINT('',(94.52509199608,11.913334011511,
    -36.41172523494));
#280 = CARTESIAN_POINT('',(94.23049612512,12.298836339683,
    -36.28247714269));
#281 = CARTESIAN_POINT('',(93.932447908547,12.667407571313,
    -36.1517144025));
#282 = CARTESIAN_POINT('',(93.631074556814,13.020180774441,
    -36.0194928251));
#283 = CARTESIAN_POINT('',(93.326320545687,13.358260951025,
    -35.88578805055));
#284 = CARTESIAN_POINT('',(92.863767691277,13.844939102058,-35.682852165
    ));
#285 = CARTESIAN_POINT('',(92.708652251529,14.003776410477,
    -35.61479834402));
#286 = CARTESIAN_POINT('',(92.552786700002,14.159210292319,
    -35.54641542654));
#287 = CARTESIAN_POINT('',(92.395400021838,14.311898558018,
    -35.47736514462));
#288 = CARTESIAN_POINT('',(92.237790907844,14.460962891376,
    -35.40821727383));
#289 = CARTESIAN_POINT('',(92.078740291835,14.607420546233,
    -35.33843697221));
#290 = CARTESIAN_POINT('',(91.917792966813,14.751650308699,
    -35.26782452743));
#291 = CARTESIAN_POINT('',(91.756605992746,14.892423911457,
    -35.19710694131));
#292 = CARTESIAN_POINT('',(91.594592592168,15.030277711793,
    -35.12602677688));
#293 = CARTESIAN_POINT('',(91.428588509035,15.167670689621,
    -35.0531957798));
#294 = CARTESIAN_POINT('',(91.263389418755,15.300794932361,
    -34.98071795727));
#295 = CARTESIAN_POINT('',(90.930427835605,15.561995034271,
    -34.83463767029));
#296 = CARTESIAN_POINT('',(90.762814068111,15.689917458752,
    -34.76110045594));
#297 = CARTESIAN_POINT('',(90.595179521797,15.814486599353,
    -34.68755412585));
#298 = CARTESIAN_POINT('',(90.424404184015,15.937762078595,
    -34.6126298346));
#299 = CARTESIAN_POINT('',(90.254674715787,16.057037625505,
    -34.5381643999));
#300 = CARTESIAN_POINT('',(90.084323356461,16.173466333197,
    -34.46342612018));
#301 = CARTESIAN_POINT('',(89.910634720824,16.288825503056,
    -34.38722367944));
#302 = CARTESIAN_POINT('',(89.736135206998,16.40142277769,
    -34.31066547973));
#303 = CARTESIAN_POINT('',(89.563082804892,16.509833227729,
    -34.23474217303));
#304 = CARTESIAN_POINT('',(89.387742630723,16.616624702531,
    -34.15781515102));
#305 = CARTESIAN_POINT('',(89.211873402673,16.720556322169,
    -34.08065601737));
#306 = CARTESIAN_POINT('',(88.681164767491,17.024895595864,
    -33.84781813557));
#307 = CARTESIAN_POINT('',(88.323383307592,17.217732438226,-33.69084862)
  );
#308 = CARTESIAN_POINT('',(87.96097728898,17.40093592854,-33.53185017184
    ));
#309 = CARTESIAN_POINT('',(87.593335564002,17.574788843418,
    -33.37055465952));
#310 = CARTESIAN_POINT('',(87.219880442933,17.739441090964,
    -33.20670863846));
#311 = CARTESIAN_POINT('',(86.840063455198,17.894916720162,
    -33.0400714698));
#312 = CARTESIAN_POINT('',(86.453361091626,18.041120930504,
    -32.87041348464));
#313 = CARTESIAN_POINT('',(86.059270573103,18.177847081407,
    -32.69751408807));
#314 = CARTESIAN_POINT('',(85.657305588656,18.304783701764,
    -32.52115992952));
#315 = CARTESIAN_POINT('',(85.246992062993,18.421521499452,
    -32.34114301211));
#316 = CARTESIAN_POINT('',(84.827863900575,18.527560370817,
    -32.15725884861));
#317 = CARTESIAN_POINT('',(84.18525616711,18.669694429898,
    -31.87532745801));
#318 = CARTESIAN_POINT('',(83.968671538058,18.71425358602,
    -31.78030525005));
#319 = CARTESIAN_POINT('',(83.749835982025,18.755904337581,
    -31.68429549289));
#320 = CARTESIAN_POINT('',(83.528556523562,18.794575002729,
    -31.58721352113));
#321 = CARTESIAN_POINT('',(83.304667437739,18.830183983391,
    -31.48898662879));
#322 = CARTESIAN_POINT('',(83.078138967672,18.862631698331,
    -31.38960175676));
#323 = CARTESIAN_POINT('',(82.849027804721,18.891804931949,
    -31.28908378186));
#324 = CARTESIAN_POINT('',(82.617353767976,18.917586305613,
    -31.18744139496));
#325 = CARTESIAN_POINT('',(82.38298706776,18.939861578892,
    -31.08461765666));
#326 = CARTESIAN_POINT('',(82.145630591955,18.958517487551,
    -30.98048221306));
#327 = CARTESIAN_POINT('',(81.904981607283,18.973422825515,
    -30.87490224672));
#328 = CARTESIAN_POINT('',(81.417332994233,18.9953481302,-30.6609560951)
  );
#329 = CARTESIAN_POINT('',(81.17047823107,19.002375857332,
    -30.55265346647));
#330 = CARTESIAN_POINT('',(80.919858525913,19.005292392577,
    -30.44269904467));
#331 = CARTESIAN_POINT('',(80.666647302929,19.003925953623,
    -30.3316076449));
#332 = CARTESIAN_POINT('',(80.410411654545,18.998126612005,
    -30.21918934012));
#333 = CARTESIAN_POINT('',(80.150284221213,18.987684649458,
    -30.10506358978));
#334 = CARTESIAN_POINT('',(79.886207244809,18.972339736398,
    -29.98920505807));
#335 = CARTESIAN_POINT('',(79.618848617658,18.951861532719,
    -29.87190676533));
#336 = CARTESIAN_POINT('',(79.3487328292,18.926093667221,-29.75339882397
    ));
#337 = CARTESIAN_POINT('',(79.075802245061,18.894884976704,
    -29.63365594633));
#338 = CARTESIAN_POINT('',(78.800025987525,18.857984402508,
    -29.5126645861));
#339 = CARTESIAN_POINT('',(78.243583932905,18.772513658036,
    -29.26853667721));
#340 = CARTESIAN_POINT('',(77.96298614898,18.723958702062,
    -29.14542996777));
#341 = CARTESIAN_POINT('',(77.679452680451,18.66929178031,-29.0210352857
    ));
#342 = CARTESIAN_POINT('',(77.394725486243,18.608455458141,
    -28.89611687848));
#343 = CARTESIAN_POINT('',(77.108892235578,18.541857069265,
    -28.77071321388));
#344 = CARTESIAN_POINT('',(76.816960430603,18.467311712493,
    -28.64263392559));
#345 = CARTESIAN_POINT('',(76.526822698656,18.386861547456,
    -28.51534175562));
#346 = CARTESIAN_POINT('',(76.239485511375,18.301001858113,
    -28.38927826522));
#347 = CARTESIAN_POINT('',(75.945133543627,18.206531569347,
    -28.26013718175));
#348 = CARTESIAN_POINT('',(75.654798992741,18.106475110036,
    -28.13275865877));
#349 = CARTESIAN_POINT('',(75.362899961601,17.999154998893,
    -28.00469375169));
#350 = CARTESIAN_POINT('',(74.780098624142,17.770906500588,
    -27.7490012305));
#351 = CARTESIAN_POINT('',(74.48904135822,17.64995969314,-27.62130563108
    ));
#352 = CARTESIAN_POINT('',(74.198349340706,17.522015055071,
    -27.49377027716));
#353 = CARTESIAN_POINT('',(73.908606041273,17.387208395252,
    -27.36665115446));
#354 = CARTESIAN_POINT('',(73.62036637615,17.245697730284,
    -27.24019172144));
#355 = CARTESIAN_POINT('',(73.333925869495,17.097541157315,
    -27.11452163364));
#356 = CARTESIAN_POINT('',(73.049337758937,16.942691451346,
    -26.98966424756));
#357 = CARTESIAN_POINT('',(72.76656659641,16.781057365679,
    -26.86560401181));
#358 = CARTESIAN_POINT('',(72.485666967942,16.612581613534,
    -26.74236487403));
#359 = CARTESIAN_POINT('',(72.206875874163,16.437285509608,
    -26.62005081436));
#360 = CARTESIAN_POINT('',(71.930507391302,16.255230249565,
    -26.49879962695));
#361 = CARTESIAN_POINT('',(71.108599727318,15.688573919383,
    -26.1382039501));
#362 = CARTESIAN_POINT('',(70.570095686898,15.283205880106,
    -25.9019459888));
#363 = CARTESIAN_POINT('',(70.045822048098,14.853622023878,
    -25.67193133429));
#364 = CARTESIAN_POINT('',(69.520583640931,14.384409520195,
    -25.44149340575));
#365 = CARTESIAN_POINT('',(69.041757036555,13.917859578854,
    -25.23141773642));
#366 = CARTESIAN_POINT('',(68.52860689101,13.381135135622,
    -25.00628329218));
#367 = CARTESIAN_POINT('',(68.078340846484,12.857190878589,
    -24.8087380019));
#368 = CARTESIAN_POINT('',(67.611905558264,12.277772075783,
    -24.60409877455));
#369 = CARTESIAN_POINT('',(67.179979682867,11.68342559566,
    -24.41459986889));
#370 = CARTESIAN_POINT('',(66.762283995497,11.056861420934,
    -24.23134417488));
#371 = CARTESIAN_POINT('',(66.366892703646,10.402285387621,
    -24.05787409218));
#372 = CARTESIAN_POINT('',(65.808810452222,9.378644548731,
    -23.81302657944));
#373 = CARTESIAN_POINT('',(65.628779589047,9.030835485975,
    -23.73404161094));
#374 = CARTESIAN_POINT('',(65.453602798712,8.672934110315,
    -23.65718627047));
#375 = CARTESIAN_POINT('',(65.29019790727,8.321822775079,-23.58549561729
    ));
#376 = CARTESIAN_POINT('',(65.119082133407,7.928425049761,
    -23.51042196694));
#377 = CARTESIAN_POINT('',(64.980107786809,7.58987963966,-23.44944973079
    ));
#378 = CARTESIAN_POINT('',(64.81878025331,7.174656459168,-23.37867047646
    ));
#379 = CARTESIAN_POINT('',(64.68710337079,6.804361016518,-23.32089985784
    ));
#380 = CARTESIAN_POINT('',(64.55164848844,6.401545832473,-23.26147171599
    ));
#381 = CARTESIAN_POINT('',(64.428369104022,6.001906322704,
    -23.20738533269));
#382 = CARTESIAN_POINT('',(64.312608802275,5.594811209415,-23.1565977975
    ));
#383 = CARTESIAN_POINT('',(64.098686207881,4.770883426379,-23.0627435045
    ));
#384 = CARTESIAN_POINT('',(64.00042690224,4.353836919865,-23.01963418407
    ));
#385 = CARTESIAN_POINT('',(63.911154300856,3.932128720677,
    -22.98046760186));
#386 = CARTESIAN_POINT('',(63.831126329473,3.506186961349,
    -22.94535691752));
#387 = CARTESIAN_POINT('',(63.760574127727,3.076446984655,
    -22.91440353915));
#388 = CARTESIAN_POINT('',(63.699702047566,2.643351343564,
    -22.88769712194));
#389 = CARTESIAN_POINT('',(63.648687655525,2.2073498013,-22.86531556984)
  );
#390 = CARTESIAN_POINT('',(63.607681730142,1.768899331276,
    -22.84732503383));
#391 = CARTESIAN_POINT('',(63.576808264301,1.328464117154,
    -22.83377991335));
#392 = CARTESIAN_POINT('',(63.556164463516,0.886515552799,
    -22.82472285546));
#393 = CARTESIAN_POINT('',(63.545820746963,0.443532242309,
    -22.82018475508));
#394 = CARTESIAN_POINT('',(63.545820746961,-7.7306397366E-14,
    -22.82018475508));
#395 = ORIENTED_EDGE('',*,*,#50,.F.);
#396 = ORIENTED_EDGE('',*,*,#114,.F.);
#397 = ORIENTED_EDGE('',*,*,#398,.F.);
#398 = EDGE_CURVE('',#247,#115,#399,.T.);
#399 = LINE('',#400,#401);
#400 = CARTESIAN_POINT('',(63.545820746935,-7.873639413868E-14,
    -22.82018475514));
#401 = VECTOR('',#402,1.);
#402 = DIRECTION('',(-0.401764147017,9.302214794366E-17,-0.915743179156)
  );
#403 = SURFACE_OF_LINEAR_EXTRUSION('',#404,#550);
#404 = B_SPLINE_CURVE_WITH_KNOTS('',12,(#405,#406,#407,#408,#409,#410,
    #411,#412,#413,#414,#415,#416,#417,#418,#419,#420,#421,#422,#423,
    #424,#425,#426,#427,#428,#429,#430,#431,#432,#433,#434,#435,#436,
    #437,#438,#439,#440,#441,#442,#443,#444,#445,#446,#447,#448,#449,
    #450,#451,#452,#453,#454,#455,#456,#457,#458,#459,#460,#461,#462,
    #463,#464,#465,#466,#467,#468,#469,#470,#471,#472,#473,#474,#475,
    #476,#477,#478,#479,#480,#481,#482,#483,#484,#485,#486,#487,#488,
    #489,#490,#491,#492,#493,#494,#495,#496,#497,#498,#499,#500,#501,
    #502,#503,#504,#505,#506,#507,#508,#509,#510,#511,#512,#513,#514,
    #515,#516,#517,#518,#519,#520,#521,#522,#523,#524,#525,#526,#527,
    #528,#529,#530,#531,#532,#533,#534,#535,#536,#537,#538,#539,#540,
    #541,#542,#543,#544,#545,#546,#547,#548,#549),.UNSPECIFIED.,.F.,.F.,
  (13,11,11,11,11,11,11,11,11,11,11,11,11,13),(0.,6.25E-02,0.125,0.25,
    0.3125,0.375,0.5,0.5625,0.625,0.6875,0.75,0.875,0.9375,1.),
  .UNSPECIFIED.);
#405 = CARTESIAN_POINT('',(98.344922353463,-7.153245931109E-14,
    -38.0876000001));
#406 = CARTESIAN_POINT('',(98.344922353478,0.44058254585,-38.08760000004
    ));
#407 = CARTESIAN_POINT('',(98.334784485621,0.879677842177,-38.083152212)
  );
#408 = CARTESIAN_POINT('',(98.313943129629,1.319507165579,
    -38.07400847988));
#409 = CARTESIAN_POINT('',(98.285603854117,1.741680885432,
    -38.06157518656));
#410 = CARTESIAN_POINT('',(98.241496551106,2.194710034532,
    -38.04222398071));
#411 = CARTESIAN_POINT('',(98.199287409366,2.575119970784,
    -38.02370555952));
#412 = CARTESIAN_POINT('',(98.135330439148,3.030834988888,
    -37.99564570621));
#413 = CARTESIAN_POINT('',(98.074269487307,3.40527901453,-37.96885642666
    ));
#414 = CARTESIAN_POINT('',(98.00187411605,3.804826442513,-37.93709439344
    ));
#415 = CARTESIAN_POINT('',(97.924543564915,4.183034445208,
    -37.90316714909));
#416 = CARTESIAN_POINT('',(97.841381508449,4.55327950883,-37.86668144705
    ));
#417 = CARTESIAN_POINT('',(97.664745750896,5.273797617011,
    -37.78918601377));
#418 = CARTESIAN_POINT('',(97.571322794062,5.624111431031,
    -37.74819854538));
#419 = CARTESIAN_POINT('',(97.472887298901,5.965570122382,
    -37.70501192545));
#420 = CARTESIAN_POINT('',(97.37097239693,6.295967206949,-37.66029878449
    ));
#421 = CARTESIAN_POINT('',(97.264464933831,6.61897237998,-37.61357074893
    ));
#422 = CARTESIAN_POINT('',(97.154481753378,6.933149774481,
    -37.56531781093));
#423 = CARTESIAN_POINT('',(97.042155362292,7.236992923353,
    -37.51603683601));
#424 = CARTESIAN_POINT('',(96.926586203109,7.533504243547,
    -37.46533316091));
#425 = CARTESIAN_POINT('',(96.807634432056,7.823837536942,
    -37.41314543189));
#426 = CARTESIAN_POINT('',(96.687581176953,8.103635500447,-37.3604744487
    ));
#427 = CARTESIAN_POINT('',(96.564824267792,8.377419295323,
    -37.30661729089));
#428 = CARTESIAN_POINT('',(96.18892088974,9.180799147843,-37.14169714354
    ));
#429 = CARTESIAN_POINT('',(95.928493011547,9.691744049849,
    -37.02743958013));
#430 = CARTESIAN_POINT('',(95.659767938867,10.17904123049,
    -36.90954178737));
#431 = CARTESIAN_POINT('',(95.38406084887,10.64374046508,-36.78858077292
    ));
#432 = CARTESIAN_POINT('',(95.102478025116,11.086935374074,
    -36.66504189708));
#433 = CARTESIAN_POINT('',(94.815921215824,11.509751437846,
    -36.53932078365));
#434 = CARTESIAN_POINT('',(94.525091996081,11.913334011511,
    -36.41172523493));
#435 = CARTESIAN_POINT('',(94.230496125054,12.298836339683,
    -36.28247714284));
#436 = CARTESIAN_POINT('',(93.932447908549,12.667407571313,
    -36.15171440249));
#437 = CARTESIAN_POINT('',(93.631074556778,13.020180774441,
    -36.01949282518));
#438 = CARTESIAN_POINT('',(93.326320545661,13.358260951025,
    -35.88578805061));
#439 = CARTESIAN_POINT('',(92.863767691255,13.844939102058,
    -35.68285216505));
#440 = CARTESIAN_POINT('',(92.708652251479,14.003776410477,
    -35.61479834414));
#441 = CARTESIAN_POINT('',(92.552786700033,14.159210292319,
    -35.54641542647));
#442 = CARTESIAN_POINT('',(92.395400021726,14.311898558018,
    -35.47736514488));
#443 = CARTESIAN_POINT('',(92.237790907905,14.460962891376,
    -35.40821727369));
#444 = CARTESIAN_POINT('',(92.078740291753,14.607420546233,
    -35.33843697239));
#445 = CARTESIAN_POINT('',(91.917792966797,14.751650308699,
    -35.26782452746));
#446 = CARTESIAN_POINT('',(91.756605992743,14.892423911457,
    -35.19710694132));
#447 = CARTESIAN_POINT('',(91.594592592113,15.030277711793,-35.126026777
    ));
#448 = CARTESIAN_POINT('',(91.428588509028,15.167670689621,
    -35.05319577982));
#449 = CARTESIAN_POINT('',(91.263389418719,15.300794932361,
    -34.98071795735));
#450 = CARTESIAN_POINT('',(90.930427835595,15.561995034271,
    -34.83463767031));
#451 = CARTESIAN_POINT('',(90.762814068,15.689917458752,-34.76110045619)
  );
#452 = CARTESIAN_POINT('',(90.595179521987,15.814486599353,
    -34.68755412541));
#453 = CARTESIAN_POINT('',(90.424404183606,15.937762078595,
    -34.61262983553));
#454 = CARTESIAN_POINT('',(90.254674716273,16.057037625505,
    -34.53816439879));
#455 = CARTESIAN_POINT('',(90.084323355903,16.173466333197,
    -34.46342612145));
#456 = CARTESIAN_POINT('',(89.910634721228,16.288825503056,
    -34.38722367852));
#457 = CARTESIAN_POINT('',(89.736135206707,16.40142277769,
    -34.31066548039));
#458 = CARTESIAN_POINT('',(89.563082804984,16.509833227729,
    -34.23474217282));
#459 = CARTESIAN_POINT('',(89.387742630665,16.616624702531,
    -34.15781515115));
#460 = CARTESIAN_POINT('',(89.211873402647,16.720556322169,
    -34.08065601743));
#461 = CARTESIAN_POINT('',(88.681164767484,17.024895595864,
    -33.84781813559));
#462 = CARTESIAN_POINT('',(88.323383307452,17.217732438226,
    -33.69084862032));
#463 = CARTESIAN_POINT('',(87.960977289278,17.40093592854,
    -33.53185017116));
#464 = CARTESIAN_POINT('',(87.593335563343,17.574788843418,
    -33.37055466102));
#465 = CARTESIAN_POINT('',(87.21988044384,17.739441090964,
    -33.20670863639));
#466 = CARTESIAN_POINT('',(86.840063454097,17.894916720162,
    -33.04007147231));
#467 = CARTESIAN_POINT('',(86.453361092575,18.041120930504,
    -32.87041348247));
#468 = CARTESIAN_POINT('',(86.059270572391,18.177847081407,
    -32.69751408969));
#469 = CARTESIAN_POINT('',(85.65730558899,18.304783701764,
    -32.52115992876));
#470 = CARTESIAN_POINT('',(85.246992062838,18.421521499452,
    -32.34114301246));
#471 = CARTESIAN_POINT('',(84.827863900569,18.527560370817,
    -32.15725884862));
#472 = CARTESIAN_POINT('',(84.185256167086,18.669694429898,
    -31.87532745807));
#473 = CARTESIAN_POINT('',(83.968671537982,18.71425358602,
    -31.78030525022));
#474 = CARTESIAN_POINT('',(83.749835982155,18.755904337581,
    -31.68429549259));
#475 = CARTESIAN_POINT('',(83.528556523231,18.794575002729,
    -31.58721352189));
#476 = CARTESIAN_POINT('',(83.304667438148,18.830183983391,
    -31.48898662786));
#477 = CARTESIAN_POINT('',(83.078138967176,18.862631698331,
    -31.38960175789));
#478 = CARTESIAN_POINT('',(82.849027805078,18.891804931949,
    -31.28908378105));
#479 = CARTESIAN_POINT('',(82.617353767721,18.917586305613,
    -31.18744139554));
#480 = CARTESIAN_POINT('',(82.382987067828,18.939861578892,
    -31.0846176565));
#481 = CARTESIAN_POINT('',(82.145630591908,18.958517487551,
    -30.98048221317));
#482 = CARTESIAN_POINT('',(81.904981607255,18.973422825515,
    -30.87490224678));
#483 = CARTESIAN_POINT('',(81.417332994217,18.9953481302,-30.66095609514
    ));
#484 = CARTESIAN_POINT('',(81.170478230982,19.002375857332,
    -30.55265346667));
#485 = CARTESIAN_POINT('',(80.919858526052,19.005292392577,
    -30.44269904435));
#486 = CARTESIAN_POINT('',(80.666647302601,19.003925953623,
    -30.33160764565));
#487 = CARTESIAN_POINT('',(80.410411654936,18.998126612005,
    -30.21918933923));
#488 = CARTESIAN_POINT('',(80.150284220741,18.987684649458,
    -30.10506359086));
#489 = CARTESIAN_POINT('',(79.886207245146,18.972339736398,
    -29.9892050573));
#490 = CARTESIAN_POINT('',(79.618848617418,18.951861532719,
    -29.87190676587));
#491 = CARTESIAN_POINT('',(79.348732829257,18.926093667221,
    -29.75339882384));
#492 = CARTESIAN_POINT('',(79.075802245022,18.894884976704,
    -29.63365594642));
#493 = CARTESIAN_POINT('',(78.800025987493,18.857984402508,
    -29.51266458617));
#494 = CARTESIAN_POINT('',(78.243583932897,18.772513658036,
    -29.26853667722));
#495 = CARTESIAN_POINT('',(77.962986148846,18.723958702062,
    -29.14542996808));
#496 = CARTESIAN_POINT('',(77.679452680718,18.66929178031,
    -29.02103528509));
#497 = CARTESIAN_POINT('',(77.394725485669,18.608455458141,
    -28.89611687979));
#498 = CARTESIAN_POINT('',(77.108892236327,18.541857069265,
    -28.77071321218));
#499 = CARTESIAN_POINT('',(76.816960429721,18.467311712493,
    -28.6426339276));
#500 = CARTESIAN_POINT('',(76.526822699367,18.386861547456,-28.515341754
    ));
#501 = CARTESIAN_POINT('',(76.239485510861,18.301001858113,
    -28.38927826639));
#502 = CARTESIAN_POINT('',(75.945133543842,18.206531569347,
    -28.26013718125));
#503 = CARTESIAN_POINT('',(75.654798992635,18.106475110036,
    -28.13275865901));
#504 = CARTESIAN_POINT('',(75.362899961587,17.999154998893,
    -28.00469375172));
#505 = CARTESIAN_POINT('',(74.780098624112,17.770906500588,
    -27.74900123057));
#506 = CARTESIAN_POINT('',(74.489041358194,17.64995969314,
    -27.62130563114));
#507 = CARTESIAN_POINT('',(74.198349340683,17.522015055071,
    -27.49377027721));
#508 = CARTESIAN_POINT('',(73.90860604125,17.387208395252,
    -27.36665115451));
#509 = CARTESIAN_POINT('',(73.620366376101,17.245697730284,
    -27.24019172155));
#510 = CARTESIAN_POINT('',(73.333925869524,17.097541157315,
    -27.11452163357));
#511 = CARTESIAN_POINT('',(73.049337758826,16.942691451346,
    -26.98966424782));
#512 = CARTESIAN_POINT('',(72.766566596477,16.781057365679,
    -26.86560401166));
#513 = CARTESIAN_POINT('',(72.485666967846,16.612581613534,
    -26.74236487425));
#514 = CARTESIAN_POINT('',(72.206875874173,16.437285509608,
    -26.62005081434));
#515 = CARTESIAN_POINT('',(71.930507391267,16.255230249565,
    -26.49879962703));
#516 = CARTESIAN_POINT('',(71.10859972731,15.688573919383,
    -26.13820395011));
#517 = CARTESIAN_POINT('',(70.570095686797,15.283205880106,
    -25.90194598903));
#518 = CARTESIAN_POINT('',(70.045822048258,14.853622023878,
    -25.67193133392));
#519 = CARTESIAN_POINT('',(69.520583640573,14.384409520195,
    -25.44149340656));
#520 = CARTESIAN_POINT('',(69.041757036984,13.917859578854,
    -25.23141773544));
#521 = CARTESIAN_POINT('',(68.528606890489,13.381135135622,
    -25.00628329337));
#522 = CARTESIAN_POINT('',(68.078340846891,12.857190878589,
    -24.80873800097));
#523 = CARTESIAN_POINT('',(67.611905557935,12.277772075783,
    -24.60409877531));
#524 = CARTESIAN_POINT('',(67.179979683005,11.68342559566,
    -24.41459986857));
#525 = CARTESIAN_POINT('',(66.762283995406,11.056861420934,
    -24.23134417508));
#526 = CARTESIAN_POINT('',(66.366892703634,10.402285387621,
    -24.05787409221));
#527 = CARTESIAN_POINT('',(65.808810452191,9.378644548731,
    -23.81302657951));
#528 = CARTESIAN_POINT('',(65.628779589037,9.030835485975,
    -23.73404161097));
#529 = CARTESIAN_POINT('',(65.453602798642,8.672934110315,
    -23.65718627063));
#530 = CARTESIAN_POINT('',(65.290197907338,8.321822775079,
    -23.58549561714));
#531 = CARTESIAN_POINT('',(65.119082133224,7.928425049761,
    -23.51042196736));
#532 = CARTESIAN_POINT('',(64.980107786983,7.58987963966,-23.4494497304)
  );
#533 = CARTESIAN_POINT('',(64.818780253087,7.174656459168,
    -23.37867047697));
#534 = CARTESIAN_POINT('',(64.687103370911,6.804361016518,
    -23.32089985756));
#535 = CARTESIAN_POINT('',(64.551648488333,6.401545832473,
    -23.26147171623));
#536 = CARTESIAN_POINT('',(64.428369104027,6.001906322704,
    -23.20738533268));
#537 = CARTESIAN_POINT('',(64.312608802242,5.594811209415,
    -23.15659779758));
#538 = CARTESIAN_POINT('',(64.09868620786,4.770883426379,-23.06274350455
    ));
#539 = CARTESIAN_POINT('',(64.000426902202,4.353836919865,
    -23.01963418416));
#540 = CARTESIAN_POINT('',(63.911154300847,3.932128720677,
    -22.98046760188));
#541 = CARTESIAN_POINT('',(63.831126329428,3.506186961349,
    -22.94535691762));
#542 = CARTESIAN_POINT('',(63.760574127719,3.076446984655,
    -22.91440353917));
#543 = CARTESIAN_POINT('',(63.699702047525,2.643351343564,
    -22.88769712203));
#544 = CARTESIAN_POINT('',(63.648687655507,2.2073498013,-22.86531556988)
  );
#545 = CARTESIAN_POINT('',(63.60768173012,1.768899331276,-22.84732503388
    ));
#546 = CARTESIAN_POINT('',(63.576808264264,1.328464117154,
    -22.83377991344));
#547 = CARTESIAN_POINT('',(63.556164463499,0.886515552799,-22.8247228555
    ));
#548 = CARTESIAN_POINT('',(63.545820746934,0.443532242309,
    -22.82018475514));
#549 = CARTESIAN_POINT('',(63.545820746935,-7.730639413868E-14,
    -22.82018475514));
#550 = VECTOR('',#551,1.);
#551 = DIRECTION('',(0.401764147017,-9.302214794366E-17,0.915743179156)
  );
#552 = ADVANCED_FACE('',(#553),#626,.T.);
#553 = FACE_BOUND('',#554,.T.);
#554 = EDGE_LOOP('',(#555,#556,#557,#620));
#555 = ORIENTED_EDGE('',*,*,#246,.F.);
#556 = ORIENTED_EDGE('',*,*,#39,.F.);
#557 = ORIENTED_EDGE('',*,*,#558,.F.);
#558 = EDGE_CURVE('',#559,#32,#561,.T.);
#559 = VERTEX_POINT('',#560);
#560 = CARTESIAN_POINT('',(73.55772394383,-8.105449555194E-14,
    4.618527782441E-14));
#561 = B_SPLINE_CURVE_WITH_KNOTS('',8,(#562,#563,#564,#565,#566,#567,
    #568,#569,#570,#571,#572,#573,#574,#575,#576,#577,#578,#579,#580,
    #581,#582,#583,#584,#585,#586,#587,#588,#589,#590,#591,#592,#593,
    #594,#595,#596,#597,#598,#599,#600,#601,#602,#603,#604,#605,#606,
    #607,#608,#609,#610,#611,#612,#613,#614,#615,#616,#617,#618,#619),
  .UNSPECIFIED.,.F.,.F.,(9,7,7,7,7,7,7,7,9),(0.,0.308541367917,
    0.343178873577,0.412452501288,0.515846611463,0.617958883983,
    0.713383164941,0.785751894216,1.),.UNSPECIFIED.);
#562 = CARTESIAN_POINT('',(73.55772394383,-7.7965427968E-14,
    4.972650605173E-14));
#563 = CARTESIAN_POINT('',(73.55772394383,0.554918690342,
    4.967013689566E-14));
#564 = CARTESIAN_POINT('',(73.577951277774,1.109858558753,
    4.966047456244E-14));
#565 = CARTESIAN_POINT('',(73.618405191192,1.66378817619,
    4.969762208339E-14));
#566 = CARTESIAN_POINT('',(73.678990341521,2.215707761752,
    4.978146085206E-14));
#567 = CARTESIAN_POINT('',(73.759521124197,2.764648475301,
    4.991166068593E-14));
#568 = CARTESIAN_POINT('',(73.859725998745,3.309671710078,
    5.008768988809E-14));
#569 = CARTESIAN_POINT('',(73.979251814868,3.849868385317,
    5.030882530889E-14));
#570 = CARTESIAN_POINT('',(74.133207047396,4.444361198766,
    5.060394971076E-14));
#571 = CARTESIAN_POINT('',(74.148980753778,4.504279579104,
    5.063428780019E-14));
#572 = CARTESIAN_POINT('',(74.164988309612,4.56411155886,
    5.06651746716E-14));
#573 = CARTESIAN_POINT('',(74.181228745752,4.62385533821,
    5.069660826986E-14));
#574 = CARTESIAN_POINT('',(74.197701071982,4.683509138517,
    5.072858648903E-14));
#575 = CARTESIAN_POINT('',(74.214404277011,4.743071202339,
    5.076110717237E-14));
#576 = CARTESIAN_POINT('',(74.231337328478,4.802539793421,
    5.079416811232E-14));
#577 = CARTESIAN_POINT('',(74.282822176351,4.980657631563,
    5.089496358474E-14));
#578 = CARTESIAN_POINT('',(74.318063036843,5.099024373502,
    5.096431800163E-14));
#579 = CARTESIAN_POINT('',(74.354201639459,5.217001527438,
    5.103578505999E-14));
#580 = CARTESIAN_POINT('',(74.391259798691,5.334561108534,
    5.110941797659E-14));
#581 = CARTESIAN_POINT('',(74.429184215826,5.451708080608,
    5.118509316978E-14));
#582 = CARTESIAN_POINT('',(74.467995395856,5.568415470796,
    5.126286072962E-14));
#583 = CARTESIAN_POINT('',(74.50767605094,5.684676987661,
    5.134268137411E-14));
#584 = CARTESIAN_POINT('',(74.608726854737,5.973324384261,
    5.154670689251E-14));
#585 = CARTESIAN_POINT('',(74.671227360203,6.145358133098,
    5.167355775685E-14));
#586 = CARTESIAN_POINT('',(74.735695611146,6.316556550363,
    5.180503739421E-14));
#587 = CARTESIAN_POINT('',(74.802113165704,6.486891935702,
    5.194110603248E-14));
#588 = CARTESIAN_POINT('',(74.870461862453,6.656337167661,
    5.20817244883E-14));
#589 = CARTESIAN_POINT('',(74.94072152772,6.824866844344,
    5.222684875695E-14));
#590 = CARTESIAN_POINT('',(75.012869815198,6.992457186896,
    5.237642965182E-14));
#591 = CARTESIAN_POINT('',(75.159980940941,7.323646445248,
    5.268249625709E-14));
#592 = CARTESIAN_POINT('',(75.234898139922,7.487269080906,
    5.283887416774E-14));
#593 = CARTESIAN_POINT('',(75.311613998456,7.649930229061,
    5.299950321313E-14));
#594 = CARTESIAN_POINT('',(75.390109113453,7.811606796303,
    5.316434093347E-14));
#595 = CARTESIAN_POINT('',(75.470363002742,7.972276968175,
    5.333334224726E-14));
#596 = CARTESIAN_POINT('',(75.552352935303,8.131920850024,
    5.350645668491E-14));
#597 = CARTESIAN_POINT('',(75.636055044055,8.290519760036,
    5.368363103027E-14));
#598 = CARTESIAN_POINT('',(75.801247481048,8.595270643703,
    5.40341366472E-14));
#599 = CARTESIAN_POINT('',(75.882524001237,8.741556981469,
    5.420696054423E-14));
#600 = CARTESIAN_POINT('',(75.965256785599,8.886899905084,
    5.438324308042E-14));
#601 = CARTESIAN_POINT('',(76.049435113091,9.03127870872,
    5.456296160205E-14));
#602 = CARTESIAN_POINT('',(76.135036436381,9.174682494596,
    5.474606514983E-14));
#603 = CARTESIAN_POINT('',(76.222035796131,9.317102222244,
    5.493249700595E-14));
#604 = CARTESIAN_POINT('',(76.310418905334,9.458520483675,
    5.512222594718E-14));
#605 = CARTESIAN_POINT('',(76.468238986573,9.705400817615,
    5.546158585907E-14));
#606 = CARTESIAN_POINT('',(76.537095335803,9.811294287519,
    5.560983223339E-14));
#607 = CARTESIAN_POINT('',(76.60671637319,9.916608303712,
    5.575990328761E-14));
#608 = CARTESIAN_POINT('',(76.677123277833,10.021315712978,
    5.591185068675E-14));
#609 = CARTESIAN_POINT('',(76.748279954645,10.125432178918,
    5.60655894889E-14));
#610 = CARTESIAN_POINT('',(76.82019642018,10.228939256438,
    5.622114469795E-14));
#611 = CARTESIAN_POINT('',(76.89285554653,10.331838597007,
    5.637847659439E-14));
#612 = CARTESIAN_POINT('',(77.183540891237,10.736940064721,
    5.700857681888E-14));
#613 = CARTESIAN_POINT('',(77.407285440807,11.034375986529,
    5.749503407708E-14));
#614 = CARTESIAN_POINT('',(77.637270230198,11.32631244593,
    5.799645994208E-14));
#615 = CARTESIAN_POINT('',(77.873297251491,11.612629610572,
    5.851240934653E-14));
#616 = CARTESIAN_POINT('',(78.11515047839,11.893236460975,
    5.90423926882E-14));
#617 = CARTESIAN_POINT('',(78.362613660307,12.168054088774,
    5.958591861666E-14));
#618 = CARTESIAN_POINT('',(78.615490834086,12.436997425551,
    6.014254325497E-14));
#619 = CARTESIAN_POINT('',(78.873579502088,12.7,6.071180574766E-14));
#620 = ORIENTED_EDGE('',*,*,#621,.F.);
#621 = EDGE_CURVE('',#247,#559,#622,.T.);
#622 = LINE('',#623,#624);
#623 = CARTESIAN_POINT('',(63.545820746961,-7.8736397366E-14,
    -22.82018475508));
#624 = VECTOR('',#625,1.);
#625 = DIRECTION('',(0.401764147017,-9.302214794366E-17,0.915743179156)
  );
#626 = SURFACE_OF_LINEAR_EXTRUSION('',#627,#773);
#627 = B_SPLINE_CURVE_WITH_KNOTS('',12,(#628,#629,#630,#631,#632,#633,
    #634,#635,#636,#637,#638,#639,#640,#641,#642,#643,#644,#645,#646,
    #647,#648,#649,#650,#651,#652,#653,#654,#655,#656,#657,#658,#659,
    #660,#661,#662,#663,#664,#665,#666,#667,#668,#669,#670,#671,#672,
    #673,#674,#675,#676,#677,#678,#679,#680,#681,#682,#683,#684,#685,
    #686,#687,#688,#689,#690,#691,#692,#693,#694,#695,#696,#697,#698,
    #699,#700,#701,#702,#703,#704,#705,#706,#707,#708,#709,#710,#711,
    #712,#713,#714,#715,#716,#717,#718,#719,#720,#721,#722,#723,#724,
    #725,#726,#727,#728,#729,#730,#731,#732,#733,#734,#735,#736,#737,
    #738,#739,#740,#741,#742,#743,#744,#745,#746,#747,#748,#749,#750,
    #751,#752,#753,#754,#755,#756,#757,#758,#759,#760,#761,#762,#763,
    #764,#765,#766,#767,#768,#769,#770,#771,#772),.UNSPECIFIED.,.F.,.F.,
  (13,11,11,11,11,11,11,11,11,11,11,11,11,13),(0.,6.25E-02,0.125,0.25,
    0.3125,0.375,0.5,0.5625,0.625,0.6875,0.75,0.875,0.9375,1.),
  .UNSPECIFIED.);
#628 = CARTESIAN_POINT('',(98.344922353489,-7.15324625384E-14,
    -38.08760000004));
#629 = CARTESIAN_POINT('',(98.34492235346,0.44058254585,-38.08760000009)
  );
#630 = CARTESIAN_POINT('',(98.334784485821,0.879677842177,
    -38.08315221155));
#631 = CARTESIAN_POINT('',(98.313943129255,1.319507165579,
    -38.07400848073));
#632 = CARTESIAN_POINT('',(98.285603854791,1.741680885432,
    -38.06157518502));
#633 = CARTESIAN_POINT('',(98.24149655034,2.194710034532,-38.04222398246
    ));
#634 = CARTESIAN_POINT('',(98.199287410156,2.575119970784,
    -38.02370555772));
#635 = CARTESIAN_POINT('',(98.135330438579,3.030834988888,
    -37.99564570751));
#636 = CARTESIAN_POINT('',(98.074269487707,3.40527901453,-37.96885642575
    ));
#637 = CARTESIAN_POINT('',(98.001874115892,3.804826442513,-37.9370943938
    ));
#638 = CARTESIAN_POINT('',(97.924543565005,4.183034445208,
    -37.90316714888));
#639 = CARTESIAN_POINT('',(97.841381508462,4.55327950883,-37.86668144702
    ));
#640 = CARTESIAN_POINT('',(97.664745750932,5.273797617011,
    -37.78918601369));
#641 = CARTESIAN_POINT('',(97.571322794057,5.624111431031,
    -37.74819854539));
#642 = CARTESIAN_POINT('',(97.472887298992,5.965570122382,
    -37.70501192524));
#643 = CARTESIAN_POINT('',(97.370972396864,6.295967206949,
    -37.66029878464));
#644 = CARTESIAN_POINT('',(97.264464933943,6.61897237998,-37.61357074867
    ));
#645 = CARTESIAN_POINT('',(97.154481753359,6.933149774481,
    -37.56531781097));
#646 = CARTESIAN_POINT('',(97.042155362316,7.236992923353,
    -37.51603683595));
#647 = CARTESIAN_POINT('',(96.926586203159,7.533504243547,-37.4653331608
    ));
#648 = CARTESIAN_POINT('',(96.807634432062,7.823837536942,
    -37.41314543187));
#649 = CARTESIAN_POINT('',(96.687581176988,8.103635500447,
    -37.36047444862));
#650 = CARTESIAN_POINT('',(96.564824267816,8.377419295323,
    -37.30661729083));
#651 = CARTESIAN_POINT('',(96.188920889769,9.180799147843,
    -37.14169714347));
#652 = CARTESIAN_POINT('',(95.928493011561,9.691744049849,-37.0274395801
    ));
#653 = CARTESIAN_POINT('',(95.659767938921,10.17904123049,
    -36.90954178725));
#654 = CARTESIAN_POINT('',(95.384060848857,10.64374046508,
    -36.78858077295));
#655 = CARTESIAN_POINT('',(95.102478025175,11.086935374074,
    -36.66504189695));
#656 = CARTESIAN_POINT('',(94.815921215845,11.509751437846,
    -36.5393207836));
#657 = CARTESIAN_POINT('',(94.52509199608,11.913334011511,
    -36.41172523494));
#658 = CARTESIAN_POINT('',(94.23049612512,12.298836339683,
    -36.28247714269));
#659 = CARTESIAN_POINT('',(93.932447908547,12.667407571313,
    -36.1517144025));
#660 = CARTESIAN_POINT('',(93.631074556814,13.020180774441,
    -36.0194928251));
#661 = CARTESIAN_POINT('',(93.326320545687,13.358260951025,
    -35.88578805055));
#662 = CARTESIAN_POINT('',(92.863767691277,13.844939102058,-35.682852165
    ));
#663 = CARTESIAN_POINT('',(92.708652251529,14.003776410477,
    -35.61479834402));
#664 = CARTESIAN_POINT('',(92.552786700002,14.159210292319,
    -35.54641542654));
#665 = CARTESIAN_POINT('',(92.395400021838,14.311898558018,
    -35.47736514462));
#666 = CARTESIAN_POINT('',(92.237790907844,14.460962891376,
    -35.40821727383));
#667 = CARTESIAN_POINT('',(92.078740291835,14.607420546233,
    -35.33843697221));
#668 = CARTESIAN_POINT('',(91.917792966813,14.751650308699,
    -35.26782452743));
#669 = CARTESIAN_POINT('',(91.756605992746,14.892423911457,
    -35.19710694131));
#670 = CARTESIAN_POINT('',(91.594592592168,15.030277711793,
    -35.12602677688));
#671 = CARTESIAN_POINT('',(91.428588509035,15.167670689621,
    -35.0531957798));
#672 = CARTESIAN_POINT('',(91.263389418755,15.300794932361,
    -34.98071795727));
#673 = CARTESIAN_POINT('',(90.930427835605,15.561995034271,
    -34.83463767029));
#674 = CARTESIAN_POINT('',(90.762814068111,15.689917458752,
    -34.76110045594));
#675 = CARTESIAN_POINT('',(90.595179521797,15.814486599353,
    -34.68755412585));
#676 = CARTESIAN_POINT('',(90.424404184015,15.937762078595,
    -34.6126298346));
#677 = CARTESIAN_POINT('',(90.254674715787,16.057037625505,
    -34.5381643999));
#678 = CARTESIAN_POINT('',(90.084323356461,16.173466333197,
    -34.46342612018));
#679 = CARTESIAN_POINT('',(89.910634720824,16.288825503056,
    -34.38722367944));
#680 = CARTESIAN_POINT('',(89.736135206998,16.40142277769,
    -34.31066547973));
#681 = CARTESIAN_POINT('',(89.563082804892,16.509833227729,
    -34.23474217303));
#682 = CARTESIAN_POINT('',(89.387742630723,16.616624702531,
    -34.15781515102));
#683 = CARTESIAN_POINT('',(89.211873402673,16.720556322169,
    -34.08065601737));
#684 = CARTESIAN_POINT('',(88.681164767491,17.024895595864,
    -33.84781813557));
#685 = CARTESIAN_POINT('',(88.323383307592,17.217732438226,-33.69084862)
  );
#686 = CARTESIAN_POINT('',(87.96097728898,17.40093592854,-33.53185017184
    ));
#687 = CARTESIAN_POINT('',(87.593335564002,17.574788843418,
    -33.37055465952));
#688 = CARTESIAN_POINT('',(87.219880442933,17.739441090964,
    -33.20670863846));
#689 = CARTESIAN_POINT('',(86.840063455198,17.894916720162,
    -33.0400714698));
#690 = CARTESIAN_POINT('',(86.453361091626,18.041120930504,
    -32.87041348464));
#691 = CARTESIAN_POINT('',(86.059270573103,18.177847081407,
    -32.69751408807));
#692 = CARTESIAN_POINT('',(85.657305588656,18.304783701764,
    -32.52115992952));
#693 = CARTESIAN_POINT('',(85.246992062993,18.421521499452,
    -32.34114301211));
#694 = CARTESIAN_POINT('',(84.827863900575,18.527560370817,
    -32.15725884861));
#695 = CARTESIAN_POINT('',(84.18525616711,18.669694429898,
    -31.87532745801));
#696 = CARTESIAN_POINT('',(83.968671538058,18.71425358602,
    -31.78030525005));
#697 = CARTESIAN_POINT('',(83.749835982025,18.755904337581,
    -31.68429549289));
#698 = CARTESIAN_POINT('',(83.528556523562,18.794575002729,
    -31.58721352113));
#699 = CARTESIAN_POINT('',(83.304667437739,18.830183983391,
    -31.48898662879));
#700 = CARTESIAN_POINT('',(83.078138967672,18.862631698331,
    -31.38960175676));
#701 = CARTESIAN_POINT('',(82.849027804721,18.891804931949,
    -31.28908378186));
#702 = CARTESIAN_POINT('',(82.617353767976,18.917586305613,
    -31.18744139496));
#703 = CARTESIAN_POINT('',(82.38298706776,18.939861578892,
    -31.08461765666));
#704 = CARTESIAN_POINT('',(82.145630591955,18.958517487551,
    -30.98048221306));
#705 = CARTESIAN_POINT('',(81.904981607283,18.973422825515,
    -30.87490224672));
#706 = CARTESIAN_POINT('',(81.417332994233,18.9953481302,-30.6609560951)
  );
#707 = CARTESIAN_POINT('',(81.17047823107,19.002375857332,
    -30.55265346647));
#708 = CARTESIAN_POINT('',(80.919858525913,19.005292392577,
    -30.44269904467));
#709 = CARTESIAN_POINT('',(80.666647302929,19.003925953623,
    -30.3316076449));
#710 = CARTESIAN_POINT('',(80.410411654545,18.998126612005,
    -30.21918934012));
#711 = CARTESIAN_POINT('',(80.150284221213,18.987684649458,
    -30.10506358978));
#712 = CARTESIAN_POINT('',(79.886207244809,18.972339736398,
    -29.98920505807));
#713 = CARTESIAN_POINT('',(79.618848617658,18.951861532719,
    -29.87190676533));
#714 = CARTESIAN_POINT('',(79.3487328292,18.926093667221,-29.75339882397
    ));
#715 = CARTESIAN_POINT('',(79.075802245061,18.894884976704,
    -29.63365594633));
#716 = CARTESIAN_POINT('',(78.800025987525,18.857984402508,
    -29.5126645861));
#717 = CARTESIAN_POINT('',(78.243583932905,18.772513658036,
    -29.26853667721));
#718 = CARTESIAN_POINT('',(77.96298614898,18.723958702062,
    -29.14542996777));
#719 = CARTESIAN_POINT('',(77.679452680451,18.66929178031,-29.0210352857
    ));
#720 = CARTESIAN_POINT('',(77.394725486243,18.608455458141,
    -28.89611687848));
#721 = CARTESIAN_POINT('',(77.108892235578,18.541857069265,
    -28.77071321388));
#722 = CARTESIAN_POINT('',(76.816960430603,18.467311712493,
    -28.64263392559));
#723 = CARTESIAN_POINT('',(76.526822698656,18.386861547456,
    -28.51534175562));
#724 = CARTESIAN_POINT('',(76.239485511375,18.301001858113,
    -28.38927826522));
#725 = CARTESIAN_POINT('',(75.945133543627,18.206531569347,
    -28.26013718175));
#726 = CARTESIAN_POINT('',(75.654798992741,18.106475110036,
    -28.13275865877));
#727 = CARTESIAN_POINT('',(75.362899961601,17.999154998893,
    -28.00469375169));
#728 = CARTESIAN_POINT('',(74.780098624142,17.770906500588,
    -27.7490012305));
#729 = CARTESIAN_POINT('',(74.48904135822,17.64995969314,-27.62130563108
    ));
#730 = CARTESIAN_POINT('',(74.198349340706,17.522015055071,
    -27.49377027716));
#731 = CARTESIAN_POINT('',(73.908606041273,17.387208395252,
    -27.36665115446));
#732 = CARTESIAN_POINT('',(73.62036637615,17.245697730284,
    -27.24019172144));
#733 = CARTESIAN_POINT('',(73.333925869495,17.097541157315,
    -27.11452163364));
#734 = CARTESIAN_POINT('',(73.049337758937,16.942691451346,
    -26.98966424756));
#735 = CARTESIAN_POINT('',(72.76656659641,16.781057365679,
    -26.86560401181));
#736 = CARTESIAN_POINT('',(72.485666967942,16.612581613534,
    -26.74236487403));
#737 = CARTESIAN_POINT('',(72.206875874163,16.437285509608,
    -26.62005081436));
#738 = CARTESIAN_POINT('',(71.930507391302,16.255230249565,
    -26.49879962695));
#739 = CARTESIAN_POINT('',(71.108599727318,15.688573919383,
    -26.1382039501));
#740 = CARTESIAN_POINT('',(70.570095686898,15.283205880106,
    -25.9019459888));
#741 = CARTESIAN_POINT('',(70.045822048098,14.853622023878,
    -25.67193133429));
#742 = CARTESIAN_POINT('',(69.520583640931,14.384409520195,
    -25.44149340575));
#743 = CARTESIAN_POINT('',(69.041757036555,13.917859578854,
    -25.23141773642));
#744 = CARTESIAN_POINT('',(68.52860689101,13.381135135622,
    -25.00628329218));
#745 = CARTESIAN_POINT('',(68.078340846484,12.857190878589,
    -24.8087380019));
#746 = CARTESIAN_POINT('',(67.611905558264,12.277772075783,
    -24.60409877455));
#747 = CARTESIAN_POINT('',(67.179979682867,11.68342559566,
    -24.41459986889));
#748 = CARTESIAN_POINT('',(66.762283995497,11.056861420934,
    -24.23134417488));
#749 = CARTESIAN_POINT('',(66.366892703646,10.402285387621,
    -24.05787409218));
#750 = CARTESIAN_POINT('',(65.808810452222,9.378644548731,
    -23.81302657944));
#751 = CARTESIAN_POINT('',(65.628779589047,9.030835485975,
    -23.73404161094));
#752 = CARTESIAN_POINT('',(65.453602798712,8.672934110315,
    -23.65718627047));
#753 = CARTESIAN_POINT('',(65.29019790727,8.321822775079,-23.58549561729
    ));
#754 = CARTESIAN_POINT('',(65.119082133407,7.928425049761,
    -23.51042196694));
#755 = CARTESIAN_POINT('',(64.980107786809,7.58987963966,-23.44944973079
    ));
#756 = CARTESIAN_POINT('',(64.81878025331,7.174656459168,-23.37867047646
    ));
#757 = CARTESIAN_POINT('',(64.68710337079,6.804361016518,-23.32089985784
    ));
#758 = CARTESIAN_POINT('',(64.55164848844,6.401545832473,-23.26147171599
    ));
#759 = CARTESIAN_POINT('',(64.428369104022,6.001906322704,
    -23.20738533269));
#760 = CARTESIAN_POINT('',(64.312608802275,5.594811209415,-23.1565977975
    ));
#761 = CARTESIAN_POINT('',(64.098686207881,4.770883426379,-23.0627435045
    ));
#762 = CARTESIAN_POINT('',(64.00042690224,4.353836919865,-23.01963418407
    ));
#763 = CARTESIAN_POINT('',(63.911154300856,3.932128720677,
    -22.98046760186));
#764 = CARTESIAN_POINT('',(63.831126329473,3.506186961349,
    -22.94535691752));
#765 = CARTESIAN_POINT('',(63.760574127727,3.076446984655,
    -22.91440353915));
#766 = CARTESIAN_POINT('',(63.699702047566,2.643351343564,
    -22.88769712194));
#767 = CARTESIAN_POINT('',(63.648687655525,2.2073498013,-22.86531556984)
  );
#768 = CARTESIAN_POINT('',(63.607681730142,1.768899331276,
    -22.84732503383));
#769 = CARTESIAN_POINT('',(63.576808264301,1.328464117154,
    -22.83377991335));
#770 = CARTESIAN_POINT('',(63.556164463516,0.886515552799,
    -22.82472285546));
#771 = CARTESIAN_POINT('',(63.545820746963,0.443532242309,
    -22.82018475508));
#772 = CARTESIAN_POINT('',(63.545820746961,-7.7306397366E-14,
    -22.82018475508));
#773 = VECTOR('',#774,1.);
#774 = DIRECTION('',(-0.401764147017,9.302214794366E-17,-0.915743179156)
  );
#775 = ADVANCED_FACE('',(#776),#850,.T.);
#776 = FACE_BOUND('',#777,.T.);
#777 = EDGE_LOOP('',(#778,#786,#847,#848,#849));
#778 = ORIENTED_EDGE('',*,*,#779,.F.);
#779 = EDGE_CURVE('',#780,#72,#782,.T.);
#780 = VERTEX_POINT('',#781);
#781 = CARTESIAN_POINT('',(78.873579449199,-12.7,8.01006153433E-14));
#782 = LINE('',#783,#784);
#783 = CARTESIAN_POINT('',(62.91072,-12.7,6.415051465388E-14));
#784 = VECTOR('',#785,1.);
#785 = DIRECTION('',(-1.,-1.582483041143E-17,-9.992007221626E-16));
#786 = ORIENTED_EDGE('',*,*,#787,.T.);
#787 = EDGE_CURVE('',#780,#559,#788,.T.);
#788 = B_SPLINE_CURVE_WITH_KNOTS('',8,(#789,#790,#791,#792,#793,#794,
    #795,#796,#797,#798,#799,#800,#801,#802,#803,#804,#805,#806,#807,
    #808,#809,#810,#811,#812,#813,#814,#815,#816,#817,#818,#819,#820,
    #821,#822,#823,#824,#825,#826,#827,#828,#829,#830,#831,#832,#833,
    #834,#835,#836,#837,#838,#839,#840,#841,#842,#843,#844,#845,#846),
  .UNSPECIFIED.,.F.,.F.,(9,7,7,7,7,7,7,7,9),(0.,0.150733183429,
    0.267149556049,0.311888855611,0.470356484382,0.55094726102,
    0.63240125988,0.815453127019,1.),.UNSPECIFIED.);
#789 = CARTESIAN_POINT('',(78.873579449199,-12.7,6.329196122175E-14));
#790 = CARTESIAN_POINT('',(78.691562705193,-12.51451774025,
    6.285280656479E-14));
#791 = CARTESIAN_POINT('',(78.512138449526,-12.32608074801,
    6.241933833931E-14));
#792 = CARTESIAN_POINT('',(78.335376866284,-12.13471286374,
    6.199172103617E-14));
#793 = CARTESIAN_POINT('',(78.161348349877,-11.94044100231,
    6.157011994425E-14));
#794 = CARTESIAN_POINT('',(77.99012486642,-11.74329370798,
    6.115470414729E-14));
#795 = CARTESIAN_POINT('',(77.821780132495,-11.54330092467,
    6.074564691342E-14));
#796 = CARTESIAN_POINT('',(77.656388611279,-11.3404949815,
    6.034312347708E-14));
#797 = CARTESIAN_POINT('',(77.368623084916,-10.97613466618,
    5.964160305647E-14));
#798 = CARTESIAN_POINT('',(77.245027770197,-10.81570081625,
    5.933989964695E-14));
#799 = CARTESIAN_POINT('',(77.123272510671,-10.65362721429,
    5.904227872668E-14));
#800 = CARTESIAN_POINT('',(77.003388956178,-10.48993354782,
    5.874881538136E-14));
#801 = CARTESIAN_POINT('',(76.885410420743,-10.32463938967,
    5.845958852799E-14));
#802 = CARTESIAN_POINT('',(76.769373296682,-10.15776311177,
    5.817468406998E-14));
#803 = CARTESIAN_POINT('',(76.655314739643,-9.989323544689,
    5.789418971999E-14));
#804 = CARTESIAN_POINT('',(76.500206064727,-9.754020678883,
    5.751211037216E-14));
#805 = CARTESIAN_POINT('',(76.457441664671,-9.688470163137,
    5.740670010638E-14));
#806 = CARTESIAN_POINT('',(76.414975914368,-9.622693730362,
    5.730195653397E-14));
#807 = CARTESIAN_POINT('',(76.372811108612,-9.556692429875,
    5.719788506065E-14));
#808 = CARTESIAN_POINT('',(76.330949347063,-9.490467465431,
    5.709449065724E-14));
#809 = CARTESIAN_POINT('',(76.289392534242,-9.424020195217,
    5.699177785962E-14));
#810 = CARTESIAN_POINT('',(76.248142379537,-9.35735213186,
    5.688975076878E-14));
#811 = CARTESIAN_POINT('',(76.062182953435,-9.053548977938,
    5.642947252113E-14));
#812 = CARTESIAN_POINT('',(75.921031406273,-8.813883996042,
    5.607917987498E-14));
#813 = CARTESIAN_POINT('',(75.783832791608,-8.571533837887,
    5.573774258071E-14));
#814 = CARTESIAN_POINT('',(75.650705207361,-8.326537026592,
    5.540543726334E-14));
#815 = CARTESIAN_POINT('',(75.521653873082,-8.079021965202,
    5.508228901915E-14));
#816 = CARTESIAN_POINT('',(75.396844810266,-7.829006229392,
    5.476868301046E-14));
#817 = CARTESIAN_POINT('',(75.276316314691,-7.576598741551,
    5.446471873434E-14));
#818 = CARTESIAN_POINT('',(75.101081948262,-7.192334936036,
    5.40210335345E-14));
#819 = CARTESIAN_POINT('',(75.043136853125,-7.062194524556,
    5.387400689506E-14));
#820 = CARTESIAN_POINT('',(74.98633168235,-6.931466900895,
    5.372955292023E-14));
#821 = CARTESIAN_POINT('',(74.930677070168,-6.800163278967,
    5.358769730569E-14));
#822 = CARTESIAN_POINT('',(74.8761835607,-6.668295104953,
    5.344846556266E-14));
#823 = CARTESIAN_POINT('',(74.822861328181,-6.535874214026,
    5.33118823877E-14));
#824 = CARTESIAN_POINT('',(74.770719897183,-6.402912987064,
    5.317797103263E-14));
#825 = CARTESIAN_POINT('',(74.668270072143,-6.134506208705,
    5.291412881277E-14));
#826 = CARTESIAN_POINT('',(74.617986960173,-5.999049235713,
    5.278425516914E-14));
#827 = CARTESIAN_POINT('',(74.568930860288,-5.863065930304,
    5.265716147737E-14));
#828 = CARTESIAN_POINT('',(74.521104705261,-5.726571899991,
    5.253285609525E-14));
#829 = CARTESIAN_POINT('',(74.474527983587,-5.589576945676,
    5.24113850212E-14));
#830 = CARTESIAN_POINT('',(74.429212138387,-5.452094061791,
    5.229277599967E-14));
#831 = CARTESIAN_POINT('',(74.385146665801,-5.314144551044,
    5.21770069391E-14));
#832 = CARTESIAN_POINT('',(74.246196180248,-4.86469416971,
    5.181048679025E-14));
#833 = CARTESIAN_POINT('',(74.156458678722,-4.551342584984,
    5.157143434184E-14));
#834 = CARTESIAN_POINT('',(74.073235367053,-4.235852611035,
    5.134720724579E-14));
#835 = CARTESIAN_POINT('',(73.996630178571,-3.918390084854,
    5.11380623509E-14));
#836 = CARTESIAN_POINT('',(73.926711973366,-3.599139939762,
    5.094417745463E-14));
#837 = CARTESIAN_POINT('',(73.86356715279,-3.278279764837,
    5.076577011472E-14));
#838 = CARTESIAN_POINT('',(73.807255487705,-2.956002929814,
    5.060299799674E-14));
#839 = CARTESIAN_POINT('',(73.708009351809,-2.306363691562,
    5.030782779073E-14));
#840 = CARTESIAN_POINT('',(73.665187182349,-1.978978718576,
    5.01756867364E-14));
#841 = CARTESIAN_POINT('',(73.629424941782,-1.650551092534,
    5.00597425613E-14));
#842 = CARTESIAN_POINT('',(73.60076854191,-1.321284891679,
    4.996012201545E-14));
#843 = CARTESIAN_POINT('',(73.579252590491,-0.991386596968,
    4.987692598965E-14));
#844 = CARTESIAN_POINT('',(73.564900391236,-0.661065092075,
    4.981022951544E-14));
#845 = CARTESIAN_POINT('',(73.557723943809,-0.330531663385,
    4.976008176511E-14));
#846 = CARTESIAN_POINT('',(73.55772394383,-8.049672635941E-14,
    4.972650605173E-14));
#847 = ORIENTED_EDGE('',*,*,#558,.T.);
#848 = ORIENTED_EDGE('',*,*,#31,.T.);
#849 = ORIENTED_EDGE('',*,*,#71,.F.);
#850 = PLANE('',#851);
#851 = AXIS2_PLACEMENT_3D('',#852,#853,#854);
#852 = CARTESIAN_POINT('',(62.91072,-1.820694772494E-14,
    2.514043685577E-14));
#853 = DIRECTION('',(-2.087156117238E-15,-3.273900442798E-31,1.));
#854 = DIRECTION('',(1.,1.558248304114E-16,2.309200722163E-15));
#855 = ADVANCED_FACE('',(#856),#877,.T.);
#856 = FACE_BOUND('',#857,.T.);
#857 = EDGE_LOOP('',(#858,#869,#870,#871,#872));
#858 = ORIENTED_EDGE('',*,*,#859,.F.);
#859 = EDGE_CURVE('',#780,#860,#862,.T.);
#860 = VERTEX_POINT('',#861);
#861 = CARTESIAN_POINT('',(68.00362046688,-12.7,-24.77595591758));
#862 = B_SPLINE_CURVE_WITH_KNOTS('',5,(#863,#864,#865,#866,#867,#868),
  .UNSPECIFIED.,.F.,.F.,(6,6),(0.,1.),.PIECEWISE_BEZIER_KNOTS.);
#863 = CARTESIAN_POINT('',(78.873579449199,-12.7,1.367794766338E-13));
#864 = CARTESIAN_POINT('',(77.114359125498,-12.7,-4.009800336892));
#865 = CARTESIAN_POINT('',(74.681045326804,-12.7,-9.556065553547));
#866 = CARTESIAN_POINT('',(72.209570156121,-12.7,-15.18931219043));
#867 = CARTESIAN_POINT('',(69.992221240585,-12.7,-20.24332748842));
#868 = CARTESIAN_POINT('',(68.003620185645,-12.7,-24.7759565586));
#869 = ORIENTED_EDGE('',*,*,#779,.T.);
#870 = ORIENTED_EDGE('',*,*,#80,.T.);
#871 = ORIENTED_EDGE('',*,*,#104,.T.);
#872 = ORIENTED_EDGE('',*,*,#873,.T.);
#873 = EDGE_CURVE('',#105,#860,#874,.T.);
#874 = B_SPLINE_CURVE_WITH_KNOTS('',1,(#875,#876),.UNSPECIFIED.,.F.,.F.,
  (2,2),(0.,1.),.PIECEWISE_BEZIER_KNOTS.);
#875 = CARTESIAN_POINT('',(67.729833509815,-12.7,-25.4));
#876 = CARTESIAN_POINT('',(68.003620748089,-12.7,-24.77595527662));
#877 = PLANE('',#878);
#878 = AXIS2_PLACEMENT_3D('',#879,#880,#881);
#879 = CARTESIAN_POINT('',(60.763693313593,-12.7,-11.8793636853));
#880 = DIRECTION('',(2.36364005872E-31,-1.,-2.18419071015E-16));
#881 = DIRECTION('',(7.771561172376E-16,3.2E-16,-1.));
#882 = ADVANCED_FACE('',(#883),#1036,.F.);
#883 = FACE_BOUND('',#884,.F.);
#884 = EDGE_LOOP('',(#885,#1033,#1034,#1035));
#885 = ORIENTED_EDGE('',*,*,#886,.F.);
#886 = EDGE_CURVE('',#247,#860,#887,.T.);
#887 = B_SPLINE_CURVE_WITH_KNOTS('',12,(#888,#889,#890,#891,#892,#893,
    #894,#895,#896,#897,#898,#899,#900,#901,#902,#903,#904,#905,#906,
    #907,#908,#909,#910,#911,#912,#913,#914,#915,#916,#917,#918,#919,
    #920,#921,#922,#923,#924,#925,#926,#927,#928,#929,#930,#931,#932,
    #933,#934,#935,#936,#937,#938,#939,#940,#941,#942,#943,#944,#945,
    #946,#947,#948,#949,#950,#951,#952,#953,#954,#955,#956,#957,#958,
    #959,#960,#961,#962,#963,#964,#965,#966,#967,#968,#969,#970,#971,
    #972,#973,#974,#975,#976,#977,#978,#979,#980,#981,#982,#983,#984,
    #985,#986,#987,#988,#989,#990,#991,#992,#993,#994,#995,#996,#997,
    #998,#999,#1000,#1001,#1002,#1003,#1004,#1005,#1006,#1007,#1008,
    #1009,#1010,#1011,#1012,#1013,#1014,#1015,#1016,#1017,#1018,#1019,
    #1020,#1021,#1022,#1023,#1024,#1025,#1026,#1027,#1028,#1029,#1030,
    #1031,#1032),.UNSPECIFIED.,.F.,.F.,(13,11,11,11,11,11,11,11,11,11,11
    ,11,11,13),(0.,6.25E-02,0.125,0.25,0.3125,0.375,0.4375,0.5,0.625,
    0.6875,0.75,0.875,0.9375,1.),.UNSPECIFIED.);
#888 = CARTESIAN_POINT('',(63.545820746962,-8.0416397366E-14,
    -22.82018475508));
#889 = CARTESIAN_POINT('',(63.545820746901,-0.442381055151,
    -22.82018475515));
#890 = CARTESIAN_POINT('',(63.556110835307,-0.884215972983,
    -22.82469932671));
#891 = CARTESIAN_POINT('',(63.576647720219,-1.325022753127,
    -22.83370947888));
#892 = CARTESIAN_POINT('',(63.607361604672,-1.764326519501,
    -22.84718458329));
#893 = CARTESIAN_POINT('',(63.648156169908,-2.201659520336,
    -22.86508239355));
#894 = CARTESIAN_POINT('',(63.698908604661,-2.636561128139,
    -22.88734901195));
#895 = CARTESIAN_POINT('',(63.759469563576,-3.068577839736,
    -22.91391893584));
#896 = CARTESIAN_POINT('',(63.829663216108,-3.497263276231,
    -22.94471500401));
#897 = CARTESIAN_POINT('',(63.909287198526,-3.92217818304,
    -22.97964844858));
#898 = CARTESIAN_POINT('',(63.998112653224,-4.342890429866,
    -23.01861885296));
#899 = CARTESIAN_POINT('',(64.095884202087,-4.758975010715,
    -23.06151418011));
#900 = CARTESIAN_POINT('',(64.308755720136,-5.581053077056,
    -23.15490733415));
#901 = CARTESIAN_POINT('',(64.423961908429,-5.987284976484,
    -23.20545176311));
#902 = CARTESIAN_POINT('',(64.546582380673,-6.385910722919,
    -23.25924906174));
#903 = CARTESIAN_POINT('',(64.68158872124,-6.788435409837,
    -23.31848041471));
#904 = CARTESIAN_POINT('',(64.812308836735,-7.157065049502,
    -23.37583127102));
#905 = CARTESIAN_POINT('',(64.97318412723,-7.572435924669,
    -23.44641211233));
#906 = CARTESIAN_POINT('',(65.111498958938,-7.910109966279,
    -23.50709499986));
#907 = CARTESIAN_POINT('',(65.28166675175,-8.302548712904,
    -23.58175274194));
#908 = CARTESIAN_POINT('',(65.444470937059,-8.653354380724,
    -23.65317984748));
#909 = CARTESIAN_POINT('',(65.618809108609,-9.010567194314,
    -23.72966726048));
#910 = CARTESIAN_POINT('',(65.79804964751,-9.357866895374,
    -23.80830548992));
#911 = CARTESIAN_POINT('',(66.353681779854,-10.38003942856,
    -24.05207806153));
#912 = CARTESIAN_POINT('',(66.74735843234,-11.03378070759,
    -24.22479588029));
#913 = CARTESIAN_POINT('',(67.163395320985,-11.6598094455,
    -24.40732380912));
#914 = CARTESIAN_POINT('',(67.593217109665,-12.25322795184,
    -24.59589958873));
#915 = CARTESIAN_POINT('',(68.05826301946,-12.83295025959,
    -24.79992925365));
#916 = CARTESIAN_POINT('',(68.5062084013,-13.35588663168,-24.99645639931
    ));
#917 = CARTESIAN_POINT('',(69.017485143404,-13.89293213122,
    -25.22076892505));
#918 = CARTESIAN_POINT('',(69.494689906433,-14.35953276987,
    -25.43013304352));
#919 = CARTESIAN_POINT('',(70.017600242682,-14.82869591339,
    -25.65954957726));
#920 = CARTESIAN_POINT('',(70.539980987606,-15.25863822019,
    -25.88873376211));
#921 = CARTESIAN_POINT('',(71.076450429385,-15.6644087689,
    -26.12409908361));
#922 = CARTESIAN_POINT('',(71.8953605629,-16.2319077523,-26.4833796535)
  );
#923 = CARTESIAN_POINT('',(72.170728406087,-16.41427685401,
    -26.60419182995));
#924 = CARTESIAN_POINT('',(72.448535088549,-16.58992922443,
    -26.72607399915));
#925 = CARTESIAN_POINT('',(72.728460372491,-16.75879824685,
    -26.84888566176));
#926 = CARTESIAN_POINT('',(73.010258512024,-16.92085650837,
    -26.97251900413));
#927 = CARTESIAN_POINT('',(73.293873676571,-17.0761604163,
    -27.09694952825));
#928 = CARTESIAN_POINT('',(73.579349317144,-17.22480557707,
    -27.2221963012));
#929 = CARTESIAN_POINT('',(73.866645821079,-17.36684539325,
    -27.34824194031));
#930 = CARTESIAN_POINT('',(74.155480732718,-17.50222534187,
    -27.47496252624));
#931 = CARTESIAN_POINT('',(74.445305887056,-17.63078538909,-27.602117561
    ));
#932 = CARTESIAN_POINT('',(74.735535743381,-17.7523830035,
    -27.72945015092));
#933 = CARTESIAN_POINT('',(75.31674675625,-17.9819954465,-27.98444494873
    ));
#934 = CARTESIAN_POINT('',(75.607803897213,-18.08999845083,
    -28.11214049332));
#935 = CARTESIAN_POINT('',(75.897929272237,-18.19098429674,
    -28.23942724414));
#936 = CARTESIAN_POINT('',(76.190162006677,-18.28572962054,
    -28.36763855697));
#937 = CARTESIAN_POINT('',(76.479009120332,-18.37310073883,
    -28.49436449603));
#938 = CARTESIAN_POINT('',(76.767202802119,-18.45393165552,
    -28.62080375466));
#939 = CARTESIAN_POINT('',(77.057555003148,-18.52899171917,
    -28.7481900209));
#940 = CARTESIAN_POINT('',(77.34533967254,-18.59726021594,
    -28.87444983351));
#941 = CARTESIAN_POINT('',(77.627943753753,-18.65836726791,
    -28.9984367659));
#942 = CARTESIAN_POINT('',(77.911743198836,-18.71415314588,
    -29.12294814046));
#943 = CARTESIAN_POINT('',(78.191918015927,-18.7635566636,
    -29.24586928141));
#944 = CARTESIAN_POINT('',(78.747800348116,-18.85080894469,
    -29.48975162323));
#945 = CARTESIAN_POINT('',(79.023302019528,-18.88860133045,
    -29.61062251422));
#946 = CARTESIAN_POINT('',(79.296157274544,-18.92070685407,
    -29.7303323427));
#947 = CARTESIAN_POINT('',(79.566013589116,-18.94735964004,
    -29.84872644519));
#948 = CARTESIAN_POINT('',(79.833176742699,-18.96872202257,
    -29.96593897737));
#949 = CARTESIAN_POINT('',(80.097313704828,-18.98495298434,
    -30.08182382731));
#950 = CARTESIAN_POINT('',(80.357555671936,-18.99626656584,
    -30.19599982626));
#951 = CARTESIAN_POINT('',(80.613721255338,-19.0029124709,
    -30.30838739216));
#952 = CARTESIAN_POINT('',(80.866803341482,-19.00511430471,
    -30.41942213519));
#953 = CARTESIAN_POINT('',(81.117491006597,-19.00303760035,
    -30.52940637334));
#954 = CARTESIAN_POINT('',(81.364330450364,-18.99683000375,
    -30.6377022808));
#955 = CARTESIAN_POINT('',(81.852001269798,-18.97652941462,
    -30.85165817504));
#956 = CARTESIAN_POINT('',(82.092693440232,-18.96242500726,
    -30.9572570883));
#957 = CARTESIAN_POINT('',(82.330069345988,-18.94456148026,
    -31.06140105625));
#958 = CARTESIAN_POINT('',(82.564431216633,-18.92307234412,
    -31.16422267613));
#959 = CARTESIAN_POINT('',(82.796091574182,-18.89807219049,
    -31.26585906066));
#960 = CARTESIAN_POINT('',(83.025191528705,-18.86967575509,
    -31.36637211936));
#961 = CARTESIAN_POINT('',(83.251712709339,-18.83800053808,
    -31.4657537919));
#962 = CARTESIAN_POINT('',(83.475593184804,-18.8031600381,
    -31.56397690782));
#963 = CARTESIAN_POINT('',(83.696857755443,-18.76525465872,
    -31.66105234704));
#964 = CARTESIAN_POINT('',(83.91567297031,-18.72436734356,-31.7570531803
    ));
#965 = CARTESIAN_POINT('',(84.132237247832,-18.68057099833,
    -31.85206645932));
#966 = CARTESIAN_POINT('',(84.774774883247,-18.54072227379,
    -32.1339670958));
#967 = CARTESIAN_POINT('',(85.193845360387,-18.43620448863,
    -32.31782595109));
#968 = CARTESIAN_POINT('',(85.60409019209,-18.32099070796,
    -32.49781273012));
#969 = CARTESIAN_POINT('',(86.005974145285,-18.19558672328,
    -32.67413133848));
#970 = CARTESIAN_POINT('',(86.399968915207,-18.06040805411,
    -32.84698872607));
#971 = CARTESIAN_POINT('',(86.786557585506,-17.91577319055,
    -33.01659683217));
#972 = CARTESIAN_POINT('',(87.166239092641,-17.76189683683,
    -33.18317455971));
#973 = CARTESIAN_POINT('',(87.53953268399,-17.59888315357,
    -33.34694971421));
#974 = CARTESIAN_POINT('',(87.906982383369,-17.42671900141,
    -33.50816097822));
#975 = CARTESIAN_POINT('',(88.269161449464,-17.2452671834,
    -33.66705985588));
#976 = CARTESIAN_POINT('',(88.626676839768,-17.05425968835,
    -33.82391263857));
#977 = CARTESIAN_POINT('',(89.156922086728,-16.75280655618,
    -34.05654721799));
#978 = CARTESIAN_POINT('',(89.332398431569,-16.64999930584,
    -34.13353398202));
#979 = CARTESIAN_POINT('',(89.508709712018,-16.54352539261,
    -34.21088705732));
#980 = CARTESIAN_POINT('',(89.679130163789,-16.43761746342,
    -34.28565564882));
#981 = CARTESIAN_POINT('',(89.855937715576,-16.32461467605,
    -34.36322645299));
#982 = CARTESIAN_POINT('',(90.028738390342,-16.21074071119,
    -34.4390393204));
#983 = CARTESIAN_POINT('',(90.197623343113,-16.09617031377,
    -34.51313424134));
#984 = CARTESIAN_POINT('',(90.369273224834,-15.97679469463,
    -34.58844222106));
#985 = CARTESIAN_POINT('',(90.538094161174,-15.85573807144,
    -34.66250905631));
#986 = CARTESIAN_POINT('',(90.706199491004,-15.73197855108,
    -34.73626193392));
#987 = CARTESIAN_POINT('',(90.873412898831,-15.60541986951,
    -34.80962349819));
#988 = CARTESIAN_POINT('',(91.205874474076,-15.34683277603,
    -34.95548441671));
#989 = CARTESIAN_POINT('',(91.371150895975,-15.21478073551,
    -35.02799616674));
#990 = CARTESIAN_POINT('',(91.535491538542,-15.07991635153,
    -35.10009736289));
#991 = CARTESIAN_POINT('',(91.698910433414,-14.94218349954,
    -35.17179415887));
#992 = CARTESIAN_POINT('',(91.861417051798,-14.80152378022,
    -35.24309071447));
#993 = CARTESIAN_POINT('',(92.023016314335,-14.65787651935,
    -35.31398918191));
#994 = CARTESIAN_POINT('',(92.183708577356,-14.51117876797,
    -35.38448972539));
#995 = CARTESIAN_POINT('',(92.343489648591,-14.36136530219,
    -35.45459049804));
#996 = CARTESIAN_POINT('',(92.502350772297,-14.2083686234,
    -35.52428766436));
#997 = CARTESIAN_POINT('',(92.660278640921,-14.05211895808,
    -35.59357538228));
#998 = CARTESIAN_POINT('',(92.817255387596,-13.89254425791,
    -35.66244581479));
#999 = CARTESIAN_POINT('',(93.285264994834,-13.40362208345,
    -35.86777574237));
#1000 = CARTESIAN_POINT('',(93.593659110402,-13.06379680003,
    -36.00307754038));
#1001 = CARTESIAN_POINT('',(93.89731371504,-12.71027045005,
    -36.13629997264));
#1002 = CARTESIAN_POINT('',(94.192958491251,-12.34662497108,
    -36.26600825016));
#1003 = CARTESIAN_POINT('',(94.490740362276,-11.95990355663,
    -36.39665413818));
#1004 = CARTESIAN_POINT('',(94.780337421247,-11.56039018575,
    -36.52370909889));
#1005 = CARTESIAN_POINT('',(95.065064454822,-11.14274962448,
    -36.64862743632));
#1006 = CARTESIAN_POINT('',(95.34959932274,-10.69959222224,
    -36.77346146163));
#1007 = CARTESIAN_POINT('',(95.624138301209,-10.23968631287,
    -36.8939099911));
#1008 = CARTESIAN_POINT('',(95.89489100769,-9.753519912469,
    -37.0126973676));
#1009 = CARTESIAN_POINT('',(96.157142266933,-9.243555076054,
    -37.12775490337));
#1010 = CARTESIAN_POINT('',(96.536856258344,-8.439349001975,
    -37.29434688169));
#1011 = CARTESIAN_POINT('',(96.661240780393,-8.164520401011,
    -37.34891812232));
#1012 = CARTESIAN_POINT('',(96.783349644211,-7.882496872674,
    -37.40249096318));
#1013 = CARTESIAN_POINT('',(96.903042738906,-7.592873355206,
    -37.45500393297));
#1014 = CARTESIAN_POINT('',(97.020130483357,-7.29527179722,
    -37.50637385759));
#1015 = CARTESIAN_POINT('',(97.134375627113,-6.989338212117,
    -37.55649664682));
#1016 = CARTESIAN_POINT('',(97.245495035197,-6.674739732404,
    -37.60524808233));
#1017 = CARTESIAN_POINT('',(97.353161493856,-6.35116166414,
    -37.6524846042));
#1018 = CARTESIAN_POINT('',(97.457005493941,-6.018304541248,
    -37.69804409855));
#1019 = CARTESIAN_POINT('',(97.556617033929,-5.675881179946,
    -37.74174668493));
#1020 = CARTESIAN_POINT('',(97.651547408839,-5.32361373309,
    -37.78339550303));
#1021 = CARTESIAN_POINT('',(97.831074605778,-4.598847756045,
    -37.86215949799));
#1022 = CARTESIAN_POINT('',(97.915716470308,-4.226029856818,
    -37.89929443632));
#1023 = CARTESIAN_POINT('',(97.993458003718,-3.849035640716,
    -37.93340199141));
#1024 = CARTESIAN_POINT('',(98.07240132588,-3.427186172946,
    -37.96803680723));
#1025 = CARTESIAN_POINT('',(98.128970145162,-3.061790186886,
    -37.99285525431));
#1026 = CARTESIAN_POINT('',(98.198354960402,-2.597887431097,
    -38.0232964648));
#1027 = CARTESIAN_POINT('',(98.238588567884,-2.214156464652,
    -38.04094816189));
#1028 = CARTESIAN_POINT('',(98.284716828737,-1.759473604657,
    -38.06118602077));
#1029 = CARTESIAN_POINT('',(98.313108971477,-1.333508822353,
    -38.07364251003));
#1030 = CARTESIAN_POINT('',(98.334531871724,-0.890103978917,
    -38.08304138236));
#1031 = CARTESIAN_POINT('',(98.34492235348,-0.446389762213,
    -38.08760000003));
#1032 = CARTESIAN_POINT('',(98.344922353489,-7.46424625384E-14,
    -38.08760000004));
#1033 = ORIENTED_EDGE('',*,*,#398,.T.);
#1034 = ORIENTED_EDGE('',*,*,#177,.F.);
#1035 = ORIENTED_EDGE('',*,*,#873,.T.);
#1036 = SURFACE_OF_LINEAR_EXTRUSION('',#1037,#1183);
#1037 = B_SPLINE_CURVE_WITH_KNOTS('',12,(#1038,#1039,#1040,#1041,#1042,
    #1043,#1044,#1045,#1046,#1047,#1048,#1049,#1050,#1051,#1052,#1053,
    #1054,#1055,#1056,#1057,#1058,#1059,#1060,#1061,#1062,#1063,#1064,
    #1065,#1066,#1067,#1068,#1069,#1070,#1071,#1072,#1073,#1074,#1075,
    #1076,#1077,#1078,#1079,#1080,#1081,#1082,#1083,#1084,#1085,#1086,
    #1087,#1088,#1089,#1090,#1091,#1092,#1093,#1094,#1095,#1096,#1097,
    #1098,#1099,#1100,#1101,#1102,#1103,#1104,#1105,#1106,#1107,#1108,
    #1109,#1110,#1111,#1112,#1113,#1114,#1115,#1116,#1117,#1118,#1119,
    #1120,#1121,#1122,#1123,#1124,#1125,#1126,#1127,#1128,#1129,#1130,
    #1131,#1132,#1133,#1134,#1135,#1136,#1137,#1138,#1139,#1140,#1141,
    #1142,#1143,#1144,#1145,#1146,#1147,#1148,#1149,#1150,#1151,#1152,
    #1153,#1154,#1155,#1156,#1157,#1158,#1159,#1160,#1161,#1162,#1163,
    #1164,#1165,#1166,#1167,#1168,#1169,#1170,#1171,#1172,#1173,#1174,
    #1175,#1176,#1177,#1178,#1179,#1180,#1181,#1182),.UNSPECIFIED.,.F.,
  .F.,(13,11,11,11,11,11,11,11,11,11,11,11,11,13),(0.,6.25E-02,0.125,
    0.25,0.3125,0.375,0.4375,0.5,0.625,0.6875,0.75,0.875,0.9375,1.),
  .UNSPECIFIED.);
#1038 = CARTESIAN_POINT('',(63.545820746935,-8.041639413868E-14,
    -22.82018475514));
#1039 = CARTESIAN_POINT('',(63.54582074695,-0.442381055151,
    -22.82018475504));
#1040 = CARTESIAN_POINT('',(63.55611083497,-0.884215972983,
    -22.82469932748));
#1041 = CARTESIAN_POINT('',(63.576647720958,-1.325022753127,
    -22.83370947719));
#1042 = CARTESIAN_POINT('',(63.607361603297,-1.764326519501,
    -22.84718458643));
#1043 = CARTESIAN_POINT('',(63.648156171711,-2.201659520336,
    -22.86508238944));
#1044 = CARTESIAN_POINT('',(63.698908602664,-2.636561128139,
    -22.8873490165));
#1045 = CARTESIAN_POINT('',(63.759469565252,-3.068577839736,
    -22.91391893202));
#1046 = CARTESIAN_POINT('',(63.829663214916,-3.497263276231,
    -22.94471500672));
#1047 = CARTESIAN_POINT('',(63.90928719911,-3.92217818304,
    -22.97964844724));
#1048 = CARTESIAN_POINT('',(63.998112652974,-4.342890429866,
    -23.01861885353));
#1049 = CARTESIAN_POINT('',(64.095884202102,-4.758975010715,
    -23.06151418008));
#1050 = CARTESIAN_POINT('',(64.308755720086,-5.581053077056,
    -23.15490733427));
#1051 = CARTESIAN_POINT('',(64.423961908452,-5.987284976484,
    -23.20545176306));
#1052 = CARTESIAN_POINT('',(64.546582380569,-6.385910722919,
    -23.25924906198));
#1053 = CARTESIAN_POINT('',(64.681588721308,-6.788435409837,
    -23.31848041456));
#1054 = CARTESIAN_POINT('',(64.81230883663,-7.157065049502,
    -23.37583127126));
#1055 = CARTESIAN_POINT('',(64.97318412724,-7.572435924669,
    -23.44641211231));
#1056 = CARTESIAN_POINT('',(65.11149895892,-7.910109966279,
    -23.5070949999));
#1057 = CARTESIAN_POINT('',(65.281666751697,-8.302548712904,
    -23.58175274206));
#1058 = CARTESIAN_POINT('',(65.444470937053,-8.653354380724,
    -23.65317984749));
#1059 = CARTESIAN_POINT('',(65.618809108577,-9.010567194314,
    -23.72966726056));
#1060 = CARTESIAN_POINT('',(65.798049647483,-9.357866895374,
    -23.80830548998));
#1061 = CARTESIAN_POINT('',(66.353681779832,-10.38003942856,
    -24.05207806158));
#1062 = CARTESIAN_POINT('',(66.747358432288,-11.03378070759,
    -24.22479588041));
#1063 = CARTESIAN_POINT('',(67.163395321047,-11.6598094455,
    -24.40732380898));
#1064 = CARTESIAN_POINT('',(67.59321710943,-12.25322795184,
    -24.59589958927));
#1065 = CARTESIAN_POINT('',(68.058263019804,-12.83295025959,
    -24.79992925286));
#1066 = CARTESIAN_POINT('',(68.506208400775,-13.35588663168,
    -24.99645640051));
#1067 = CARTESIAN_POINT('',(69.017485143888,-13.89293213122,
    -25.22076892394));
#1068 = CARTESIAN_POINT('',(69.494689906019,-14.35953276987,
    -25.43013304446));
#1069 = CARTESIAN_POINT('',(70.017600242868,-14.82869591339,
    -25.65954957683));
#1070 = CARTESIAN_POINT('',(70.539980987506,-15.25863822019,
    -25.88873376234));
#1071 = CARTESIAN_POINT('',(71.076450429367,-15.6644087689,
    -26.12409908365));
#1072 = CARTESIAN_POINT('',(71.89536056288,-16.2319077523,
    -26.48337965354));
#1073 = CARTESIAN_POINT('',(72.170728406,-16.41427685401,-26.60419183015
    ));
#1074 = CARTESIAN_POINT('',(72.448535088691,-16.58992922443,
    -26.72607399883));
#1075 = CARTESIAN_POINT('',(72.728460372172,-16.75879824685,
    -26.84888566249));
#1076 = CARTESIAN_POINT('',(73.010258512373,-16.92085650837,
    -26.97251900334));
#1077 = CARTESIAN_POINT('',(73.293873676177,-17.0761604163,
    -27.09694952915));
#1078 = CARTESIAN_POINT('',(73.579349317402,-17.22480557707,
    -27.22219630061));
#1079 = CARTESIAN_POINT('',(73.86664582088,-17.36684539325,
    -27.34824194076));
#1080 = CARTESIAN_POINT('',(74.155480732774,-17.50222534187,
    -27.47496252611));
#1081 = CARTESIAN_POINT('',(74.445305887001,-17.63078538909,
    -27.60211756112));
#1082 = CARTESIAN_POINT('',(74.735535743359,-17.7523830035,
    -27.72945015097));
#1083 = CARTESIAN_POINT('',(75.316746756225,-17.9819954465,
    -27.98444494879));
#1084 = CARTESIAN_POINT('',(75.607803897178,-18.08999845083,
    -28.1121404934));
#1085 = CARTESIAN_POINT('',(75.897929272232,-18.19098429674,
    -28.23942724415));
#1086 = CARTESIAN_POINT('',(76.19016200662,-18.28572962054,
    -28.3676385571));
#1087 = CARTESIAN_POINT('',(76.479009120337,-18.37310073883,
    -28.49436449602));
#1088 = CARTESIAN_POINT('',(76.767202802068,-18.45393165552,
    -28.62080375478));
#1089 = CARTESIAN_POINT('',(77.057555003137,-18.52899171917,
    -28.74819002093));
#1090 = CARTESIAN_POINT('',(77.345339672509,-18.59726021594,
    -28.87444983358));
#1091 = CARTESIAN_POINT('',(77.627943753728,-18.65836726791,
    -28.99843676596));
#1092 = CARTESIAN_POINT('',(77.91174319881,-18.71415314588,
    -29.12294814052));
#1093 = CARTESIAN_POINT('',(78.1919180159,-18.7635566636,-29.24586928147
    ));
#1094 = CARTESIAN_POINT('',(78.747800348094,-18.85080894469,
    -29.48975162328));
#1095 = CARTESIAN_POINT('',(79.023302019475,-18.88860133045,
    -29.61062251434));
#1096 = CARTESIAN_POINT('',(79.296157274585,-18.92070685407,
    -29.7303323426));
#1097 = CARTESIAN_POINT('',(79.566013588972,-18.94735964004,
    -29.84872644552));
#1098 = CARTESIAN_POINT('',(79.833176742826,-18.96872202257,
    -29.96593897708));
#1099 = CARTESIAN_POINT('',(80.097313704651,-18.98495298434,
    -30.08182382772));
#1100 = CARTESIAN_POINT('',(80.357555672023,-18.99626656584,
    -30.19599982607));
#1101 = CARTESIAN_POINT('',(80.613721255248,-19.0029124709,
    -30.30838739236));
#1102 = CARTESIAN_POINT('',(80.866803341483,-19.00511430471,
    -30.41942213519));
#1103 = CARTESIAN_POINT('',(81.117491006562,-19.00303760035,
    -30.52940637341));
#1104 = CARTESIAN_POINT('',(81.36433045034,-18.99683000375,
    -30.63770228085));
#1105 = CARTESIAN_POINT('',(81.852001269771,-18.97652941462,
    -30.8516581751));
#1106 = CARTESIAN_POINT('',(82.092693440205,-18.96242500726,
    -30.95725708836));
#1107 = CARTESIAN_POINT('',(82.330069345958,-18.94456148026,
    -31.06140105631));
#1108 = CARTESIAN_POINT('',(82.564431216622,-18.92307234412,
    -31.16422267615));
#1109 = CARTESIAN_POINT('',(82.796091574121,-18.89807219049,
    -31.26585906079));
#1110 = CARTESIAN_POINT('',(83.025191528735,-18.86967575509,
    -31.36637211929));
#1111 = CARTESIAN_POINT('',(83.25171270924,-18.83800053808,
    -31.46575379212));
#1112 = CARTESIAN_POINT('',(83.475593184851,-18.8031600381,
    -31.56397690771));
#1113 = CARTESIAN_POINT('',(83.696857755363,-18.76525465872,
    -31.66105234722));
#1114 = CARTESIAN_POINT('',(83.915672970311,-18.72436734356,
    -31.7570531803));
#1115 = CARTESIAN_POINT('',(84.132237247797,-18.68057099833,
    -31.8520664594));
#1116 = CARTESIAN_POINT('',(84.77477488324,-18.54072227379,
    -32.13396709581));
#1117 = CARTESIAN_POINT('',(85.193845360275,-18.43620448863,
    -32.31782595134));
#1118 = CARTESIAN_POINT('',(85.604090192272,-18.32099070796,
    -32.49781272971));
#1119 = CARTESIAN_POINT('',(86.00597414491,-18.19558672328,
    -32.67413133934));
#1120 = CARTESIAN_POINT('',(86.39996891562,-18.06040805411,
    -32.84698872513));
#1121 = CARTESIAN_POINT('',(86.786557585051,-17.91577319055,
    -33.0165968332));
#1122 = CARTESIAN_POINT('',(87.166239092946,-17.76189683683,
    -33.18317455902));
#1123 = CARTESIAN_POINT('',(87.539532683761,-17.59888315357,
    -33.34694971473));
#1124 = CARTESIAN_POINT('',(87.906982383441,-17.42671900141,
    -33.50816097806));
#1125 = CARTESIAN_POINT('',(88.269161449402,-17.2452671834,
    -33.66705985602));
#1126 = CARTESIAN_POINT('',(88.62667683975,-17.05425968835,
    -33.82391263861));
#1127 = CARTESIAN_POINT('',(89.156922086698,-16.75280655618,
    -34.05654721806));
#1128 = CARTESIAN_POINT('',(89.332398431565,-16.64999930584,
    -34.13353398203));
#1129 = CARTESIAN_POINT('',(89.508709711928,-16.54352539261,
    -34.21088705752));
#1130 = CARTESIAN_POINT('',(89.679130163892,-16.43761746342,
    -34.28565564858));
#1131 = CARTESIAN_POINT('',(89.855937715357,-16.32461467605,
    -34.36322645349));
#1132 = CARTESIAN_POINT('',(90.028738390538,-16.21074071119,
    -34.43903931995));
#1133 = CARTESIAN_POINT('',(90.197623342883,-16.09617031377,
    -34.51313424187));
#1134 = CARTESIAN_POINT('',(90.369273224961,-15.97679469463,
    -34.58844222077));
#1135 = CARTESIAN_POINT('',(90.538094161056,-15.85573807144,
    -34.66250905658));
#1136 = CARTESIAN_POINT('',(90.706199491021,-15.73197855108,
    -34.73626193388));
#1137 = CARTESIAN_POINT('',(90.87341289879,-15.60541986951,
    -34.80962349828));
#1138 = CARTESIAN_POINT('',(91.205874474072,-15.34683277603,
    -34.95548441672));
#1139 = CARTESIAN_POINT('',(91.371150895836,-15.21478073551,
    -35.02799616706));
#1140 = CARTESIAN_POINT('',(91.535491538807,-15.07991635153,
    -35.10009736229));
#1141 = CARTESIAN_POINT('',(91.698910432857,-14.94218349954,
    -35.17179416014));
#1142 = CARTESIAN_POINT('',(91.861417052508,-14.80152378022,
    -35.24309071286));
#1143 = CARTESIAN_POINT('',(92.023016313512,-14.65787651935,
    -35.31398918378));
#1144 = CARTESIAN_POINT('',(92.183708578004,-14.51117876797,
    -35.38448972391));
#1145 = CARTESIAN_POINT('',(92.343489648127,-14.36136530219,
    -35.45459049909));
#1146 = CARTESIAN_POINT('',(92.502350772478,-14.2083686234,
    -35.52428766394));
#1147 = CARTESIAN_POINT('',(92.660278640832,-14.05211895808,
    -35.59357538249));
#1148 = CARTESIAN_POINT('',(92.817255387574,-13.89254425791,
    -35.66244581484));
#1149 = CARTESIAN_POINT('',(93.28526499482,-13.40362208345,
    -35.8677757424));
#1150 = CARTESIAN_POINT('',(93.593659110284,-13.06379680003,
    -36.00307754065));
#1151 = CARTESIAN_POINT('',(93.897313715269,-12.71027045005,
    -36.13629997212));
#1152 = CARTESIAN_POINT('',(94.192958490747,-12.34662497108,
    -36.26600825131));
#1153 = CARTESIAN_POINT('',(94.490740362915,-11.95990355663,
    -36.39665413672));
#1154 = CARTESIAN_POINT('',(94.780337420498,-11.56039018575,
    -36.52370910059));
#1155 = CARTESIAN_POINT('',(95.065064455418,-11.14274962448,
    -36.64862743496));
#1156 = CARTESIAN_POINT('',(95.349599322291,-10.69959222224,
    -36.77346146265));
#1157 = CARTESIAN_POINT('',(95.624138301402,-10.23968631287,
    -36.89390999066));
#1158 = CARTESIAN_POINT('',(95.894891007585,-9.753519912469,
    -37.01269736784));
#1159 = CARTESIAN_POINT('',(96.15714226692,-9.243555076054,
    -37.1277549034));
#1160 = CARTESIAN_POINT('',(96.536856258317,-8.439349001975,
    -37.29434688176));
#1161 = CARTESIAN_POINT('',(96.661240780351,-8.164520401011,
    -37.34891812242));
#1162 = CARTESIAN_POINT('',(96.783349644236,-7.882496872674,
    -37.40249096312));
#1163 = CARTESIAN_POINT('',(96.903042738778,-7.592873355206,
    -37.45500393326));
#1164 = CARTESIAN_POINT('',(97.020130483478,-7.29527179722,
    -37.50637385731));
#1165 = CARTESIAN_POINT('',(97.134375626932,-6.989338212117,
    -37.55649664723));
#1166 = CARTESIAN_POINT('',(97.245495035287,-6.674739732404,
    -37.60524808212));
#1167 = CARTESIAN_POINT('',(97.353161493774,-6.35116166414,
    -37.65248460439));
#1168 = CARTESIAN_POINT('',(97.457005493928,-6.018304541248,
    -37.69804409859));
#1169 = CARTESIAN_POINT('',(97.556617033906,-5.675881179946,
    -37.74174668498));
#1170 = CARTESIAN_POINT('',(97.65154740881,-5.32361373309,
    -37.78339550309));
#1171 = CARTESIAN_POINT('',(97.831074605755,-4.598847756045,
    -37.86215949805));
#1172 = CARTESIAN_POINT('',(97.915716470265,-4.226029856818,
    -37.89929443642));
#1173 = CARTESIAN_POINT('',(97.993458003731,-3.849035640716,
    -37.93340199138));
#1174 = CARTESIAN_POINT('',(98.072401325785,-3.427186172946,
    -37.96803680745));
#1175 = CARTESIAN_POINT('',(98.128970145231,-3.061790186886,
    -37.99285525416));
#1176 = CARTESIAN_POINT('',(98.198354960275,-2.597887431097,
    -38.02329646509));
#1177 = CARTESIAN_POINT('',(98.238588567936,-2.214156464652,
    -38.04094816177));
#1178 = CARTESIAN_POINT('',(98.28471682867,-1.759473604657,
    -38.06118602092));
#1179 = CARTESIAN_POINT('',(98.313108971461,-1.333508822353,
    -38.07364251006));
#1180 = CARTESIAN_POINT('',(98.334531871699,-0.890103978917,
    -38.08304138242));
#1181 = CARTESIAN_POINT('',(98.344922353452,-0.446389762213,
    -38.08760000009));
#1182 = CARTESIAN_POINT('',(98.344922353463,-7.464245931109E-14,
    -38.0876000001));
#1183 = VECTOR('',#1184,1.);
#1184 = DIRECTION('',(0.401764147017,-9.302214794366E-17,0.915743179156)
  );
#1185 = ADVANCED_FACE('',(#1186),#1192,.T.);
#1186 = FACE_BOUND('',#1187,.T.);
#1187 = EDGE_LOOP('',(#1188,#1189,#1190,#1191));
#1188 = ORIENTED_EDGE('',*,*,#886,.F.);
#1189 = ORIENTED_EDGE('',*,*,#621,.T.);
#1190 = ORIENTED_EDGE('',*,*,#787,.F.);
#1191 = ORIENTED_EDGE('',*,*,#859,.T.);
#1192 = SURFACE_OF_LINEAR_EXTRUSION('',#1193,#1339);
#1193 = B_SPLINE_CURVE_WITH_KNOTS('',12,(#1194,#1195,#1196,#1197,#1198,
    #1199,#1200,#1201,#1202,#1203,#1204,#1205,#1206,#1207,#1208,#1209,
    #1210,#1211,#1212,#1213,#1214,#1215,#1216,#1217,#1218,#1219,#1220,
    #1221,#1222,#1223,#1224,#1225,#1226,#1227,#1228,#1229,#1230,#1231,
    #1232,#1233,#1234,#1235,#1236,#1237,#1238,#1239,#1240,#1241,#1242,
    #1243,#1244,#1245,#1246,#1247,#1248,#1249,#1250,#1251,#1252,#1253,
    #1254,#1255,#1256,#1257,#1258,#1259,#1260,#1261,#1262,#1263,#1264,
    #1265,#1266,#1267,#1268,#1269,#1270,#1271,#1272,#1273,#1274,#1275,
    #1276,#1277,#1278,#1279,#1280,#1281,#1282,#1283,#1284,#1285,#1286,
    #1287,#1288,#1289,#1290,#1291,#1292,#1293,#1294,#1295,#1296,#1297,
    #1298,#1299,#1300,#1301,#1302,#1303,#1304,#1305,#1306,#1307,#1308,
    #1309,#1310,#1311,#1312,#1313,#1314,#1315,#1316,#1317,#1318,#1319,
    #1320,#1321,#1322,#1323,#1324,#1325,#1326,#1327,#1328,#1329,#1330,
    #1331,#1332,#1333,#1334,#1335,#1336,#1337,#1338),.UNSPECIFIED.,.F.,
  .F.,(13,11,11,11,11,11,11,11,11,11,11,11,11,13),(0.,6.25E-02,0.125,
    0.25,0.3125,0.375,0.4375,0.5,0.625,0.6875,0.75,0.875,0.9375,1.),
  .UNSPECIFIED.);
#1194 = CARTESIAN_POINT('',(63.545820746962,-8.0416397366E-14,
    -22.82018475508));
#1195 = CARTESIAN_POINT('',(63.545820746901,-0.442381055151,
    -22.82018475515));
#1196 = CARTESIAN_POINT('',(63.556110835307,-0.884215972983,
    -22.82469932671));
#1197 = CARTESIAN_POINT('',(63.576647720219,-1.325022753127,
    -22.83370947888));
#1198 = CARTESIAN_POINT('',(63.607361604672,-1.764326519501,
    -22.84718458329));
#1199 = CARTESIAN_POINT('',(63.648156169908,-2.201659520336,
    -22.86508239355));
#1200 = CARTESIAN_POINT('',(63.698908604661,-2.636561128139,
    -22.88734901195));
#1201 = CARTESIAN_POINT('',(63.759469563576,-3.068577839736,
    -22.91391893584));
#1202 = CARTESIAN_POINT('',(63.829663216108,-3.497263276231,
    -22.94471500401));
#1203 = CARTESIAN_POINT('',(63.909287198526,-3.92217818304,
    -22.97964844858));
#1204 = CARTESIAN_POINT('',(63.998112653224,-4.342890429866,
    -23.01861885296));
#1205 = CARTESIAN_POINT('',(64.095884202087,-4.758975010715,
    -23.06151418011));
#1206 = CARTESIAN_POINT('',(64.308755720136,-5.581053077056,
    -23.15490733415));
#1207 = CARTESIAN_POINT('',(64.423961908429,-5.987284976484,
    -23.20545176311));
#1208 = CARTESIAN_POINT('',(64.546582380673,-6.385910722919,
    -23.25924906174));
#1209 = CARTESIAN_POINT('',(64.68158872124,-6.788435409837,
    -23.31848041471));
#1210 = CARTESIAN_POINT('',(64.812308836735,-7.157065049502,
    -23.37583127102));
#1211 = CARTESIAN_POINT('',(64.97318412723,-7.572435924669,
    -23.44641211233));
#1212 = CARTESIAN_POINT('',(65.111498958938,-7.910109966279,
    -23.50709499986));
#1213 = CARTESIAN_POINT('',(65.28166675175,-8.302548712904,
    -23.58175274194));
#1214 = CARTESIAN_POINT('',(65.444470937059,-8.653354380724,
    -23.65317984748));
#1215 = CARTESIAN_POINT('',(65.618809108609,-9.010567194314,
    -23.72966726048));
#1216 = CARTESIAN_POINT('',(65.79804964751,-9.357866895374,
    -23.80830548992));
#1217 = CARTESIAN_POINT('',(66.353681779854,-10.38003942856,
    -24.05207806153));
#1218 = CARTESIAN_POINT('',(66.74735843234,-11.03378070759,
    -24.22479588029));
#1219 = CARTESIAN_POINT('',(67.163395320985,-11.6598094455,
    -24.40732380912));
#1220 = CARTESIAN_POINT('',(67.593217109665,-12.25322795184,
    -24.59589958873));
#1221 = CARTESIAN_POINT('',(68.05826301946,-12.83295025959,
    -24.79992925365));
#1222 = CARTESIAN_POINT('',(68.5062084013,-13.35588663168,
    -24.99645639931));
#1223 = CARTESIAN_POINT('',(69.017485143404,-13.89293213122,
    -25.22076892505));
#1224 = CARTESIAN_POINT('',(69.494689906433,-14.35953276987,
    -25.43013304352));
#1225 = CARTESIAN_POINT('',(70.017600242682,-14.82869591339,
    -25.65954957726));
#1226 = CARTESIAN_POINT('',(70.539980987606,-15.25863822019,
    -25.88873376211));
#1227 = CARTESIAN_POINT('',(71.076450429385,-15.6644087689,
    -26.12409908361));
#1228 = CARTESIAN_POINT('',(71.8953605629,-16.2319077523,-26.4833796535)
  );
#1229 = CARTESIAN_POINT('',(72.170728406087,-16.41427685401,
    -26.60419182995));
#1230 = CARTESIAN_POINT('',(72.448535088549,-16.58992922443,
    -26.72607399915));
#1231 = CARTESIAN_POINT('',(72.728460372491,-16.75879824685,
    -26.84888566176));
#1232 = CARTESIAN_POINT('',(73.010258512024,-16.92085650837,
    -26.97251900413));
#1233 = CARTESIAN_POINT('',(73.293873676571,-17.0761604163,
    -27.09694952825));
#1234 = CARTESIAN_POINT('',(73.579349317144,-17.22480557707,
    -27.2221963012));
#1235 = CARTESIAN_POINT('',(73.866645821079,-17.36684539325,
    -27.34824194031));
#1236 = CARTESIAN_POINT('',(74.155480732718,-17.50222534187,
    -27.47496252624));
#1237 = CARTESIAN_POINT('',(74.445305887056,-17.63078538909,
    -27.602117561));
#1238 = CARTESIAN_POINT('',(74.735535743381,-17.7523830035,
    -27.72945015092));
#1239 = CARTESIAN_POINT('',(75.31674675625,-17.9819954465,
    -27.98444494873));
#1240 = CARTESIAN_POINT('',(75.607803897213,-18.08999845083,
    -28.11214049332));
#1241 = CARTESIAN_POINT('',(75.897929272237,-18.19098429674,
    -28.23942724414));
#1242 = CARTESIAN_POINT('',(76.190162006677,-18.28572962054,
    -28.36763855697));
#1243 = CARTESIAN_POINT('',(76.479009120332,-18.37310073883,
    -28.49436449603));
#1244 = CARTESIAN_POINT('',(76.767202802119,-18.45393165552,
    -28.62080375466));
#1245 = CARTESIAN_POINT('',(77.057555003148,-18.52899171917,
    -28.7481900209));
#1246 = CARTESIAN_POINT('',(77.34533967254,-18.59726021594,
    -28.87444983351));
#1247 = CARTESIAN_POINT('',(77.627943753753,-18.65836726791,
    -28.9984367659));
#1248 = CARTESIAN_POINT('',(77.911743198836,-18.71415314588,
    -29.12294814046));
#1249 = CARTESIAN_POINT('',(78.191918015927,-18.7635566636,
    -29.24586928141));
#1250 = CARTESIAN_POINT('',(78.747800348116,-18.85080894469,
    -29.48975162323));
#1251 = CARTESIAN_POINT('',(79.023302019528,-18.88860133045,
    -29.61062251422));
#1252 = CARTESIAN_POINT('',(79.296157274544,-18.92070685407,
    -29.7303323427));
#1253 = CARTESIAN_POINT('',(79.566013589116,-18.94735964004,
    -29.84872644519));
#1254 = CARTESIAN_POINT('',(79.833176742699,-18.96872202257,
    -29.96593897737));
#1255 = CARTESIAN_POINT('',(80.097313704828,-18.98495298434,
    -30.08182382731));
#1256 = CARTESIAN_POINT('',(80.357555671936,-18.99626656584,
    -30.19599982626));
#1257 = CARTESIAN_POINT('',(80.613721255338,-19.0029124709,
    -30.30838739216));
#1258 = CARTESIAN_POINT('',(80.866803341482,-19.00511430471,
    -30.41942213519));
#1259 = CARTESIAN_POINT('',(81.117491006597,-19.00303760035,
    -30.52940637334));
#1260 = CARTESIAN_POINT('',(81.364330450364,-18.99683000375,
    -30.6377022808));
#1261 = CARTESIAN_POINT('',(81.852001269798,-18.97652941462,
    -30.85165817504));
#1262 = CARTESIAN_POINT('',(82.092693440232,-18.96242500726,
    -30.9572570883));
#1263 = CARTESIAN_POINT('',(82.330069345988,-18.94456148026,
    -31.06140105625));
#1264 = CARTESIAN_POINT('',(82.564431216633,-18.92307234412,
    -31.16422267613));
#1265 = CARTESIAN_POINT('',(82.796091574182,-18.89807219049,
    -31.26585906066));
#1266 = CARTESIAN_POINT('',(83.025191528705,-18.86967575509,
    -31.36637211936));
#1267 = CARTESIAN_POINT('',(83.251712709339,-18.83800053808,
    -31.4657537919));
#1268 = CARTESIAN_POINT('',(83.475593184804,-18.8031600381,
    -31.56397690782));
#1269 = CARTESIAN_POINT('',(83.696857755443,-18.76525465872,
    -31.66105234704));
#1270 = CARTESIAN_POINT('',(83.91567297031,-18.72436734356,
    -31.7570531803));
#1271 = CARTESIAN_POINT('',(84.132237247832,-18.68057099833,
    -31.85206645932));
#1272 = CARTESIAN_POINT('',(84.774774883247,-18.54072227379,
    -32.1339670958));
#1273 = CARTESIAN_POINT('',(85.193845360387,-18.43620448863,
    -32.31782595109));
#1274 = CARTESIAN_POINT('',(85.60409019209,-18.32099070796,
    -32.49781273012));
#1275 = CARTESIAN_POINT('',(86.005974145285,-18.19558672328,
    -32.67413133848));
#1276 = CARTESIAN_POINT('',(86.399968915207,-18.06040805411,
    -32.84698872607));
#1277 = CARTESIAN_POINT('',(86.786557585506,-17.91577319055,
    -33.01659683217));
#1278 = CARTESIAN_POINT('',(87.166239092641,-17.76189683683,
    -33.18317455971));
#1279 = CARTESIAN_POINT('',(87.53953268399,-17.59888315357,
    -33.34694971421));
#1280 = CARTESIAN_POINT('',(87.906982383369,-17.42671900141,
    -33.50816097822));
#1281 = CARTESIAN_POINT('',(88.269161449464,-17.2452671834,
    -33.66705985588));
#1282 = CARTESIAN_POINT('',(88.626676839768,-17.05425968835,
    -33.82391263857));
#1283 = CARTESIAN_POINT('',(89.156922086728,-16.75280655618,
    -34.05654721799));
#1284 = CARTESIAN_POINT('',(89.332398431569,-16.64999930584,
    -34.13353398202));
#1285 = CARTESIAN_POINT('',(89.508709712018,-16.54352539261,
    -34.21088705732));
#1286 = CARTESIAN_POINT('',(89.679130163789,-16.43761746342,
    -34.28565564882));
#1287 = CARTESIAN_POINT('',(89.855937715576,-16.32461467605,
    -34.36322645299));
#1288 = CARTESIAN_POINT('',(90.028738390342,-16.21074071119,
    -34.4390393204));
#1289 = CARTESIAN_POINT('',(90.197623343113,-16.09617031377,
    -34.51313424134));
#1290 = CARTESIAN_POINT('',(90.369273224834,-15.97679469463,
    -34.58844222106));
#1291 = CARTESIAN_POINT('',(90.538094161174,-15.85573807144,
    -34.66250905631));
#1292 = CARTESIAN_POINT('',(90.706199491004,-15.73197855108,
    -34.73626193392));
#1293 = CARTESIAN_POINT('',(90.873412898831,-15.60541986951,
    -34.80962349819));
#1294 = CARTESIAN_POINT('',(91.205874474076,-15.34683277603,
    -34.95548441671));
#1295 = CARTESIAN_POINT('',(91.371150895975,-15.21478073551,
    -35.02799616674));
#1296 = CARTESIAN_POINT('',(91.535491538542,-15.07991635153,
    -35.10009736289));
#1297 = CARTESIAN_POINT('',(91.698910433414,-14.94218349954,
    -35.17179415887));
#1298 = CARTESIAN_POINT('',(91.861417051798,-14.80152378022,
    -35.24309071447));
#1299 = CARTESIAN_POINT('',(92.023016314335,-14.65787651935,
    -35.31398918191));
#1300 = CARTESIAN_POINT('',(92.183708577356,-14.51117876797,
    -35.38448972539));
#1301 = CARTESIAN_POINT('',(92.343489648591,-14.36136530219,
    -35.45459049804));
#1302 = CARTESIAN_POINT('',(92.502350772297,-14.2083686234,
    -35.52428766436));
#1303 = CARTESIAN_POINT('',(92.660278640921,-14.05211895808,
    -35.59357538228));
#1304 = CARTESIAN_POINT('',(92.817255387596,-13.89254425791,
    -35.66244581479));
#1305 = CARTESIAN_POINT('',(93.285264994834,-13.40362208345,
    -35.86777574237));
#1306 = CARTESIAN_POINT('',(93.593659110402,-13.06379680003,
    -36.00307754038));
#1307 = CARTESIAN_POINT('',(93.89731371504,-12.71027045005,
    -36.13629997264));
#1308 = CARTESIAN_POINT('',(94.192958491251,-12.34662497108,
    -36.26600825016));
#1309 = CARTESIAN_POINT('',(94.490740362276,-11.95990355663,
    -36.39665413818));
#1310 = CARTESIAN_POINT('',(94.780337421247,-11.56039018575,
    -36.52370909889));
#1311 = CARTESIAN_POINT('',(95.065064454822,-11.14274962448,
    -36.64862743632));
#1312 = CARTESIAN_POINT('',(95.34959932274,-10.69959222224,
    -36.77346146163));
#1313 = CARTESIAN_POINT('',(95.624138301209,-10.23968631287,
    -36.8939099911));
#1314 = CARTESIAN_POINT('',(95.89489100769,-9.753519912469,
    -37.0126973676));
#1315 = CARTESIAN_POINT('',(96.157142266933,-9.243555076054,
    -37.12775490337));
#1316 = CARTESIAN_POINT('',(96.536856258344,-8.439349001975,
    -37.29434688169));
#1317 = CARTESIAN_POINT('',(96.661240780393,-8.164520401011,
    -37.34891812232));
#1318 = CARTESIAN_POINT('',(96.783349644211,-7.882496872674,
    -37.40249096318));
#1319 = CARTESIAN_POINT('',(96.903042738906,-7.592873355206,
    -37.45500393297));
#1320 = CARTESIAN_POINT('',(97.020130483357,-7.29527179722,
    -37.50637385759));
#1321 = CARTESIAN_POINT('',(97.134375627113,-6.989338212117,
    -37.55649664682));
#1322 = CARTESIAN_POINT('',(97.245495035197,-6.674739732404,
    -37.60524808233));
#1323 = CARTESIAN_POINT('',(97.353161493856,-6.35116166414,
    -37.6524846042));
#1324 = CARTESIAN_POINT('',(97.457005493941,-6.018304541248,
    -37.69804409855));
#1325 = CARTESIAN_POINT('',(97.556617033929,-5.675881179946,
    -37.74174668493));
#1326 = CARTESIAN_POINT('',(97.651547408839,-5.32361373309,
    -37.78339550303));
#1327 = CARTESIAN_POINT('',(97.831074605778,-4.598847756045,
    -37.86215949799));
#1328 = CARTESIAN_POINT('',(97.915716470308,-4.226029856818,
    -37.89929443632));
#1329 = CARTESIAN_POINT('',(97.993458003718,-3.849035640716,
    -37.93340199141));
#1330 = CARTESIAN_POINT('',(98.07240132588,-3.427186172946,
    -37.96803680723));
#1331 = CARTESIAN_POINT('',(98.128970145162,-3.061790186886,
    -37.99285525431));
#1332 = CARTESIAN_POINT('',(98.198354960402,-2.597887431097,
    -38.0232964648));
#1333 = CARTESIAN_POINT('',(98.238588567884,-2.214156464652,
    -38.04094816189));
#1334 = CARTESIAN_POINT('',(98.284716828737,-1.759473604657,
    -38.06118602077));
#1335 = CARTESIAN_POINT('',(98.313108971477,-1.333508822353,
    -38.07364251003));
#1336 = CARTESIAN_POINT('',(98.334531871724,-0.890103978917,
    -38.08304138236));
#1337 = CARTESIAN_POINT('',(98.34492235348,-0.446389762213,
    -38.08760000003));
#1338 = CARTESIAN_POINT('',(98.344922353489,-7.46424625384E-14,
    -38.08760000004));
#1339 = VECTOR('',#1340,1.);
#1340 = DIRECTION('',(-0.401764147017,9.302214794366E-17,-0.915743179156
    ));
#1341 = ( GEOMETRIC_REPRESENTATION_CONTEXT(3) 
GLOBAL_UNCERTAINTY_ASSIGNED_CONTEXT((#1345)) 
GLOBAL_UNIT_ASSIGNED_CONTEXT((#1342,#1343,#1344)) REPRESENTATION_CONTEXT
('Context #1','3D Context with UNIT and UNCERTAINTY') );
#1342 = ( LENGTH_UNIT() NAMED_UNIT(*) SI_UNIT(.MILLI.,.METRE.) );
#1343 = ( NAMED_UNIT(*) PLANE_ANGLE_UNIT() SI_UNIT($,.RADIAN.) );
#1344 = ( NAMED_UNIT(*) SI_UNIT($,.STERADIAN.) SOLID_ANGLE_UNIT() );
#1345 = UNCERTAINTY_MEASURE_WITH_UNIT(LENGTH_MEASURE(2.E-06),#1342,
  'distance_accuracy_value','confusion accuracy');
#1346 = PRODUCT_RELATED_PRODUCT_CATEGORY('part',$,(#7));
#1347 = MECHANICAL_DESIGN_GEOMETRIC_PRESENTATION_REPRESENTATION('',(
    #1348),#1341);
#1348 = STYLED_ITEM('color',(#1349),#15);
#1349 = PRESENTATION_STYLE_ASSIGNMENT((#1350,#1356));
#1350 = SURFACE_STYLE_USAGE(.BOTH.,#1351);
#1351 = SURFACE_SIDE_STYLE('',(#1352));
#1352 = SURFACE_STYLE_FILL_AREA(#1353);
#1353 = FILL_AREA_STYLE('',(#1354));
#1354 = FILL_AREA_STYLE_COLOUR('',#1355);
#1355 = COLOUR_RGB('',0.678431390124,0.709803936702,0.741176476869);
#1356 = CURVE_STYLE('',#1357,POSITIVE_LENGTH_MEASURE(0.1),#1358);
#1357 = DRAUGHTING_PRE_DEFINED_CURVE_FONT('continuous');
#1358 = COLOUR_RGB('',9.803921802644E-02,9.803921802644E-02,
  9.803921802644E-02);
ENDSEC;
END-ISO-10303-21;
