ISO-10303-21;
HEADER;
FILE_DESCRIPTION(('FreeCAD Model'),'2;1');
FILE_NAME('Open CASCADE Shape Model','2026-07-10T06:31:13',(''),(''),
  'Open CASCADE STEP processor 7.8','FreeCAD','Unknown');
FILE_SCHEMA(('AUTOMOTIVE_DESIGN { 1 0 10303 214 1 1 1 1 }'));
ENDSEC;
DATA;
#1 = APPLICATION_PROTOCOL_DEFINITION('international standard',
  'automotive_design',2000,#2);
#2 = APPLICATION_CONTEXT(
  'core data for automotive mechanical design processes');
#3 = SHAPE_DEFINITION_REPRESENTATION(#4,#10);
#4 = PRODUCT_DEFINITION_SHAPE('','',#5);
#5 = PRODUCT_DEFINITION('design','',#6,#9);
#6 = PRODUCT_DEFINITION_FORMATION('','',#7);
#7 = PRODUCT('Body','Body','',(#8));
#8 = PRODUCT_CONTEXT('',#2,'mechanical');
#9 = PRODUCT_DEFINITION_CONTEXT('part definition',#2,'design');
#10 = ADVANCED_BREP_SHAPE_REPRESENTATION('',(#11,#15),#1856);
#11 = AXIS2_PLACEMENT_3D('',#12,#13,#14);
#12 = CARTESIAN_POINT('',(0.,0.,0.));
#13 = DIRECTION('',(0.,0.,1.));
#14 = DIRECTION('',(1.,0.,-0.));
#15 = MANIFOLD_SOLID_BREP('',#16);
#16 = CLOSED_SHELL('',(#17,#68,#616,#758,#1068,#1291,#1371,#1397,#1700)
  );
#17 = ADVANCED_FACE('',(#18),#63,.T.);
#18 = FACE_BOUND('',#19,.T.);
#19 = EDGE_LOOP('',(#20,#32,#40,#50,#57));
#20 = ORIENTED_EDGE('',*,*,#21,.F.);
#21 = EDGE_CURVE('',#22,#24,#26,.T.);
#22 = VERTEX_POINT('',#23);
#23 = CARTESIAN_POINT('',(422.26707011691,547.48048789861,12.7));
#24 = VERTEX_POINT('',#25);
#25 = CARTESIAN_POINT('',(445.81725368147,557.02720273531,12.7));
#26 = B_SPLINE_CURVE_WITH_KNOTS('',4,(#27,#28,#29,#30,#31),
  .UNSPECIFIED.,.F.,.F.,(5,5),(0.,1.),.PIECEWISE_BEZIER_KNOTS.);
#27 = CARTESIAN_POINT('',(422.26707011691,547.48048789861,12.7));
#28 = CARTESIAN_POINT('',(428.15461600805,549.86716660779,12.7));
#29 = CARTESIAN_POINT('',(434.04216189919,552.25384531696,12.7));
#30 = CARTESIAN_POINT('',(439.92970779033,554.64052402614,12.7));
#31 = CARTESIAN_POINT('',(445.81725368147,557.02720273531,12.7));
#32 = ORIENTED_EDGE('',*,*,#33,.F.);
#33 = EDGE_CURVE('',#34,#22,#36,.T.);
#34 = VERTEX_POINT('',#35);
#35 = CARTESIAN_POINT('',(440.92502630887,505.1772382895,12.7));
#36 = LINE('',#37,#38);
#37 = CARTESIAN_POINT('',(447.05805142742,491.2718088963,12.7));
#38 = VECTOR('',#39,1.);
#39 = DIRECTION('',(-0.403545296352,0.91495966785,-2.049487729163E-16));
#40 = ORIENTED_EDGE('',*,*,#41,.T.);
#41 = EDGE_CURVE('',#34,#42,#44,.T.);
#42 = VERTEX_POINT('',#43);
#43 = CARTESIAN_POINT('',(459.20750590139,525.12103283834,12.7));
#44 = B_SPLINE_CURVE_WITH_KNOTS('',4,(#45,#46,#47,#48,#49),
  .UNSPECIFIED.,.F.,.F.,(5,5),(0.,1.),.PIECEWISE_BEZIER_KNOTS.);
#45 = CARTESIAN_POINT('',(440.92502630887,505.1772382895,12.7));
#46 = CARTESIAN_POINT('',(445.49564632526,510.16318705571,12.7));
#47 = CARTESIAN_POINT('',(450.06626634164,515.14913582192,12.7));
#48 = CARTESIAN_POINT('',(454.63688635803,520.13508458813,12.7));
#49 = CARTESIAN_POINT('',(459.20750637441,525.12103335434,12.7));
#50 = ORIENTED_EDGE('',*,*,#51,.F.);
#51 = EDGE_CURVE('',#52,#42,#54,.T.);
#52 = VERTEX_POINT('',#53);
#53 = CARTESIAN_POINT('',(459.66799561468,525.62336690015,12.7));
#54 = B_SPLINE_CURVE_WITH_KNOTS('',1,(#55,#56),.UNSPECIFIED.,.F.,.F.,(2,
    2),(0.,1.),.PIECEWISE_BEZIER_KNOTS.);
#55 = CARTESIAN_POINT('',(459.66799561468,525.62336690015,12.7));
#56 = CARTESIAN_POINT('',(459.20750542842,525.12103232238,12.7));
#57 = ORIENTED_EDGE('',*,*,#58,.T.);
#58 = EDGE_CURVE('',#52,#24,#59,.T.);
#59 = LINE('',#60,#61);
#60 = CARTESIAN_POINT('',(460.52357880794,523.68350012089,12.7));
#61 = VECTOR('',#62,1.);
#62 = DIRECTION('',(-0.403545296352,0.91495966785,-1.163277344283E-16));
#63 = PLANE('',#64);
#64 = AXIS2_PLACEMENT_3D('',#65,#66,#67);
#65 = CARTESIAN_POINT('',(444.48600557181,526.54091508019,12.7));
#66 = DIRECTION('',(-4.178388934033E-16,-4.072110374525E-16,1.));
#67 = DIRECTION('',(-0.91495966785,-0.403545296352,-6.678106796978E-16)
  );
#68 = ADVANCED_FACE('',(#69),#402,.F.);
#69 = FACE_BOUND('',#70,.F.);
#70 = EDGE_LOOP('',(#71,#232,#242,#401));
#71 = ORIENTED_EDGE('',*,*,#72,.F.);
#72 = EDGE_CURVE('',#73,#22,#75,.T.);
#73 = VERTEX_POINT('',#74);
#74 = CARTESIAN_POINT('',(422.26707003772,547.48048807815,-12.7));
#75 = B_SPLINE_CURVE_WITH_KNOTS('',8,(#76,#77,#78,#79,#80,#81,#82,#83,
    #84,#85,#86,#87,#88,#89,#90,#91,#92,#93,#94,#95,#96,#97,#98,#99,#100
    ,#101,#102,#103,#104,#105,#106,#107,#108,#109,#110,#111,#112,#113,
    #114,#115,#116,#117,#118,#119,#120,#121,#122,#123,#124,#125,#126,
    #127,#128,#129,#130,#131,#132,#133,#134,#135,#136,#137,#138,#139,
    #140,#141,#142,#143,#144,#145,#146,#147,#148,#149,#150,#151,#152,
    #153,#154,#155,#156,#157,#158,#159,#160,#161,#162,#163,#164,#165,
    #166,#167,#168,#169,#170,#171,#172,#173,#174,#175,#176,#177,#178,
    #179,#180,#181,#182,#183,#184,#185,#186,#187,#188,#189,#190,#191,
    #192,#193,#194,#195,#196,#197,#198,#199,#200,#201,#202,#203,#204,
    #205,#206,#207,#208,#209,#210,#211,#212,#213,#214,#215,#216,#217,
    #218,#219,#220,#221,#222,#223,#224,#225,#226,#227,#228,#229,#230,
    #231),.UNSPECIFIED.,.F.,.F.,(9,7,7,7,7,7,7,7,7,7,7,7,7,7,7,7,7,7,7,7
    ,7,7,9),(0.,4.134595043151E-02,8.64243512431E-02,0.171559700923,
    0.219520342105,0.243782656687,0.272414282372,0.317409990108,
    0.366494689959,0.425278884256,0.490517193561,0.518624323092,
    0.557603136671,0.605153156198,0.660258345247,0.712860509791,
    0.766776320794,0.792715165736,0.818323547274,0.899499783478,
    0.949785520068,0.976154861471,1.),.UNSPECIFIED.);
#76 = CARTESIAN_POINT('',(422.26707003772,547.48048807815,-12.7));
#77 = CARTESIAN_POINT('',(422.31047937777,547.38206592898,
    -12.61971187415));
#78 = CARTESIAN_POINT('',(422.35357570518,547.28435347447,
    -12.53838255971));
#79 = CARTESIAN_POINT('',(422.39635729089,547.18735463493,-12.456034656)
  );
#80 = CARTESIAN_POINT('',(422.4388047304,547.09111340622,-12.37262194033
    ));
#81 = CARTESIAN_POINT('',(422.48094050195,546.99557882341,
    -12.28824877486));
#82 = CARTESIAN_POINT('',(422.52273408352,546.9008200891,-12.20283538494
    ));
#83 = CARTESIAN_POINT('',(422.56419439353,546.80681698259,
    -12.11643789892));
#84 = CARTESIAN_POINT('',(422.65014361354,546.61194401417,
    -11.93377661573));
#85 = CARTESIAN_POINT('',(422.69471537757,546.51088629704,
    -11.83701674999));
#86 = CARTESIAN_POINT('',(422.73902508638,546.41042273861,-11.7387573171
    ));
#87 = CARTESIAN_POINT('',(422.78306893958,546.31056195555,
    -11.63898196354));
#88 = CARTESIAN_POINT('',(422.82684267269,546.21131361672,
    -11.53767289417));
#89 = CARTESIAN_POINT('',(422.87034164966,546.11268823344,
    -11.43481110049));
#90 = CARTESIAN_POINT('',(422.91356095535,546.01469694986,
    -11.33037658887));
#91 = CARTESIAN_POINT('',(423.03758191471,545.73350379308,
    -11.02410350251));
#92 = CARTESIAN_POINT('',(423.1170164114,545.55340167972,-10.81974608567
    ));
#93 = CARTESIAN_POINT('',(423.19475915385,545.3771352867,-10.61137375475
    ));
#94 = CARTESIAN_POINT('',(423.27077406371,545.20478641457,
    -10.39909296247));
#95 = CARTESIAN_POINT('',(423.34502140584,545.03644515496,
    -10.18300164811));
#96 = CARTESIAN_POINT('',(423.41746301279,544.8721980451,-9.96320056424)
  );
#97 = CARTESIAN_POINT('',(423.48806706051,544.71211723969,
    -9.739804248526));
#98 = CARTESIAN_POINT('',(423.5955193486,544.4684902895,-9.38510944887)
  );
#99 = CARTESIAN_POINT('',(423.63385527426,544.3815711106,-9.25549761154)
  );
#100 = CARTESIAN_POINT('',(423.67179594702,544.29554808997,
    -9.124065378791));
#101 = CARTESIAN_POINT('',(423.70933104367,544.2104446335,
    -8.990785157738));
#102 = CARTESIAN_POINT('',(423.74645094608,544.12628254839,
    -8.855623080676));
#103 = CARTESIAN_POINT('',(423.78314662007,544.04308231785,
    -8.718538824155));
#104 = CARTESIAN_POINT('',(423.81940949424,543.96086337589,
    -8.579485428051));
#105 = CARTESIAN_POINT('',(423.87335288257,543.83855734205,
    -8.36704147209));
#106 = CARTESIAN_POINT('',(423.89129944337,543.79786704171,
    -8.295400707421));
#107 = CARTESIAN_POINT('',(423.90907026647,543.75757519208,
    -8.22348993963));
#108 = CARTESIAN_POINT('',(423.92666457428,543.71768355618,
    -8.151312254526));
#109 = CARTESIAN_POINT('',(423.94408156636,543.67819394885,
    -8.078870704733));
#110 = CARTESIAN_POINT('',(423.96132041939,543.63910823683,
    -8.006168309682));
#111 = CARTESIAN_POINT('',(423.97838028717,543.6004283387,
    -7.933208055619));
#112 = CARTESIAN_POINT('',(424.01518017367,543.51699182677,
    -7.773592686376));
#113 = CARTESIAN_POINT('',(424.03492630755,543.47222134808,
    -7.686503544689));
#114 = CARTESIAN_POINT('',(424.05449535544,543.42785237705,
    -7.598723350581));
#115 = CARTESIAN_POINT('',(424.07388346466,543.38389364892,
    -7.510251045506));
#116 = CARTESIAN_POINT('',(424.09308627659,543.34035504598,
    -7.421086632331));
#117 = CARTESIAN_POINT('',(424.11209892674,543.29724759752,
    -7.331231175333));
#118 = CARTESIAN_POINT('',(424.1309160447,543.25458347988,
    -7.240686800202));
#119 = CARTESIAN_POINT('',(424.17878706197,543.14604535427,
    -7.006085051821));
#120 = CARTESIAN_POINT('',(424.20755181092,543.08082693794,
    -6.860985472173));
#121 = CARTESIAN_POINT('',(424.23580624233,543.01676556636,
    -6.714167778838));
#122 = CARTESIAN_POINT('',(424.26353269002,542.95390129414,
    -6.565639581145));
#123 = CARTESIAN_POINT('',(424.29071331333,542.89227457143,
    -6.415403088271));
#124 = CARTESIAN_POINT('',(424.31732938773,542.83192785245,
    -6.263454053132));
#125 = CARTESIAN_POINT('',(424.34336215293,542.77290367248,
    -6.109782845902));
#126 = CARTESIAN_POINT('',(424.39653951808,542.65233444569,
    -5.784849997083));
#127 = CARTESIAN_POINT('',(424.42356900151,542.59105040297,
    -5.613264403151));
#128 = CARTESIAN_POINT('',(424.44985648974,542.53144868858,
    -5.439635346571));
#129 = CARTESIAN_POINT('',(424.47537622424,542.4735877049,
    -5.263973727409));
#130 = CARTESIAN_POINT('',(424.50010252063,542.41752568625,
    -5.08628556779));
#131 = CARTESIAN_POINT('',(424.52400918316,542.36332202633,
    -4.906571433603));
#132 = CARTESIAN_POINT('',(424.54706968024,542.31103688029,
    -4.724826584723));
#133 = CARTESIAN_POINT('',(424.59583107137,542.20048000692,
    -4.320939920377));
#134 = CARTESIAN_POINT('',(424.62093187204,542.14356887339,
    -4.099745534618));
#135 = CARTESIAN_POINT('',(424.64455170533,542.0900155424,
    -3.877529036859));
#136 = CARTESIAN_POINT('',(424.66668393531,542.03983505964,
    -3.654362240858));
#137 = CARTESIAN_POINT('',(424.68732189743,541.99304253563,
    -3.430317017229));
#138 = CARTESIAN_POINT('',(424.70645823988,541.94965463917,
    -3.205464805444));
#139 = CARTESIAN_POINT('',(424.72408577656,541.90968766336,
    -2.979877054339));
#140 = CARTESIAN_POINT('',(424.7580831454,541.83260530957,
    -2.502535326272));
#141 = CARTESIAN_POINT('',(424.77410269777,541.79628412221,
    -2.250627306526));
#142 = CARTESIAN_POINT('',(424.78824962742,541.76420873893,
    -1.998002311822));
#143 = CARTESIAN_POINT('',(424.8005241909,541.73637857803,
    -1.744761015521));
#144 = CARTESIAN_POINT('',(424.81091799764,541.71281266351,
    -1.491003540817));
#145 = CARTESIAN_POINT('',(424.81942177508,541.69353201904,
    -1.236829140222));
#146 = CARTESIAN_POINT('',(424.82603601959,541.67853551923,
    -0.982337220376));
#147 = CARTESIAN_POINT('',(424.83279794245,541.66320418779,
    -0.617892408192));
#148 = CARTESIAN_POINT('',(424.83448380975,541.65938181492,
    -0.508115002686));
#149 = CARTESIAN_POINT('',(424.83581860354,541.65635543229,
    -0.398305621405));
#150 = CARTESIAN_POINT('',(424.83680179175,541.65412624621,
    -0.288472236652));
#151 = CARTESIAN_POINT('',(424.83743317689,541.65269470446,
    -0.178622889529));
#152 = CARTESIAN_POINT('',(424.83771289602,541.65206049628,
    -6.876568994303E-02));
#153 = CARTESIAN_POINT('',(424.83764142076,541.65222255239,
    4.109118339972E-02));
#154 = CARTESIAN_POINT('',(424.83663451932,541.65450550358,
    0.303276504349));
#155 = CARTESIAN_POINT('',(424.83537263744,541.65736657278,
    0.455597698386));
#156 = CARTESIAN_POINT('',(424.83343425035,541.66176148465,
    0.607881658043));
#157 = CARTESIAN_POINT('',(424.83082140455,541.6676855991,0.760106797107
    ));
#158 = CARTESIAN_POINT('',(424.82753515886,541.6751365155,0.912251501953
    ));
#159 = CARTESIAN_POINT('',(424.82357488699,541.68411565382,
    1.064294242085));
#160 = CARTESIAN_POINT('',(424.81893957834,541.6946253054,1.216213639478
    ));
#161 = CARTESIAN_POINT('',(424.80715540133,541.72134361133,
    1.553137729428));
#162 = CARTESIAN_POINT('',(424.79969490101,541.73825882992,
    1.737574768996));
#163 = CARTESIAN_POINT('',(424.79126194654,541.7573788972,1.921225529497
    ));
#164 = CARTESIAN_POINT('',(424.78187065883,541.77867179681,
    2.104017738109));
#165 = CARTESIAN_POINT('',(424.7715360002,541.80210360462,2.285880762606
    ));
#166 = CARTESIAN_POINT('',(424.76027348641,541.82763914171,
    2.466745583873));
#167 = CARTESIAN_POINT('',(424.7480995795,541.8552410836,2.646544913422)
  );
#168 = CARTESIAN_POINT('',(424.71988977164,541.91920128004,
    3.032270443751));
#169 = CARTESIAN_POINT('',(424.70347819299,541.95641130997,
    3.238757063802));
#170 = CARTESIAN_POINT('',(424.68580189526,541.99648884189,3.44461748538
    ));
#171 = CARTESIAN_POINT('',(424.66686622911,542.03942174426,
    3.649796703699));
#172 = CARTESIAN_POINT('',(424.64667673834,542.08519744761,
    3.854239782557));
#173 = CARTESIAN_POINT('',(424.62523867449,542.13380404508,
    4.057891595515));
#174 = CARTESIAN_POINT('',(424.60255731384,542.18522957373,4.26069706562
    ));
#175 = CARTESIAN_POINT('',(424.55580726997,542.29122611242,4.65533568602
    ));
#176 = CARTESIAN_POINT('',(424.53184848167,542.34554795728,
    4.847248733953));
#177 = CARTESIAN_POINT('',(424.5067679178,542.40241320784,5.038293438403
    ));
#178 = CARTESIAN_POINT('',(424.48057239021,542.46180641956,5.22842366459
    ));
#179 = CARTESIAN_POINT('',(424.4532688936,542.52371173332,5.417593358821
    ));
#180 = CARTESIAN_POINT('',(424.42486400611,542.58811423449,
    5.605756002479));
#181 = CARTESIAN_POINT('',(424.39536411375,542.65499944405,
    5.792864913169));
#182 = CARTESIAN_POINT('',(424.33342493055,542.79543437169,
    6.169529132218));
#183 = CARTESIAN_POINT('',(424.30093042739,542.86910927282,
    6.359028520862));
#184 = CARTESIAN_POINT('',(424.26730272552,542.9453534794,6.547326470114
    ));
#185 = CARTESIAN_POINT('',(424.23254457269,543.02416076141,
    6.734364925722));
#186 = CARTESIAN_POINT('',(424.19668138308,543.10547349717,
    6.920118704434));
#187 = CARTESIAN_POINT('',(424.15970350885,543.18931356129,
    7.104512748446));
#188 = CARTESIAN_POINT('',(424.1216250503,543.27564898412,7.287509433282
    ));
#189 = CARTESIAN_POINT('',(424.06362109711,543.40716155091,
    7.556416682377));
#190 = CARTESIAN_POINT('',(424.04452873941,543.45044972058,7.64343162899
    ));
#191 = CARTESIAN_POINT('',(424.02518587668,543.4943058612,7.7301077472)
  );
#192 = CARTESIAN_POINT('',(424.0055933639,543.53872803424,7.816439480507
    ));
#193 = CARTESIAN_POINT('',(423.98575223344,543.58371389902,
    7.902421504067));
#194 = CARTESIAN_POINT('',(423.965663695,543.62926071278,7.988048724694)
  );
#195 = CARTESIAN_POINT('',(423.94532913565,543.67536533062,
    8.073316280859));
#196 = CARTESIAN_POINT('',(423.90443328262,543.76808864185,
    8.242041128724));
#197 = CARTESIAN_POINT('',(423.88395370728,543.81452205496,
    8.325195429219));
#198 = CARTESIAN_POINT('',(423.8633164637,543.8613129498,8.407679798553)
  );
#199 = CARTESIAN_POINT('',(423.84252578785,543.90845172218,8.48949439923
    ));
#200 = CARTESIAN_POINT('',(423.82158508171,543.95593065877,
    8.570642201886));
#201 = CARTESIAN_POINT('',(423.80049691328,544.00374393711,
    8.651128985286));
#202 = CARTESIAN_POINT('',(423.77926301662,544.0518876256,8.730963336325
    ));
#203 = CARTESIAN_POINT('',(423.69011568199,544.25401169052,
    9.061192238871));
#204 = CARTESIAN_POINT('',(423.62014075634,544.41266608524,
    9.308567222512));
#205 = CARTESIAN_POINT('',(423.54799630811,544.57623944611,
    9.552141229189));
#206 = CARTESIAN_POINT('',(423.47372728112,544.74462987187,
    9.791787708262));
#207 = CARTESIAN_POINT('',(423.39737091032,544.91775293959,
    10.027366418269));
#208 = CARTESIAN_POINT('',(423.31896591268,545.09552086614,
    10.258741111386));
#209 = CARTESIAN_POINT('',(423.23856173572,545.27782153898,
    10.485796204818));
#210 = CARTESIAN_POINT('',(423.10518453922,545.58022812508,
    10.846305072912));
#211 = CARTESIAN_POINT('',(423.05341612726,545.69760282733,
    10.982498283338));
#212 = CARTESIAN_POINT('',(423.00090869997,545.81665310167,
    11.11695707225));
#213 = CARTESIAN_POINT('',(422.94767278857,545.93735507057,
    11.249651299416));
#214 = CARTESIAN_POINT('',(422.89371938034,546.05968382256,
    11.380552055533));
#215 = CARTESIAN_POINT('',(422.83906027067,546.18361261389,
    11.509632543468));
#216 = CARTESIAN_POINT('',(422.78370777787,546.30911351524,
    11.636867258254));
#217 = CARTESIAN_POINT('',(422.69829016922,546.50278115937,
    11.827968163854));
#218 = CARTESIAN_POINT('',(422.66878745784,546.56967276051,
    11.893039336799));
#219 = CARTESIAN_POINT('',(422.63916715604,546.63683097481,
    11.957446759448));
#220 = CARTESIAN_POINT('',(422.60943057867,546.70425282113,
    12.021194434145));
#221 = CARTESIAN_POINT('',(422.57957888575,546.77193566935,
    12.084286590829));
#222 = CARTESIAN_POINT('',(422.5496130825,546.83987724031,
    12.146727687031));
#223 = CARTESIAN_POINT('',(422.51953401935,546.90807560584,
    12.208522407874));
#224 = CARTESIAN_POINT('',(422.46204085535,547.03843005853,
    12.324975034038));
#225 = CARTESIAN_POINT('',(422.43459910433,547.100648837,12.379849052933
    ));
#226 = CARTESIAN_POINT('',(422.40701821922,547.16318307468,
    12.434294496626));
#227 = CARTESIAN_POINT('',(422.37929935927,547.22603014321,
    12.488308422236));
#228 = CARTESIAN_POINT('',(422.3514437626,547.28918723538,
    12.541888170133));
#229 = CARTESIAN_POINT('',(422.32345274623,547.35265136511,
    12.595031363936));
#230 = CARTESIAN_POINT('',(422.29532770607,547.41641936745,
    12.647735910518));
#231 = CARTESIAN_POINT('',(422.26707011691,547.48048789861,12.7));
#232 = ORIENTED_EDGE('',*,*,#233,.T.);
#233 = EDGE_CURVE('',#73,#234,#236,.T.);
#234 = VERTEX_POINT('',#235);
#235 = CARTESIAN_POINT('',(445.81725360228,557.02720291486,-12.7));
#236 = B_SPLINE_CURVE_WITH_KNOTS('',4,(#237,#238,#239,#240,#241),
  .UNSPECIFIED.,.F.,.F.,(5,5),(0.,1.),.PIECEWISE_BEZIER_KNOTS.);
#237 = CARTESIAN_POINT('',(422.26707003772,547.48048807815,-12.7));
#238 = CARTESIAN_POINT('',(428.15461592886,549.86716678733,-12.7));
#239 = CARTESIAN_POINT('',(434.04216182,552.25384549651,-12.7));
#240 = CARTESIAN_POINT('',(439.92970771114,554.64052420568,-12.7));
#241 = CARTESIAN_POINT('',(445.81725360228,557.02720291486,-12.7));
#242 = ORIENTED_EDGE('',*,*,#243,.T.);
#243 = EDGE_CURVE('',#234,#24,#244,.T.);
#244 = B_SPLINE_CURVE_WITH_KNOTS('',8,(#245,#246,#247,#248,#249,#250,
    #251,#252,#253,#254,#255,#256,#257,#258,#259,#260,#261,#262,#263,
    #264,#265,#266,#267,#268,#269,#270,#271,#272,#273,#274,#275,#276,
    #277,#278,#279,#280,#281,#282,#283,#284,#285,#286,#287,#288,#289,
    #290,#291,#292,#293,#294,#295,#296,#297,#298,#299,#300,#301,#302,
    #303,#304,#305,#306,#307,#308,#309,#310,#311,#312,#313,#314,#315,
    #316,#317,#318,#319,#320,#321,#322,#323,#324,#325,#326,#327,#328,
    #329,#330,#331,#332,#333,#334,#335,#336,#337,#338,#339,#340,#341,
    #342,#343,#344,#345,#346,#347,#348,#349,#350,#351,#352,#353,#354,
    #355,#356,#357,#358,#359,#360,#361,#362,#363,#364,#365,#366,#367,
    #368,#369,#370,#371,#372,#373,#374,#375,#376,#377,#378,#379,#380,
    #381,#382,#383,#384,#385,#386,#387,#388,#389,#390,#391,#392,#393,
    #394,#395,#396,#397,#398,#399,#400),.UNSPECIFIED.,.F.,.F.,(9,7,7,7,7
    ,7,7,7,7,7,7,7,7,7,7,7,7,7,7,7,7,7,9),(0.,4.13459500912E-02,
    8.642435089725E-02,0.171559700564,0.219520341736,0.243782656314,
    0.272414281994,0.31740998972,0.366494689559,0.425278883846,
    0.490517193151,0.518624322054,0.557603133087,0.605153152685,
    0.660258341851,0.712860506525,0.766776317661,0.792715162667,
    0.818323544269,0.89949978064,0.949785517307,0.976154858743,1.),
  .UNSPECIFIED.);
#245 = CARTESIAN_POINT('',(445.81725360228,557.02720291486,-12.7));
#246 = CARTESIAN_POINT('',(445.86066294197,556.92878076649,
    -12.61971187482));
#247 = CARTESIAN_POINT('',(445.90375926903,556.83106831279,
    -12.53838256106));
#248 = CARTESIAN_POINT('',(445.94654085439,556.73406947404,
    -12.45603465805));
#249 = CARTESIAN_POINT('',(445.98898829356,556.63782824611,
    -12.37262194309));
#250 = CARTESIAN_POINT('',(446.03112406476,556.54229366406,
    -12.28824877835));
#251 = CARTESIAN_POINT('',(446.07291764601,556.44753493051,
    -12.20283538918));
#252 = CARTESIAN_POINT('',(446.11437795569,556.35353182474,
    -12.11643790393));
#253 = CARTESIAN_POINT('',(446.20032717539,556.15865885701,
    -11.9337766216));
#254 = CARTESIAN_POINT('',(446.24489893943,556.05760113986,
    -11.83701675593));
#255 = CARTESIAN_POINT('',(446.28920864826,555.95713758139,
    -11.73875732313));
#256 = CARTESIAN_POINT('',(446.33325250147,555.8572767983,
    -11.63898196965));
#257 = CARTESIAN_POINT('',(446.3770262346,555.75802845943,
    -11.53767290036));
#258 = CARTESIAN_POINT('',(446.42052521158,555.65940307612,
    -11.43481110676));
#259 = CARTESIAN_POINT('',(446.46374451728,555.56141179251,
    -11.33037659523));
#260 = CARTESIAN_POINT('',(446.58776547669,555.28021863563,
    -11.02410350911));
#261 = CARTESIAN_POINT('',(446.6671999734,555.10011652222,
    -10.81974609244));
#262 = CARTESIAN_POINT('',(446.74494271588,554.92385012913,
    -10.61137376169));
#263 = CARTESIAN_POINT('',(446.82095762578,554.75150125692,
    -10.39909296958));
#264 = CARTESIAN_POINT('',(446.89520496794,554.58315999725,
    -10.18300165539));
#265 = CARTESIAN_POINT('',(446.96764657492,554.4189128873,
    -9.963200571678));
#266 = CARTESIAN_POINT('',(447.03825062268,554.25883208181,
    -9.739804256128));
#267 = CARTESIAN_POINT('',(447.14570291082,554.01520513149,
    -9.385109456731));
#268 = CARTESIAN_POINT('',(447.1840388365,553.92828595254,
    -9.255497619497));
#269 = CARTESIAN_POINT('',(447.22197950929,553.84226293186,
    -9.124065386845));
#270 = CARTESIAN_POINT('',(447.25951460596,553.75715947535,
    -8.990785165891));
#271 = CARTESIAN_POINT('',(447.29663450839,553.67299739018,
    -8.85562308893));
#272 = CARTESIAN_POINT('',(447.33333018241,553.58979715959,
    -8.718538832513));
#273 = CARTESIAN_POINT('',(447.3695930566,553.50757821758,
    -8.579485436514));
#274 = CARTESIAN_POINT('',(447.42353644496,553.38527218366,
    -8.367041480713));
#275 = CARTESIAN_POINT('',(447.44148300578,553.34458188329,
    -8.295400716099));
#276 = CARTESIAN_POINT('',(447.45925382889,553.30429003364,
    -8.223489948361));
#277 = CARTESIAN_POINT('',(447.47684813671,553.2643983977,
    -8.151312263311));
#278 = CARTESIAN_POINT('',(447.49426512881,553.22490879035,
    -8.078870713571));
#279 = CARTESIAN_POINT('',(447.51150398185,553.18582307829,
    -8.006168318574));
#280 = CARTESIAN_POINT('',(447.52856384964,553.14714318013,
    -7.933208064565));
#281 = CARTESIAN_POINT('',(447.56536373617,553.06370666814,
    -7.773592695436));
#282 = CARTESIAN_POINT('',(447.58510987006,553.01893618941,
    -7.686503553811));
#283 = CARTESIAN_POINT('',(447.60467891798,552.97456721834,
    -7.598723359766));
#284 = CARTESIAN_POINT('',(447.62406702721,552.93060849018,
    -7.510251054755));
#285 = CARTESIAN_POINT('',(447.64326983916,552.8870698872,
    -7.421086641645));
#286 = CARTESIAN_POINT('',(447.66228248932,552.8439624387,
    -7.331231184711));
#287 = CARTESIAN_POINT('',(447.6810996073,552.80129832102,
    -7.240686809642));
#288 = CARTESIAN_POINT('',(447.72897062462,552.6927601953,
    -7.006085061424));
#289 = CARTESIAN_POINT('',(447.7577353736,552.6275417789,-6.860985481875
    ));
#290 = CARTESIAN_POINT('',(447.78598980504,552.56348040726,
    -6.71416778864));
#291 = CARTESIAN_POINT('',(447.81371625276,552.50061613497,
    -6.565639591047));
#292 = CARTESIAN_POINT('',(447.8408968761,552.43898941219,
    -6.415403098272));
#293 = CARTESIAN_POINT('',(447.86751295054,552.37864269313,
    -6.263454063233));
#294 = CARTESIAN_POINT('',(447.89354571577,552.31961851308,
    -6.109782856103));
#295 = CARTESIAN_POINT('',(447.94672308099,552.19904928613,
    -5.784850007492));
#296 = CARTESIAN_POINT('',(447.97375256446,552.13776524332,
    -5.61326441367));
#297 = CARTESIAN_POINT('',(448.00004005273,552.07816352884,
    -5.439635357198));
#298 = CARTESIAN_POINT('',(448.02555978727,552.02030254507,
    -5.263973738144));
#299 = CARTESIAN_POINT('',(448.0502860837,551.96424052632,
    -5.086285578632));
#300 = CARTESIAN_POINT('',(448.07419274628,551.91003686629,
    -4.906571444554));
#301 = CARTESIAN_POINT('',(448.09725324341,551.85775172015,
    -4.724826595782));
#302 = CARTESIAN_POINT('',(448.14601463464,551.74719484655,
    -4.320939931661));
#303 = CARTESIAN_POINT('',(448.17111543537,551.69028371288,
    -4.099745546017));
#304 = CARTESIAN_POINT('',(448.19473526872,551.63673038176,
    -3.877529048372));
#305 = CARTESIAN_POINT('',(448.21686749875,551.58654989887,
    -3.654362252482));
#306 = CARTESIAN_POINT('',(448.23750546094,551.53975737472,
    -3.430317028962));
#307 = CARTESIAN_POINT('',(448.25664180345,551.49636947811,
    -3.205464817283));
#308 = CARTESIAN_POINT('',(448.27426934019,551.45640250215,
    -2.979877066283));
#309 = CARTESIAN_POINT('',(448.30826670917,551.37932014805,
    -2.502535338383));
#310 = CARTESIAN_POINT('',(448.32428626162,551.34299896051,-2.2506273187
    ));
#311 = CARTESIAN_POINT('',(448.33843319135,551.31092357706,
    -1.998002324055));
#312 = CARTESIAN_POINT('',(448.35070775491,551.28309341598,
    -1.74476102781));
#313 = CARTESIAN_POINT('',(448.36110156172,551.25952750128,
    -1.491003553158));
#314 = CARTESIAN_POINT('',(448.36960533925,551.24024685663,
    -1.236829152611));
#315 = CARTESIAN_POINT('',(448.37621958384,551.22525035663,
    -0.982337232811));
#316 = CARTESIAN_POINT('',(448.38298150676,551.20991902504,
    -0.617892423135));
#317 = CARTESIAN_POINT('',(448.38466737407,551.20609665216,
    -0.508115020097));
#318 = CARTESIAN_POINT('',(448.38600216788,551.20307026948,
    -0.398305641286));
#319 = CARTESIAN_POINT('',(448.38698535613,551.20084108332,
    -0.288472259001));
#320 = CARTESIAN_POINT('',(448.38761674132,551.19940954145,
    -0.178622914347));
#321 = CARTESIAN_POINT('',(448.38789646052,551.19877533312,
    -6.876571722847E-02));
#322 = CARTESIAN_POINT('',(448.38782498535,551.19893738904,
    4.109115364842E-02));
#323 = CARTESIAN_POINT('',(448.38681808416,551.20122033963,
    0.303276462165));
#324 = CARTESIAN_POINT('',(448.38555620254,551.20408140826,
    0.455597646239));
#325 = CARTESIAN_POINT('',(448.38361781579,551.20847631935,
    0.607881595942));
#326 = CARTESIAN_POINT('',(448.38100497042,551.21440043284,
    0.760106725065));
#327 = CARTESIAN_POINT('',(448.37771872524,551.22185134806,0.91225141999
    ));
#328 = CARTESIAN_POINT('',(448.37375845398,551.23083048501,
    1.064294150223));
#329 = CARTESIAN_POINT('',(448.36912314602,551.24134013502,
    1.216213537743));
#330 = CARTESIAN_POINT('',(448.35733897031,551.268058438,1.553137618225)
  );
#331 = CARTESIAN_POINT('',(448.3498784705,551.28497365543,1.737574658203
    ));
#332 = CARTESIAN_POINT('',(448.34144551654,551.30409372156,
    1.921225419146));
#333 = CARTESIAN_POINT('',(448.33205422933,551.32538662004,
    2.104017628231));
#334 = CARTESIAN_POINT('',(448.3217195712,551.34881842672,2.285880653235
    ));
#335 = CARTESIAN_POINT('',(448.31045705789,551.37435396271,
    2.466745475037));
#336 = CARTESIAN_POINT('',(448.29828315146,551.40195590352,
    2.646544805153));
#337 = CARTESIAN_POINT('',(448.27007334461,551.46591609768,
    3.032270336896));
#338 = CARTESIAN_POINT('',(448.25366176648,551.5031261264,3.238756957779
    ));
#339 = CARTESIAN_POINT('',(448.23598546928,551.54320365714,
    3.444617380209));
#340 = CARTESIAN_POINT('',(448.21704980364,551.58613655836,
    3.649796599398));
#341 = CARTESIAN_POINT('',(448.19686031337,551.63191226057,
    3.854239679142));
#342 = CARTESIAN_POINT('',(448.17542225001,551.68051885692,
    4.057891493002));
#343 = CARTESIAN_POINT('',(448.15274088985,551.73194438447,
    4.260696964027));
#344 = CARTESIAN_POINT('',(448.1059908469,551.83794092107,4.655335586324
    ));
#345 = CARTESIAN_POINT('',(448.08203205904,551.89226276494,
    4.847248635233));
#346 = CARTESIAN_POINT('',(448.05695149559,551.94912801453,
    5.038293340673));
#347 = CARTESIAN_POINT('',(448.03075596842,552.00852122531,
    5.228423567861));
#348 = CARTESIAN_POINT('',(448.00345247221,552.07042653815,
    5.417593263106));
#349 = CARTESIAN_POINT('',(447.97504758513,552.13482903841,
    5.605755907788));
#350 = CARTESIAN_POINT('',(447.94554769316,552.20171424709,
    5.792864819515));
#351 = CARTESIAN_POINT('',(447.88360851072,552.34214917298,6.16952904068
    ));
#352 = CARTESIAN_POINT('',(447.85111400795,552.41582407325,
    6.359028430403));
#353 = CARTESIAN_POINT('',(447.81748630645,552.49206827899,6.54732638075
    ));
#354 = CARTESIAN_POINT('',(447.78272815398,552.57087556017,
    6.734364837445));
#355 = CARTESIAN_POINT('',(447.74686496471,552.65218829516,
    6.920118617279));
#356 = CARTESIAN_POINT('',(447.70988709083,552.73602835848,7.1045126624)
  );
#357 = CARTESIAN_POINT('',(447.67180863261,552.82236378057,
    7.287509348368));
#358 = CARTESIAN_POINT('',(447.61380467989,552.95387634629,
    7.556416599138));
#359 = CARTESIAN_POINT('',(447.59471232235,552.99716451561,
    7.643431546298));
#360 = CARTESIAN_POINT('',(447.57536945976,553.0410206559,7.730107665058
    ));
#361 = CARTESIAN_POINT('',(447.55577694713,553.0854428286,7.816439398916
    ));
#362 = CARTESIAN_POINT('',(447.53593581682,553.13042869306,
    7.902421423028));
#363 = CARTESIAN_POINT('',(447.51584727852,553.17597550649,
    7.988048644209));
#364 = CARTESIAN_POINT('',(447.49551271931,553.22208012401,8.07331620093
    ));
#365 = CARTESIAN_POINT('',(447.45461686655,553.31480343462,
    8.242041049902));
#366 = CARTESIAN_POINT('',(447.43413729134,553.36123684743,
    8.325195350952));
#367 = CARTESIAN_POINT('',(447.41350004789,553.40802774199,
    8.407679720842));
#368 = CARTESIAN_POINT('',(447.39270937217,553.45516651408,
    8.489494322073));
#369 = CARTESIAN_POINT('',(447.37176866615,553.5026454504,8.570642125279
    ));
#370 = CARTESIAN_POINT('',(447.35068049785,553.55045872846,
    8.651128909223));
#371 = CARTESIAN_POINT('',(447.3294466013,553.59860241667,8.730963260801
    ));
#372 = CARTESIAN_POINT('',(447.2402992672,553.8007264804,9.061192165461)
  );
#373 = CARTESIAN_POINT('',(447.17032434194,553.95938087424,
    9.308567150704));
#374 = CARTESIAN_POINT('',(447.09817989408,554.12295423427,
    9.552141158979));
#375 = CARTESIAN_POINT('',(447.02391086744,554.29134465925,9.79178763967
    ));
#376 = CARTESIAN_POINT('',(446.94755449697,554.46446772621,
    10.027366351306));
#377 = CARTESIAN_POINT('',(446.86914949964,554.64223565205,
    10.25874104605));
#378 = CARTESIAN_POINT('',(446.78874532296,554.82453632424,
    10.48579614112));
#379 = CARTESIAN_POINT('',(446.65536812693,555.12694290927,
    10.846305011792));
#380 = CARTESIAN_POINT('',(446.60359971517,555.2443176111,
    10.982498223162));
#381 = CARTESIAN_POINT('',(446.55109228806,555.36336788502,
    11.116957013019));
#382 = CARTESIAN_POINT('',(446.49785637684,555.48406985352,
    11.249651241133));
#383 = CARTESIAN_POINT('',(446.44390296878,555.60639860513,
    11.380551998202));
#384 = CARTESIAN_POINT('',(446.38924385927,555.73032739609,
    11.509632487091));
#385 = CARTESIAN_POINT('',(446.33389136663,555.85582829709,
    11.63686720283));
#386 = CARTESIAN_POINT('',(446.24847375821,556.04949594068,
    11.827968109869));
#387 = CARTESIAN_POINT('',(446.21897104692,556.11638754162,
    11.893039283297));
#388 = CARTESIAN_POINT('',(446.18935074521,556.18354575573,
    11.957446706423));
#389 = CARTESIAN_POINT('',(446.15961416792,556.25096760186,
    12.021194381597));
#390 = CARTESIAN_POINT('',(446.12976247508,556.31865044989,
    12.084286538755));
#391 = CARTESIAN_POINT('',(446.09979667191,556.38659202066,
    12.146727635429));
#392 = CARTESIAN_POINT('',(446.06971760884,556.45479038601,
    12.208522356741));
#393 = CARTESIAN_POINT('',(446.01222444191,556.58514484534,
    12.324974990044));
#394 = CARTESIAN_POINT('',(445.98478268784,556.64736363072,
    12.379849015519));
#395 = CARTESIAN_POINT('',(445.95720179965,556.70989787539,
    12.434294465694));
#396 = CARTESIAN_POINT('',(445.92948293659,556.77274495098,
    12.488308397689));
#397 = CARTESIAN_POINT('',(445.90162733677,556.83590205028,
    12.541888151872));
#398 = CARTESIAN_POINT('',(445.87363631723,556.89936618721,
    12.595031351863));
#399 = CARTESIAN_POINT('',(445.84551127387,556.96313419682,
    12.647735904532));
#400 = CARTESIAN_POINT('',(445.81725368147,557.02720273531,12.7));
#401 = ORIENTED_EDGE('',*,*,#21,.F.);
#402 = SURFACE_OF_LINEAR_EXTRUSION('',#403,#614);
#403 = B_SPLINE_CURVE_WITH_KNOTS('',14,(#404,#405,#406,#407,#408,#409,
    #410,#411,#412,#413,#414,#415,#416,#417,#418,#419,#420,#421,#422,
    #423,#424,#425,#426,#427,#428,#429,#430,#431,#432,#433,#434,#435,
    #436,#437,#438,#439,#440,#441,#442,#443,#444,#445,#446,#447,#448,
    #449,#450,#451,#452,#453,#454,#455,#456,#457,#458,#459,#460,#461,
    #462,#463,#464,#465,#466,#467,#468,#469,#470,#471,#472,#473,#474,
    #475,#476,#477,#478,#479,#480,#481,#482,#483,#484,#485,#486,#487,
    #488,#489,#490,#491,#492,#493,#494,#495,#496,#497,#498,#499,#500,
    #501,#502,#503,#504,#505,#506,#507,#508,#509,#510,#511,#512,#513,
    #514,#515,#516,#517,#518,#519,#520,#521,#522,#523,#524,#525,#526,
    #527,#528,#529,#530,#531,#532,#533,#534,#535,#536,#537,#538,#539,
    #540,#541,#542,#543,#544,#545,#546,#547,#548,#549,#550,#551,#552,
    #553,#554,#555,#556,#557,#558,#559,#560,#561,#562,#563,#564,#565,
    #566,#567,#568,#569,#570,#571,#572,#573,#574,#575,#576,#577,#578,
    #579,#580,#581,#582,#583,#584,#585,#586,#587,#588,#589,#590,#591,
    #592,#593,#594,#595,#596,#597,#598,#599,#600,#601,#602,#603,#604,
    #605,#606,#607,#608,#609,#610,#611,#612,#613),.UNSPECIFIED.,.T.,.F.,
  (15,13,13,13,13,13,13,13,13,13,13,13,13,13,13,13,15),(0.,3.125E-02,
    6.25E-02,0.125,0.15625,0.1875,0.25,0.28125,0.3125,0.375,0.4375,0.5,
    0.5625,0.625,0.6875,0.75,1.),.UNSPECIFIED.);
#404 = CARTESIAN_POINT('',(447.36454158611,584.99009581005,
    -2.613984519348E-13));
#405 = CARTESIAN_POINT('',(447.36454158592,584.99009580974,
    0.307856045483));
#406 = CARTESIAN_POINT('',(447.36697136252,584.98410195292,
    0.615355053545));
#407 = CARTESIAN_POINT('',(447.3717709579,584.97226212183,0.921502029823
    ));
#408 = CARTESIAN_POINT('',(447.37898783886,584.95445929104,
    1.226597311537));
#409 = CARTESIAN_POINT('',(447.38856249942,584.93084010892,
    1.529929318712));
#410 = CARTESIAN_POINT('',(447.40039488649,584.90165163443,1.83051944649
    ));
#411 = CARTESIAN_POINT('',(447.41442017342,584.86705344144,
    2.127939613007));
#412 = CARTESIAN_POINT('',(447.43060270103,584.8271338956,2.422214358804
    ));
#413 = CARTESIAN_POINT('',(447.44887078464,584.78206944009,
    2.713101511612));
#414 = CARTESIAN_POINT('',(447.46907099064,584.73223889086,
    2.999618315167));
#415 = CARTESIAN_POINT('',(447.49100829228,584.67812312832,
    3.280543535981));
#416 = CARTESIAN_POINT('',(447.51456879761,584.62000322801,3.55578044579
    ));
#417 = CARTESIAN_POINT('',(447.53978486767,584.55779930557,
    3.826910694918));
#418 = CARTESIAN_POINT('',(447.59322725235,584.42596568684,
    4.359099246885));
#419 = CARTESIAN_POINT('',(447.62145934712,584.35632172802,
    4.620296069652));
#420 = CARTESIAN_POINT('',(447.65112214589,584.28314845557,
    4.876606778587));
#421 = CARTESIAN_POINT('',(447.68211626751,584.20669103215,
    5.127935216865));
#422 = CARTESIAN_POINT('',(447.71434311131,584.12719267304,5.37420101579
    ));
#423 = CARTESIAN_POINT('',(447.74771510892,584.0448694284,5.615397206965
    ));
#424 = CARTESIAN_POINT('',(447.78215854507,583.9599030887,5.851598629504
    ));
#425 = CARTESIAN_POINT('',(447.81761137462,583.87244677828,
    6.082937602568));
#426 = CARTESIAN_POINT('',(447.85401821898,583.78263703221,
    6.309563328829));
#427 = CARTESIAN_POINT('',(447.89132506478,583.69060716011,
    6.531601500553));
#428 = CARTESIAN_POINT('',(447.92947578528,583.59649556723,
    6.749130573185));
#429 = CARTESIAN_POINT('',(447.96841301291,583.50044380022,6.96219117787
    ));
#430 = CARTESIAN_POINT('',(448.0080855379,583.4025781711,7.170845138933)
  );
#431 = CARTESIAN_POINT('',(448.12922292734,583.10375205064,
    7.784211420619));
#432 = CARTESIAN_POINT('',(448.21288545258,582.89737028972,
    8.176575502764));
#433 = CARTESIAN_POINT('',(448.29833337035,582.68658425348,
    8.549851574954));
#434 = CARTESIAN_POINT('',(448.38757039595,582.4664511194,8.915109336615
    ));
#435 = CARTESIAN_POINT('',(448.47845567811,582.24225198301,
    9.263787322702));
#436 = CARTESIAN_POINT('',(448.57076441623,582.01454145132,
    9.596564352197));
#437 = CARTESIAN_POINT('',(448.66531248008,581.78130681883,
    9.918831588369));
#438 = CARTESIAN_POINT('',(448.76166760196,581.5436145266,
    10.229742238167));
#439 = CARTESIAN_POINT('',(448.85894959875,581.30363573212,
    10.526240738348));
#440 = CARTESIAN_POINT('',(448.95747668967,581.06058553638,
    10.810985937425));
#441 = CARTESIAN_POINT('',(449.05773550909,580.81326342212,
    11.087237497381));
#442 = CARTESIAN_POINT('',(449.15865467702,580.56431235069,
    11.350526901174));
#443 = CARTESIAN_POINT('',(449.2608704423,580.31216277988,
    11.604640656902));
#444 = CARTESIAN_POINT('',(449.41576957913,579.93005195264,
    11.970971683568));
#445 = CARTESIAN_POINT('',(449.46767364931,579.80201310339,
    12.090649805027));
#446 = CARTESIAN_POINT('',(449.51984704233,579.67330987904,
    12.207951173158));
#447 = CARTESIAN_POINT('',(449.57228958764,579.54394269991,
    12.322929604889));
#448 = CARTESIAN_POINT('',(449.62500264688,579.41390820661,
    12.435637266531));
#449 = CARTESIAN_POINT('',(449.67798911343,579.28319926419,
    12.546124674043));
#450 = CARTESIAN_POINT('',(449.73125341109,579.1518049539,
    12.654440692525));
#451 = CARTESIAN_POINT('',(449.78480149846,579.01971058668,
    12.760632537007));
#452 = CARTESIAN_POINT('',(449.83864086098,578.88689768458,
    12.864745771438));
#453 = CARTESIAN_POINT('',(449.8927805216,578.75334400244,
    12.966824309764));
#454 = CARTESIAN_POINT('',(449.94723102943,578.61902350646,
    13.066910414967));
#455 = CARTESIAN_POINT('',(450.00200446954,578.48390639203,
    13.165044699777));
#456 = CARTESIAN_POINT('',(450.05711445612,578.34795907142,
    13.261266126241));
#457 = CARTESIAN_POINT('',(450.16803781637,578.07432928989,
    13.449957885618));
#458 = CARTESIAN_POINT('',(450.2240375105,577.93618720657,13.54272189473
    ));
#459 = CARTESIAN_POINT('',(450.27917086609,577.80018223859,
    13.631678093337));
#460 = CARTESIAN_POINT('',(450.33795628442,577.65516822995,
    13.724104487228));
#461 = CARTESIAN_POINT('',(450.39356601891,577.51798811189,
    13.808818236351));
#462 = CARTESIAN_POINT('',(450.44967441769,577.37957787482,
    13.89213477618));
#463 = CARTESIAN_POINT('',(450.50768559668,577.236473783,13.976231459318
    ));
#464 = CARTESIAN_POINT('',(450.56487096877,577.09540683177,
    14.056495540418));
#465 = CARTESIAN_POINT('',(450.62178602923,576.9550066838,
    14.134046375879));
#466 = CARTESIAN_POINT('',(450.68015977309,576.81100821279,
    14.211757133393));
#467 = CARTESIAN_POINT('',(450.73808421624,576.6681180857,
    14.286226401006));
#468 = CARTESIAN_POINT('',(450.79663334568,576.52368696391,
    14.359469699371));
#469 = CARTESIAN_POINT('',(450.85551738715,576.37842966721,
    14.430850331402));
#470 = CARTESIAN_POINT('',(451.03338889355,575.93964976261,
    14.639813848211));
#471 = CARTESIAN_POINT('',(451.15349490877,575.64336787332,
    14.772155540135));
#472 = CARTESIAN_POINT('',(451.27620293936,575.34066723873,
    14.897923505283));
#473 = CARTESIAN_POINT('',(451.39763857272,575.04110539834,
    15.015914197566));
#474 = CARTESIAN_POINT('',(451.52938482151,574.71610895858,
    15.129584282686));
#475 = CARTESIAN_POINT('',(451.64983895651,574.41896831447,
    15.231896131788));
#476 = CARTESIAN_POINT('',(451.786298766,574.08234429047,15.331524282836
    ));
#477 = CARTESIAN_POINT('',(451.92066633423,573.75088148431,
    15.421889491094));
#478 = CARTESIAN_POINT('',(452.04708323983,573.43903166027,
    15.501147365528));
#479 = CARTESIAN_POINT('',(452.19695131972,573.06933162779,
    15.579341594953));
#480 = CARTESIAN_POINT('',(452.32957734251,572.74216492829,
    15.64173079176));
#481 = CARTESIAN_POINT('',(452.47564513833,572.38183957397,
    15.699297562989));
#482 = CARTESIAN_POINT('',(452.62236893487,572.01989597372,
    15.746248044572));
#483 = CARTESIAN_POINT('',(452.84782150685,571.46374136454,
    15.801553251041));
#484 = CARTESIAN_POINT('',(452.92373017389,571.27648710421,
    15.817460017908));
#485 = CARTESIAN_POINT('',(453.00096631181,571.08595818182,
    15.830534867615));
#486 = CARTESIAN_POINT('',(453.077083924,570.89818850244,15.841624399398
    ));
#487 = CARTESIAN_POINT('',(453.15965011396,570.69451119041,
    15.848416216082));
#488 = CARTESIAN_POINT('',(453.23353330453,570.51225349184,
    15.853984827981));
#489 = CARTESIAN_POINT('',(453.31604515264,570.30871020801,
    15.855538892167));
#490 = CARTESIAN_POINT('',(453.39901038162,570.10404861701,
    15.853573576516));
#491 = CARTESIAN_POINT('',(453.47404363489,569.91895381128,
    15.849841693879));
#492 = CARTESIAN_POINT('',(453.55932836318,569.70857037168,
    15.841835987721));
#493 = CARTESIAN_POINT('',(453.64066913955,569.5079159672,
    15.830621382666));
#494 = CARTESIAN_POINT('',(453.72203441419,569.30720115399,
    15.816454404652));
#495 = CARTESIAN_POINT('',(453.80380570462,569.1054847572,
    15.798913005128));
#496 = CARTESIAN_POINT('',(453.96709030539,568.70268836223,
    15.757387234816));
#497 = CARTESIAN_POINT('',(454.04877516891,568.50118516944,
    15.733322307424));
#498 = CARTESIAN_POINT('',(454.12979897719,568.30131268624,
    15.706430540936));
#499 = CARTESIAN_POINT('',(454.21253480059,568.09721695755,
    15.674999314282));
#500 = CARTESIAN_POINT('',(454.2919060679,567.90142100608,15.64259363549
    ));
#501 = CARTESIAN_POINT('',(454.37379480744,567.69941491449,
    15.605075034068));
#502 = CARTESIAN_POINT('',(454.45565292786,567.49748428655,
    15.564163964762));
#503 = CARTESIAN_POINT('',(454.53396256937,567.30430725104,
    15.522362136677));
#504 = CARTESIAN_POINT('',(454.61384198302,567.10725777513,
    15.476152960203));
#505 = CARTESIAN_POINT('',(454.69554586057,566.90570769829,
    15.425277822972));
#506 = CARTESIAN_POINT('',(454.77134480529,566.71872409138,
    15.375144400306));
#507 = CARTESIAN_POINT('',(454.84975755277,566.5252926773,15.32014859576
    ));
#508 = CARTESIAN_POINT('',(454.92681268477,566.33521027234,
    15.262845322069));
#509 = CARTESIAN_POINT('',(455.156644585,565.7682525775,15.082432287846)
  );
#510 = CARTESIAN_POINT('',(455.30779886315,565.3953797035,14.95089711497
    ));
#511 = CARTESIAN_POINT('',(455.45629315794,565.0290685732,
    14.809506417358));
#512 = CARTESIAN_POINT('',(455.60485503699,564.66259072501,
    14.653029094021));
#513 = CARTESIAN_POINT('',(455.74557098785,564.31546749352,
    14.497179598723));
#514 = CARTESIAN_POINT('',(455.8937775893,563.94986606202,14.31225010215
    ));
#515 = CARTESIAN_POINT('',(456.02982104156,563.61426911414,
    14.136133750783));
#516 = CARTESIAN_POINT('',(456.16744472143,563.27477402352,
    13.943120952314));
#517 = CARTESIAN_POINT('',(456.31055568411,562.9217426823,
    13.725047719111));
#518 = CARTESIAN_POINT('',(456.43619717468,562.61180568956,
    13.525720760961));
#519 = CARTESIAN_POINT('',(456.57520804503,562.26888861089,
    13.287445797278));
#520 = CARTESIAN_POINT('',(456.70475665858,561.94931337905,
    13.051455684562));
#521 = CARTESIAN_POINT('',(456.8343372398,561.62965928514,
    12.800587273992));
#522 = CARTESIAN_POINT('',(457.08917150285,561.00102485178,
    12.276030945084));
#523 = CARTESIAN_POINT('',(457.21467601007,560.69142576608,
    12.001822918465));
#524 = CARTESIAN_POINT('',(457.33799212027,560.38722509817,
    11.716524877512));
#525 = CARTESIAN_POINT('',(457.46002964338,560.08617849522,
    11.41538525237));
#526 = CARTESIAN_POINT('',(457.5785720613,559.79375374409,11.10770053766
    ));
#527 = CARTESIAN_POINT('',(457.69630844816,559.50331734298,
    10.780704828989));
#528 = CARTESIAN_POINT('',(457.81160494492,559.21889974475,
    10.440368254023));
#529 = CARTESIAN_POINT('',(457.92293265114,558.94427251371,
    10.092555633119));
#530 = CARTESIAN_POINT('',(458.03294276237,558.67289556187,
    9.724582454118));
#531 = CARTESIAN_POINT('',(458.14096475672,558.40642298041,
    9.337482333939));
#532 = CARTESIAN_POINT('',(458.24280278812,558.15520521533,
    8.948019651923));
#533 = CARTESIAN_POINT('',(458.34394525636,557.90570329572,
    8.531668163427));
#534 = CARTESIAN_POINT('',(458.44051286413,557.66748680626,8.10215136945
    ));
#535 = CARTESIAN_POINT('',(458.62561530642,557.21086936586,7.20892788382
    ));
#536 = CARTESIAN_POINT('',(458.71407959047,556.99264245062,
    6.745138674018));
#537 = CARTESIAN_POINT('',(458.79746869789,556.78693516598,
    6.270092790827));
#538 = CARTESIAN_POINT('',(458.87846771481,556.5871238439,5.750971587477
    ));
#539 = CARTESIAN_POINT('',(458.94520687502,556.42248925296,
    5.302776370596));
#540 = CARTESIAN_POINT('',(459.02651160861,556.22192378197,
    4.642033777079));
#541 = CARTESIAN_POINT('',(459.06640534644,556.12351245021,4.2783713879)
  );
#542 = CARTESIAN_POINT('',(459.14211810317,555.93674147629,
    3.542938652597));
#543 = CARTESIAN_POINT('',(459.17329521693,555.85983262803,
    3.065539364621));
#544 = CARTESIAN_POINT('',(459.21801107124,555.74952593885,
    2.432316585177));
#545 = CARTESIAN_POINT('',(459.2441579675,555.68502581912,1.841297872016
    ));
#546 = CARTESIAN_POINT('',(459.263883075,555.6363672082,1.233602000472)
  );
#547 = CARTESIAN_POINT('',(459.27353971724,555.61254585115,
    0.622189082061));
#548 = CARTESIAN_POINT('',(459.27383731933,555.6118117155,
    -0.601670447123));
#549 = CARTESIAN_POINT('',(459.26448802556,555.63487489409,
    -1.212191114671));
#550 = CARTESIAN_POINT('',(459.24500942989,555.68292540066,
    -1.823659850525));
#551 = CARTESIAN_POINT('',(459.21935323822,555.74621503306,
    -2.404541642706));
#552 = CARTESIAN_POINT('',(459.17446398619,555.85694946384,
    -3.05906110598));
#553 = CARTESIAN_POINT('',(459.14417763817,555.9316609437,
    -3.505663138171));
#554 = CARTESIAN_POINT('',(459.06826831522,556.11891680609,
    -4.275250177363));
#555 = CARTESIAN_POINT('',(459.02853452306,556.21693358878,
    -4.613710657707));
#556 = CARTESIAN_POINT('',(458.94778017466,556.41614133849,
    -5.289079723611));
#557 = CARTESIAN_POINT('',(458.88093888476,556.58102787564,
    -5.732055764419));
#558 = CARTESIAN_POINT('',(458.80027475057,556.78001309117,
    -6.253200568567));
#559 = CARTESIAN_POINT('',(458.7170243801,556.98537813711,
    -6.728399334401));
#560 = CARTESIAN_POINT('',(458.62873208741,557.20318077695,
    -7.192664368232));
#561 = CARTESIAN_POINT('',(458.44393420281,557.65904692361,
    -8.086822303098));
#562 = CARTESIAN_POINT('',(458.34751423343,557.89689921274,
    -8.51677593145));
#563 = CARTESIAN_POINT('',(458.24647804721,558.14613895356,
    -8.933748494092));
#564 = CARTESIAN_POINT('',(458.14464349271,558.39734813896,
    -9.324020016701));
#565 = CARTESIAN_POINT('',(458.0369632763,558.66297761339,
    -9.710736419628));
#566 = CARTESIAN_POINT('',(457.92698894569,558.93426629817,
    -10.07946052565));
#567 = CARTESIAN_POINT('',(457.81560009101,559.20904437174,
    -10.42828985258));
#568 = CARTESIAN_POINT('',(457.70055899221,559.49283194904,
    -10.76844067873));
#569 = CARTESIAN_POINT('',(457.58296857872,559.78290825165,
    -11.09567119469));
#570 = CARTESIAN_POINT('',(457.46431408287,560.0756094866,
    -11.40451065662));
#571 = CARTESIAN_POINT('',(457.34252644076,560.37603966989,
    -11.70542454193));
#572 = CARTESIAN_POINT('',(457.21922676938,560.68019978797,
    -11.99136984534));
#573 = CARTESIAN_POINT('',(457.09381764062,560.98956358994,
    -12.26591243852));
#574 = CARTESIAN_POINT('',(456.83915399481,561.61777713868,
    -12.79120691549));
#575 = CARTESIAN_POINT('',(456.70963511133,561.93727903396,
    -13.0424896062));
#576 = CARTESIAN_POINT('',(456.58016825944,562.25665257418,
    -13.27875867003));
#577 = CARTESIAN_POINT('',(456.44199885813,562.59749388465,
    -13.51631083377));
#578 = CARTESIAN_POINT('',(456.31388297216,562.913534808,-13.72012446935
    ));
#579 = CARTESIAN_POINT('',(456.17403253672,563.258522961,-13.93316307265
    ));
#580 = CARTESIAN_POINT('',(456.03507814874,563.60130068936,
    -14.1290188768));
#581 = CARTESIAN_POINT('',(455.89769259255,563.94020839229,
    -14.30782952924));
#582 = CARTESIAN_POINT('',(455.75258338417,564.29816905595,
    -14.48798961498));
#583 = CARTESIAN_POINT('',(455.6093931563,564.65139592974,-14.6486025053
    ));
#584 = CARTESIAN_POINT('',(455.46223040954,565.01442234332,
    -14.80317871829));
#585 = CARTESIAN_POINT('',(455.31343437233,565.38147782513,
    -14.94561685208));
#586 = CARTESIAN_POINT('',(455.16242010388,565.75400531708,
    -15.0774356396));
#587 = CARTESIAN_POINT('',(454.85613306206,566.50956533803,
    -15.31877291979));
#588 = CARTESIAN_POINT('',(454.69974261306,566.89535498733,
    -15.42889519403));
#589 = CARTESIAN_POINT('',(454.55035082315,567.26388009564,
    -15.52281886782));
#590 = CARTESIAN_POINT('',(454.36675108731,567.71679059421,
    -15.62235671221));
#591 = CARTESIAN_POINT('',(454.24059898035,568.02798722287,
    -15.67807769163));
#592 = CARTESIAN_POINT('',(454.0391067787,568.52503548731,
    -15.76320954344));
#593 = CARTESIAN_POINT('',(453.88751914415,568.89897741855,
    -15.78885233288));
#594 = CARTESIAN_POINT('',(453.7600002889,569.2135455326,-15.83931722776
    ));
#595 = CARTESIAN_POINT('',(453.52767199398,569.78666145693,
    -15.85821274161));
#596 = CARTESIAN_POINT('',(453.41992765824,570.05244908353,
    -15.86432341304));
#597 = CARTESIAN_POINT('',(453.23567440332,570.50697172941,
    -15.86369852984));
#598 = CARTESIAN_POINT('',(453.08412072421,570.8808298553,
    -15.84722465357));
#599 = CARTESIAN_POINT('',(452.92982857935,571.26144333422,
    -15.8211930297));
#600 = CARTESIAN_POINT('',(452.17832491328,573.11527992459,
    -15.63917618746));
#601 = CARTESIAN_POINT('',(451.61704537479,574.49986471582,
    -15.2976143992));
#602 = CARTESIAN_POINT('',(451.24574963601,575.41579055421,
    -15.15094963508));
#603 = CARTESIAN_POINT('',(450.1903526007,578.01928236962,-13.45647366)
  );
#604 = CARTESIAN_POINT('',(451.21477817518,575.49219207924,
    -15.7452914264));
#605 = CARTESIAN_POINT('',(448.3766031808,582.49350544256,-10.06074151)
  );
#606 = CARTESIAN_POINT('',(450.63835421044,576.91413569081,
    -15.20325254125));
#607 = CARTESIAN_POINT('',(448.09848853875,583.1795687617,
    -8.684067672839));
#608 = CARTESIAN_POINT('',(448.89466893727,581.21552197693,
    -11.4209702957));
#609 = CARTESIAN_POINT('',(448.0637419926,583.26528280439,
    -7.733357590289));
#610 = CARTESIAN_POINT('',(447.86198569911,583.76298256967,
    -7.275415253745));
#611 = CARTESIAN_POINT('',(447.51677791006,584.61455370638,
    -4.889848271817));
#612 = CARTESIAN_POINT('',(447.36454158611,584.99009581001,
    -2.47260377346));
#613 = CARTESIAN_POINT('',(447.36454158611,584.99009581005,
    -2.622866303545E-13));
#614 = VECTOR('',#615,1.);
#615 = DIRECTION('',(0.926748268264,0.375682907875,3.658264414392E-16));
#616 = ADVANCED_FACE('',(#617),#753,.T.);
#617 = FACE_BOUND('',#618,.T.);
#618 = EDGE_LOOP('',(#619,#627,#628,#629,#692));
#619 = ORIENTED_EDGE('',*,*,#620,.F.);
#620 = EDGE_CURVE('',#234,#621,#623,.T.);
#621 = VERTEX_POINT('',#622);
#622 = CARTESIAN_POINT('',(459.66799559334,525.62336694854,-12.7));
#623 = LINE('',#624,#625);
#624 = CARTESIAN_POINT('',(445.14850301693,558.54346346598,-12.7));
#625 = VECTOR('',#626,1.);
#626 = DIRECTION('',(0.403545296352,-0.91495966785,1.163277344283E-16));
#627 = ORIENTED_EDGE('',*,*,#243,.T.);
#628 = ORIENTED_EDGE('',*,*,#58,.F.);
#629 = ORIENTED_EDGE('',*,*,#630,.F.);
#630 = EDGE_CURVE('',#631,#52,#633,.T.);
#631 = VERTEX_POINT('',#632);
#632 = CARTESIAN_POINT('',(457.52280710806,530.48716033607,
    1.136868377216E-13));
#633 = B_SPLINE_CURVE_WITH_KNOTS('',8,(#634,#635,#636,#637,#638,#639,
    #640,#641,#642,#643,#644,#645,#646,#647,#648,#649,#650,#651,#652,
    #653,#654,#655,#656,#657,#658,#659,#660,#661,#662,#663,#664,#665,
    #666,#667,#668,#669,#670,#671,#672,#673,#674,#675,#676,#677,#678,
    #679,#680,#681,#682,#683,#684,#685,#686,#687,#688,#689,#690,#691),
  .UNSPECIFIED.,.F.,.F.,(9,7,7,7,7,7,7,7,9),(0.,0.308541367989,
    0.34317887365,0.412452501358,0.515846611532,0.617958884051,
    0.713383165008,0.785751894282,1.),.UNSPECIFIED.);
#634 = CARTESIAN_POINT('',(457.52280710806,530.48716033607,
    -7.243287318046E-14));
#635 = CARTESIAN_POINT('',(457.52280710806,530.48716033607,
    0.554918690462));
#636 = CARTESIAN_POINT('',(457.53096975354,530.46865314132,1.10985855899
    ));
#637 = CARTESIAN_POINT('',(457.54729474002,530.43163944212,
    1.663788176544));
#638 = CARTESIAN_POINT('',(457.57174359248,530.37620647307,
    2.215707762223));
#639 = CARTESIAN_POINT('',(457.60424141105,530.30252405487,
    2.764648475888));
#640 = CARTESIAN_POINT('',(457.64467861686,530.2108406361,3.309671710777
    ));
#641 = CARTESIAN_POINT('',(457.69291269777,530.10147933503,
    3.849868386125));
#642 = CARTESIAN_POINT('',(457.75504060773,529.96061650656,
    4.444361199678));
#643 = CARTESIAN_POINT('',(457.76140601275,529.9461842014,4.504279580015
    ));
#644 = CARTESIAN_POINT('',(457.76786578661,529.93153793343,
    4.564111559771));
#645 = CARTESIAN_POINT('',(457.77441953823,529.91667858937,
    4.623855339119));
#646 = CARTESIAN_POINT('',(457.781066868,529.90160707523,4.683509139426)
  );
#647 = CARTESIAN_POINT('',(457.78780736783,529.88632431631,
    4.743071203246));
#648 = CARTESIAN_POINT('',(457.7946406211,529.87083125716,4.802539794327
    ));
#649 = CARTESIAN_POINT('',(457.8154170893,529.82372469784,4.980657632459
    ));
#650 = CARTESIAN_POINT('',(457.82963837279,529.79148073183,
    5.099024374389));
#651 = CARTESIAN_POINT('',(457.8442219359,529.75841536797,5.217001528344
    ));
#652 = CARTESIAN_POINT('',(457.85917658175,529.72450864691,
    5.334561109416));
#653 = CARTESIAN_POINT('',(457.8744808019,529.68980933479,5.451708081516
    ));
#654 = CARTESIAN_POINT('',(457.89014287105,529.6542986704,5.568415471686
    ));
#655 = CARTESIAN_POINT('',(457.90615581277,529.6179924714,5.684676988551
    ));
#656 = CARTESIAN_POINT('',(457.94693438934,529.52553506151,5.97332438514
    ));
#657 = CARTESIAN_POINT('',(457.97215617434,529.46834961978,
    6.145358133972));
#658 = CARTESIAN_POINT('',(457.99817203378,529.4093637703,6.316556551232
    ));
#659 = CARTESIAN_POINT('',(458.02497452552,529.34859438664,
    6.486891936566));
#660 = CARTESIAN_POINT('',(458.05255632061,529.28605808575,
    6.656337168519));
#661 = CARTESIAN_POINT('',(458.08090927805,529.22177332575,
    6.824866845197));
#662 = CARTESIAN_POINT('',(458.11002438011,529.15576055259,
    6.992457187744));
#663 = CARTESIAN_POINT('',(458.16939038295,529.02115980583,
    7.323646446084));
#664 = CARTESIAN_POINT('',(458.19962286621,528.95261359033,
    7.487269081737));
#665 = CARTESIAN_POINT('',(458.23058119008,528.88242167388,
    7.649930229887));
#666 = CARTESIAN_POINT('',(458.26225752453,528.81060180953,
    7.811606797123));
#667 = CARTESIAN_POINT('',(458.29464360407,528.73717273763,7.97227696899
    ));
#668 = CARTESIAN_POINT('',(458.32773025571,528.66215525617,
    8.131920850832));
#669 = CARTESIAN_POINT('',(458.36150784799,528.58557120254,
    8.290519760839));
#670 = CARTESIAN_POINT('',(458.42817047894,528.43442678524,
    8.595270644493));
#671 = CARTESIAN_POINT('',(458.46096923637,528.36006204732,
    8.741556982258));
#672 = CARTESIAN_POINT('',(458.49435566235,528.28436488642,
    8.886899905862));
#673 = CARTESIAN_POINT('',(458.52832543047,528.20734511185,
    9.031278709495));
#674 = CARTESIAN_POINT('',(458.56286944185,528.12902335351,
    9.174682495369));
#675 = CARTESIAN_POINT('',(458.59797762426,528.04942244821,
    9.317102223006));
#676 = CARTESIAN_POINT('',(458.63364421226,527.96855546796,
    9.458520484435));
#677 = CARTESIAN_POINT('',(458.69733176372,527.82415645884,
    9.705400818364));
#678 = CARTESIAN_POINT('',(458.72511841958,527.76115567642,
    9.811294288266));
#679 = CARTESIAN_POINT('',(458.75321366174,527.69745523517,
    9.916608304452));
#680 = CARTESIAN_POINT('',(458.78162603694,527.63303575708,
    10.021315713716));
#681 = CARTESIAN_POINT('',(458.81034097918,527.5679302677,
    10.125432179646));
#682 = CARTESIAN_POINT('',(458.83936253058,527.50212960228,
    10.228939257165));
#683 = CARTESIAN_POINT('',(458.86868377925,527.43564943216,
    10.331838597728));
#684 = CARTESIAN_POINT('',(458.98598848281,527.16968406576,
    10.736940065335));
#685 = CARTESIAN_POINT('',(459.07627954335,526.96496682705,
    11.03437598705));
#686 = CARTESIAN_POINT('',(459.16908882332,526.7545400206,11.32631244635
    ));
#687 = CARTESIAN_POINT('',(459.26433641755,526.53858481565,
    11.612629610904));
#688 = CARTESIAN_POINT('',(459.36193514964,526.31729886756,
    11.893236461222));
#689 = CARTESIAN_POINT('',(459.4617977527,526.09088003689,
    12.168054088931));
#690 = CARTESIAN_POINT('',(459.5638451467,525.85950762203,12.43699742563
    ));
#691 = CARTESIAN_POINT('',(459.66799561468,525.62336690015,12.7));
#692 = ORIENTED_EDGE('',*,*,#693,.F.);
#693 = EDGE_CURVE('',#621,#631,#694,.T.);
#694 = B_SPLINE_CURVE_WITH_KNOTS('',8,(#695,#696,#697,#698,#699,#700,
    #701,#702,#703,#704,#705,#706,#707,#708,#709,#710,#711,#712,#713,
    #714,#715,#716,#717,#718,#719,#720,#721,#722,#723,#724,#725,#726,
    #727,#728,#729,#730,#731,#732,#733,#734,#735,#736,#737,#738,#739,
    #740,#741,#742,#743,#744,#745,#746,#747,#748,#749,#750,#751,#752),
  .UNSPECIFIED.,.F.,.F.,(9,7,7,7,7,7,7,7,9),(0.,0.182447272332,
    0.277207097169,0.378636163853,0.52749265544,0.58538083081,
    0.631817345681,0.71954285228,1.),.UNSPECIFIED.);
#695 = CARTESIAN_POINT('',(459.66799559334,525.62336694854,-12.7));
#696 = CARTESIAN_POINT('',(459.57938739554,525.82426862665,
    -12.47624505038));
#697 = CARTESIAN_POINT('',(459.49230171111,526.02171830483,
    -12.24818999323));
#698 = CARTESIAN_POINT('',(459.40678798417,526.21560387829,
    -12.01587718255));
#699 = CARTESIAN_POINT('',(459.32289646281,526.40581141932,
    -11.77935441636));
#700 = CARTESIAN_POINT('',(459.24067874077,526.5922239493,
    -11.53867283876));
#701 = CARTESIAN_POINT('',(459.16018750646,526.77472200757,
    -11.2938872472));
#702 = CARTESIAN_POINT('',(459.08147549958,526.95318601725,
    -11.04505880501));
#703 = CARTESIAN_POINT('',(458.96466264119,527.21803622137,
    -10.66096109874));
#704 = CARTESIAN_POINT('',(458.92522528513,527.30745267728,
    -10.52859103459));
#705 = CARTESIAN_POINT('',(458.88628915137,527.39573271012,
    -10.39515943225));
#706 = CARTESIAN_POINT('',(458.84786113594,527.48286068448,
    -10.26067742299));
#707 = CARTESIAN_POINT('',(458.80994877731,527.56881950838,
    -10.12515535835));
#708 = CARTESIAN_POINT('',(458.77256035876,527.65359040106,
    -9.988602616268));
#709 = CARTESIAN_POINT('',(458.73570382232,527.7371553556,-9.85102965882
    ));
#710 = CARTESIAN_POINT('',(458.66050899422,527.90764485348,
    -9.564121885977));
#711 = CARTESIAN_POINT('',(458.6222467095,527.994397066,-9.414645650548)
  );
#712 = CARTESIAN_POINT('',(458.58462112735,528.07970568057,
    -9.264011567447));
#713 = CARTESIAN_POINT('',(458.54761590046,528.16360776147,
    -9.112279994457));
#714 = CARTESIAN_POINT('',(458.51126180759,528.24603352394,
    -8.95943025023));
#715 = CARTESIAN_POINT('',(458.4755584896,528.32698378222,
    -8.805494328025));
#716 = CARTESIAN_POINT('',(458.44051725047,528.40643290677,
    -8.650486168595));
#717 = CARTESIAN_POINT('',(458.35570275513,528.59873310998,
    -8.265392478238));
#718 = CARTESIAN_POINT('',(458.3067028409,528.70983078762,
    -8.034092125489));
#719 = CARTESIAN_POINT('',(458.25917141594,528.81759895437,
    -7.800586836209));
#720 = CARTESIAN_POINT('',(458.21314267685,528.92196007618,
    -7.564928596975));
#721 = CARTESIAN_POINT('',(458.16863972278,529.02286178027,
    -7.327187044711));
#722 = CARTESIAN_POINT('',(458.12568457959,529.1202541273,-7.08743672502
    ));
#723 = CARTESIAN_POINT('',(458.08430890202,529.21406534639,
    -6.845742491704));
#724 = CARTESIAN_POINT('',(458.02906885811,529.33931129196,
    -6.507464557535));
#725 = CARTESIAN_POINT('',(458.01382718809,529.37386878393,
    -6.412360908217));
#726 = CARTESIAN_POINT('',(457.99881312693,529.40791021754,
    -6.316873526476));
#727 = CARTESIAN_POINT('',(457.98402898337,529.44143035816,
    -6.221005948352));
#728 = CARTESIAN_POINT('',(457.96947721976,529.47442362291,
    -6.124762608388));
#729 = CARTESIAN_POINT('',(457.95516045207,529.50688408058,
    -6.028148839635));
#730 = CARTESIAN_POINT('',(457.94108144988,529.5388054517,
    -5.931170873648));
#731 = CARTESIAN_POINT('',(457.91614237106,529.5953499127,
    -5.755755996274));
#732 = CARTESIAN_POINT('',(457.90520566189,529.62014675182,
    -5.677509851089));
#733 = CARTESIAN_POINT('',(457.89443360746,529.64457026866,-5.5991000339
    ));
#734 = CARTESIAN_POINT('',(457.8838268208,529.66861907331,
    -5.520529193633));
#735 = CARTESIAN_POINT('',(457.87338592938,529.6922917431,-5.44179999917
    ));
#736 = CARTESIAN_POINT('',(457.86311157512,529.71558682261,
    -5.362915139348));
#737 = CARTESIAN_POINT('',(457.85300441436,529.73850282369,
    -5.283877322963));
#738 = CARTESIAN_POINT('',(457.82428830365,529.80361096238,
    -5.055091245553));
#739 = CARTESIAN_POINT('',(457.80611250162,529.84482102215,
    -4.90495484444));
#740 = CARTESIAN_POINT('',(457.78853751504,529.88466885096,
    -4.754303323302));
#741 = CARTESIAN_POINT('',(457.77157503488,529.92312794181,
    -4.603147578863));
#742 = CARTESIAN_POINT('',(457.75522097297,529.96020756382,
    -4.451515501256));
#743 = CARTESIAN_POINT('',(457.73948551574,529.99588462128,
    -4.299419368008));
#744 = CARTESIAN_POINT('',(457.72436930945,530.0301576489,
    -4.146882806843));
#745 = CARTESIAN_POINT('',(457.66354491677,530.16806500805,
    -3.50491903332));
#746 = CARTESIAN_POINT('',(457.62358600131,530.25866399744,
    -3.011591711049));
#747 = CARTESIAN_POINT('',(457.59012064906,530.33454010814,
    -2.514617930392));
#748 = CARTESIAN_POINT('',(457.56324708681,530.3954706302,
    -2.014691528026));
#749 = CARTESIAN_POINT('',(457.54304040512,530.44128531057,
    -1.512525102937));
#750 = CARTESIAN_POINT('',(457.52955168224,530.47186833936,
    -1.008850344236));
#751 = CARTESIAN_POINT('',(457.52280710805,530.4871603361,
    -0.504418358982));
#752 = CARTESIAN_POINT('',(457.52280710806,530.48716033607,
    -7.60881560312E-14));
#753 = PLANE('',#754);
#754 = AXIS2_PLACEMENT_3D('',#755,#756,#757);
#755 = CARTESIAN_POINT('',(455.547820847,534.9650536228,
    -1.333644079046E-13));
#756 = DIRECTION('',(0.91495966785,0.403545296352,4.309845195726E-16));
#757 = DIRECTION('',(-0.403545296352,0.91495966785,-1.825475089419E-16)
  );
#758 = ADVANCED_FACE('',(#759),#919,.F.);
#759 = FACE_BOUND('',#760,.F.);
#760 = EDGE_LOOP('',(#761,#911,#912,#913));
#761 = ORIENTED_EDGE('',*,*,#762,.F.);
#762 = EDGE_CURVE('',#42,#763,#765,.T.);
#763 = VERTEX_POINT('',#764);
#764 = CARTESIAN_POINT('',(455.61913002343,528.4104975688,
    1.136868377216E-13));
#765 = B_SPLINE_CURVE_WITH_KNOTS('',12,(#766,#767,#768,#769,#770,#771,
    #772,#773,#774,#775,#776,#777,#778,#779,#780,#781,#782,#783,#784,
    #785,#786,#787,#788,#789,#790,#791,#792,#793,#794,#795,#796,#797,
    #798,#799,#800,#801,#802,#803,#804,#805,#806,#807,#808,#809,#810,
    #811,#812,#813,#814,#815,#816,#817,#818,#819,#820,#821,#822,#823,
    #824,#825,#826,#827,#828,#829,#830,#831,#832,#833,#834,#835,#836,
    #837,#838,#839,#840,#841,#842,#843,#844,#845,#846,#847,#848,#849,
    #850,#851,#852,#853,#854,#855,#856,#857,#858,#859,#860,#861,#862,
    #863,#864,#865,#866,#867,#868,#869,#870,#871,#872,#873,#874,#875,
    #876,#877,#878,#879,#880,#881,#882,#883,#884,#885,#886,#887,#888,
    #889,#890,#891,#892,#893,#894,#895,#896,#897,#898,#899,#900,#901,
    #902,#903,#904,#905,#906,#907,#908,#909,#910),.UNSPECIFIED.,.F.,.F.,
  (13,11,11,11,11,11,11,11,11,11,11,11,11,13),(0.,6.25E-02,0.125,0.25,
    0.3125,0.375,0.5,0.5625,0.625,0.6875,0.75,0.875,0.9375,1.),
  .UNSPECIFIED.);
#766 = CARTESIAN_POINT('',(483.63121297546,502.73181673095,
    -2.557953848736E-13));
#767 = CARTESIAN_POINT('',(483.63121297549,502.73181673099,0.44058254585
    ));
#768 = CARTESIAN_POINT('',(483.62305233956,502.73929758685,
    0.879677842177));
#769 = CARTESIAN_POINT('',(483.60627576324,502.75467667797,
    1.319507165579));
#770 = CARTESIAN_POINT('',(483.58346361822,502.77558857312,
    1.741680885432));
#771 = CARTESIAN_POINT('',(483.5479587531,502.80813589098,2.194710034532
    ));
#772 = CARTESIAN_POINT('',(483.51398184137,502.83928252867,
    2.575119970784));
#773 = CARTESIAN_POINT('',(483.46249867509,502.88647715757,
    3.030834988888));
#774 = CARTESIAN_POINT('',(483.41334670323,502.93153477625,3.40527901453
    ));
#775 = CARTESIAN_POINT('',(483.35507091326,502.984956203,3.804826442513)
  );
#776 = CARTESIAN_POINT('',(483.29282247244,503.04201935805,
    4.183034445208));
#777 = CARTESIAN_POINT('',(483.22587987003,503.10338565231,4.55327950883
    ));
#778 = CARTESIAN_POINT('',(483.08369414498,503.23372732875,
    5.273797617011));
#779 = CARTESIAN_POINT('',(483.00849186977,503.30266526629,5.62411143103
    ));
#780 = CARTESIAN_POINT('',(482.92925467312,503.37530201674,
    5.965570122382));
#781 = CARTESIAN_POINT('',(482.84721667346,503.45050626416,
    6.295967206949));
#782 = CARTESIAN_POINT('',(482.76148181951,503.52909941794,
    6.618972379979));
#783 = CARTESIAN_POINT('',(482.67294913246,503.61025734627,
    6.933149774481));
#784 = CARTESIAN_POINT('',(482.58253024116,503.69314435804,
    7.236992923353));
#785 = CARTESIAN_POINT('',(482.4895010328,503.7784242479,7.533504243547)
  );
#786 = CARTESIAN_POINT('',(482.39374893796,503.86620020834,
    7.823837536942));
#787 = CARTESIAN_POINT('',(482.29711018621,503.95478896718,
    8.103635500447));
#788 = CARTESIAN_POINT('',(482.19829508572,504.04537278532,
    8.377419295323));
#789 = CARTESIAN_POINT('',(481.89570576238,504.3227564655,9.180799147842
    ));
#790 = CARTESIAN_POINT('',(481.68607025486,504.51492936817,
    9.691744049849));
#791 = CARTESIAN_POINT('',(481.46975579039,504.71322487162,
    10.17904123049));
#792 = CARTESIAN_POINT('',(481.24782104157,504.91667249081,
    10.64374046508));
#793 = CARTESIAN_POINT('',(481.02115652858,505.12445588531,
    11.086935374074));
#794 = CARTESIAN_POINT('',(480.79048812793,505.33590964445,
    11.509751437846));
#795 = CARTESIAN_POINT('',(480.55638058343,505.55051606727,
    11.913334011511));
#796 = CARTESIAN_POINT('',(480.31924101382,505.76790194783,
    12.298836339682));
#797 = CARTESIAN_POINT('',(480.07932242461,505.98783535632,
    12.667407571313));
#798 = CARTESIAN_POINT('',(479.83672721553,506.21022242249,
    13.020180774441));
#799 = CARTESIAN_POINT('',(479.59141069168,506.43510411841,
    13.358260951025));
#800 = CARTESIAN_POINT('',(479.21907151253,506.77642750237,
    13.844939102057));
#801 = CARTESIAN_POINT('',(479.09420890499,506.89088907425,
    14.003776410477));
#802 = CARTESIAN_POINT('',(478.96874248334,507.0059041628,
    14.159210292319));
#803 = CARTESIAN_POINT('',(478.84205160665,507.1220417091,
    14.311898558018));
#804 = CARTESIAN_POINT('',(478.71518167715,507.23834339368,
    14.460962891375));
#805 = CARTESIAN_POINT('',(478.58715138758,507.35570877998,
    14.607420546232));
#806 = CARTESIAN_POINT('',(478.45759431258,507.47447377107,
    14.751650308698));
#807 = CARTESIAN_POINT('',(478.32784432826,507.59341560208,
    14.892423911457));
#808 = CARTESIAN_POINT('',(478.19742909888,507.71296726323,
    15.030277711792));
#809 = CARTESIAN_POINT('',(478.06380150706,507.8354636977,
    15.167670689621));
#810 = CARTESIAN_POINT('',(477.93082190678,507.9573661181,
    15.300794932361));
#811 = CARTESIAN_POINT('',(477.66279925518,508.20306252492,
    15.56199503427));
#812 = CARTESIAN_POINT('',(477.52787592249,508.326746765,15.689917458751
    ));
#813 = CARTESIAN_POINT('',(477.39293586406,508.45044633824,
    15.814486599353));
#814 = CARTESIAN_POINT('',(477.25546757514,508.57646353926,
    15.937762078595));
#815 = CARTESIAN_POINT('',(477.11884117718,508.70170898122,
    16.057037625505));
#816 = CARTESIAN_POINT('',(476.98171417581,508.82741332313,
    16.173466333197));
#817 = CARTESIAN_POINT('',(476.841900784,508.95558028297,16.288825503056
    ));
#818 = CARTESIAN_POINT('',(476.701434661,509.08434559879,16.40142277769)
  );
#819 = CARTESIAN_POINT('',(476.56213341463,509.21204307384,
    16.509833227729));
#820 = CARTESIAN_POINT('',(476.42099058958,509.34142872346,
    16.616624702531));
#821 = CARTESIAN_POINT('',(476.27942189452,509.47120476849,
    16.720556322168));
#822 = CARTESIAN_POINT('',(475.85221965007,509.86282113305,
    17.024895595863));
#823 = CARTESIAN_POINT('',(475.56421784898,510.12683242908,
    17.217732438226));
#824 = CARTESIAN_POINT('',(475.27249343748,510.39425624362,
    17.400935928539));
#825 = CARTESIAN_POINT('',(474.97655446025,510.66554354887,
    17.574788843418));
#826 = CARTESIAN_POINT('',(474.67593590173,510.94112063128,
    17.739441090964));
#827 = CARTESIAN_POINT('',(474.37019625436,511.22139221061,
    17.894916720162));
#828 = CARTESIAN_POINT('',(474.05891412071,511.50674459484,
    18.041120930503));
#829 = CARTESIAN_POINT('',(473.74168477116,511.79754878654,
    18.177847081406));
#830 = CARTESIAN_POINT('',(473.41811675006,512.09416364402,
    18.304783701764));
#831 = CARTESIAN_POINT('',(473.08782843779,512.39693899089,
    18.421521499452));
#832 = CARTESIAN_POINT('',(472.75044464612,512.70621876591,
    18.527560370817));
#833 = CARTESIAN_POINT('',(472.23316746638,513.18040683771,
    18.669694429897));
#834 = CARTESIAN_POINT('',(472.05882427023,513.3402272729,18.71425358602
    ));
#835 = CARTESIAN_POINT('',(471.8826691554,513.50170869465,
    18.755904337581));
#836 = CARTESIAN_POINT('',(471.70454678212,513.66499350141,
    18.794575002729));
#837 = CARTESIAN_POINT('',(471.52432374984,513.83020398463,
    18.830183983391));
#838 = CARTESIAN_POINT('',(471.34197610175,513.99736210072,
    18.86263169833));
#839 = CARTESIAN_POINT('',(471.15754947668,514.16642601831,
    18.891804931949));
#840 = CARTESIAN_POINT('',(470.9710598243,514.33738111087,
    18.917586305613));
#841 = CARTESIAN_POINT('',(470.78240267137,514.51032315311,
    18.939861578892));
#842 = CARTESIAN_POINT('',(470.59133885111,514.68547138693,
    18.958517487551));
#843 = CARTESIAN_POINT('',(470.39762467434,514.86304920321,
    18.973422825514));
#844 = CARTESIAN_POINT('',(470.00508427045,515.22289105307,
    18.995348130199));
#845 = CARTESIAN_POINT('',(469.80637465478,515.40504818882,
    19.002375857332));
#846 = CARTESIAN_POINT('',(469.60463439033,515.58998352127,
    19.005292392577));
#847 = CARTESIAN_POINT('',(469.40080804208,515.77683116591,
    19.003925953623));
#848 = CARTESIAN_POINT('',(469.19454713662,515.96591057153,
    18.998126612004));
#849 = CARTESIAN_POINT('',(468.98515347582,516.15786177179,
    18.987684649457));
#850 = CARTESIAN_POINT('',(468.77258057042,516.35272738889,
    18.972339736398));
#851 = CARTESIAN_POINT('',(468.55736604703,516.55001457528,
    18.951861532719));
#852 = CARTESIAN_POINT('',(468.33993210446,516.74933630505,
    18.926093667221));
#853 = CARTESIAN_POINT('',(468.12023234745,516.95073510662,
    18.894884976704));
#854 = CARTESIAN_POINT('',(467.89824192111,517.15423376529,
    18.857984402507));
#855 = CARTESIAN_POINT('',(467.45032515684,517.56483913342,
    18.772513658035));
#856 = CARTESIAN_POINT('',(467.224453567,517.77189565506,18.723958702062
    ));
#857 = CARTESIAN_POINT('',(466.99621885242,517.98111845441,
    18.66929178031));
#858 = CARTESIAN_POINT('',(466.76702322808,518.19122211779,
    18.608455458141));
#859 = CARTESIAN_POINT('',(466.53693726893,518.40214195488,
    18.541857069265));
#860 = CARTESIAN_POINT('',(466.3019421791,518.61756198785,
    18.467311712493));
#861 = CARTESIAN_POINT('',(466.06839126052,518.83165815425,
    18.386861547456));
#862 = CARTESIAN_POINT('',(465.83709468082,519.04368776309,
    18.301001858113));
#863 = CARTESIAN_POINT('',(465.60015144592,519.26089366493,
    18.206531569347));
#864 = CARTESIAN_POINT('',(465.36644209247,519.47513506537,
    18.106475110036));
#865 = CARTESIAN_POINT('',(465.1314733866,519.69053091507,
    17.999154998893));
#866 = CARTESIAN_POINT('',(464.6623383039,520.12058711897,
    17.770906500588));
#867 = CARTESIAN_POINT('',(464.42804719004,520.33536181982,
    17.64995969314));
#868 = CARTESIAN_POINT('',(464.19405008862,520.54986699942,
    17.52201505507));
#869 = CARTESIAN_POINT('',(463.96081667271,520.76367210838,
    17.387208395252));
#870 = CARTESIAN_POINT('',(463.72879363079,520.97636766727,
    17.245697730284));
#871 = CARTESIAN_POINT('',(463.49821884985,521.18773560528,
    17.097541157314));
#872 = CARTESIAN_POINT('',(463.26913518395,521.39773663752,
    16.942691451345));
#873 = CARTESIAN_POINT('',(463.04151409927,521.60639692186,
    16.781057365678));
#874 = CARTESIAN_POINT('',(462.81539953488,521.81367617825,
    16.612581613534));
#875 = CARTESIAN_POINT('',(462.59098226891,522.01939952135,
    16.437285509608));
#876 = CARTESIAN_POINT('',(462.36851512144,522.22333519028,
    16.255230249565));
#877 = CARTESIAN_POINT('',(461.70690764888,522.82983086424,
    15.688573919382));
#878 = CARTESIAN_POINT('',(461.2734303705,523.22719955319,
    15.283205880106));
#879 = CARTESIAN_POINT('',(460.85140807767,523.61406745569,
    14.853622023878));
#880 = CARTESIAN_POINT('',(460.42860917844,524.00164727209,
    14.384409520195));
#881 = CARTESIAN_POINT('',(460.04317018984,524.35497925475,
    13.917859578854));
#882 = CARTESIAN_POINT('',(459.63010192597,524.73363899546,
    13.381135135622));
#883 = CARTESIAN_POINT('',(459.26765320841,525.06589579329,
    12.857190878589));
#884 = CARTESIAN_POINT('',(458.89218880231,525.41008407203,
    12.277772075782));
#885 = CARTESIAN_POINT('',(458.54450329114,525.72880743548,
    11.683425595659));
#886 = CARTESIAN_POINT('',(458.20827259227,526.03703016951,
    11.056861420933));
#887 = CARTESIAN_POINT('',(457.88999616698,526.32879421864,
    10.402285387621));
#888 = CARTESIAN_POINT('',(457.4407591005,526.74060990794,9.378644548731
    ));
#889 = CARTESIAN_POINT('',(457.29584043193,526.8734568742,9.030835485974
    ));
#890 = CARTESIAN_POINT('',(457.15482912537,527.00272196095,
    8.672934110314));
#891 = CARTESIAN_POINT('',(457.02329379381,527.12330042027,
    8.321822775078));
#892 = CARTESIAN_POINT('',(456.88555146595,527.24956883341,7.92842504976
    ));
#893 = CARTESIAN_POINT('',(456.77368188513,527.3521196963,7.58987963966)
  );
#894 = CARTESIAN_POINT('',(456.64381875478,527.4711652476,7.174656459168
    ));
#895 = CARTESIAN_POINT('',(456.53782338217,527.56833122289,
    6.804361016518));
#896 = CARTESIAN_POINT('',(456.4287868486,527.66828502993,6.401545832472
    ));
#897 = CARTESIAN_POINT('',(456.32955117359,527.75925438898,
    6.001906322703));
#898 = CARTESIAN_POINT('',(456.23636810199,527.84467532528,
    5.594811209415));
#899 = CARTESIAN_POINT('',(456.06416775249,528.00253141271,
    4.770883426379));
#900 = CARTESIAN_POINT('',(455.98507238237,528.07503815087,
    4.353836919865));
#901 = CARTESIAN_POINT('',(455.91321100094,528.14091349056,
    3.932128720677));
#902 = CARTESIAN_POINT('',(455.84879122942,528.19996710515,
    3.506186961349));
#903 = CARTESIAN_POINT('',(455.79199912748,528.25202843398,
    3.076446984655));
#904 = CARTESIAN_POINT('',(455.74299919122,528.29694668318,
    2.643351343564));
#905 = CARTESIAN_POINT('',(455.70193435579,528.3345908243,2.2073498013)
  );
#906 = CARTESIAN_POINT('',(455.66892599263,528.36484959598,
    1.768899331276));
#907 = CARTESIAN_POINT('',(455.64407391178,528.38763150238,
    1.328464117154));
#908 = CARTESIAN_POINT('',(455.62745636039,528.40286481438,
    0.886515552799));
#909 = CARTESIAN_POINT('',(455.61913002341,528.41049756877,
    0.443532242309));
#910 = CARTESIAN_POINT('',(455.61913002341,528.41049756878,
    -2.415845301584E-13));
#911 = ORIENTED_EDGE('',*,*,#51,.F.);
#912 = ORIENTED_EDGE('',*,*,#630,.F.);
#913 = ORIENTED_EDGE('',*,*,#914,.F.);
#914 = EDGE_CURVE('',#763,#631,#915,.T.);
#915 = LINE('',#916,#917);
#916 = CARTESIAN_POINT('',(455.61913002345,528.41049756882,
    -7.508664566996E-14));
#917 = VECTOR('',#918,1.);
#918 = DIRECTION('',(0.675738043265,0.737141843124,1.195662154688E-16));
#919 = SURFACE_OF_LINEAR_EXTRUSION('',#920,#1066);
#920 = B_SPLINE_CURVE_WITH_KNOTS('',12,(#921,#922,#923,#924,#925,#926,
    #927,#928,#929,#930,#931,#932,#933,#934,#935,#936,#937,#938,#939,
    #940,#941,#942,#943,#944,#945,#946,#947,#948,#949,#950,#951,#952,
    #953,#954,#955,#956,#957,#958,#959,#960,#961,#962,#963,#964,#965,
    #966,#967,#968,#969,#970,#971,#972,#973,#974,#975,#976,#977,#978,
    #979,#980,#981,#982,#983,#984,#985,#986,#987,#988,#989,#990,#991,
    #992,#993,#994,#995,#996,#997,#998,#999,#1000,#1001,#1002,#1003,
    #1004,#1005,#1006,#1007,#1008,#1009,#1010,#1011,#1012,#1013,#1014,
    #1015,#1016,#1017,#1018,#1019,#1020,#1021,#1022,#1023,#1024,#1025,
    #1026,#1027,#1028,#1029,#1030,#1031,#1032,#1033,#1034,#1035,#1036,
    #1037,#1038,#1039,#1040,#1041,#1042,#1043,#1044,#1045,#1046,#1047,
    #1048,#1049,#1050,#1051,#1052,#1053,#1054,#1055,#1056,#1057,#1058,
    #1059,#1060,#1061,#1062,#1063,#1064,#1065),.UNSPECIFIED.,.F.,.F.,(13
    ,11,11,11,11,11,11,11,11,11,11,11,11,13),(0.,6.25E-02,0.125,0.25,
    0.3125,0.375,0.5,0.5625,0.625,0.6875,0.75,0.875,0.9375,1.),
  .UNSPECIFIED.);
#921 = CARTESIAN_POINT('',(483.6312129755,502.73181673099,
    -7.060931286589E-14));
#922 = CARTESIAN_POINT('',(483.63121297546,502.73181673096,0.44058254585
    ));
#923 = CARTESIAN_POINT('',(483.6230523399,502.73929758722,0.879677842177
    ));
#924 = CARTESIAN_POINT('',(483.60627576261,502.75467667729,
    1.319507165579));
#925 = CARTESIAN_POINT('',(483.58346361935,502.77558857436,
    1.741680885432));
#926 = CARTESIAN_POINT('',(483.54795875181,502.80813588957,
    2.194710034532));
#927 = CARTESIAN_POINT('',(483.5139818427,502.83928253012,2.575119970784
    ));
#928 = CARTESIAN_POINT('',(483.46249867414,502.88647715652,
    3.030834988888));
#929 = CARTESIAN_POINT('',(483.41334670391,502.93153477698,3.40527901453
    ));
#930 = CARTESIAN_POINT('',(483.355070913,502.98495620271,3.804826442513)
  );
#931 = CARTESIAN_POINT('',(483.29282247259,503.04201935822,
    4.183034445208));
#932 = CARTESIAN_POINT('',(483.22587987006,503.10338565234,4.55327950883
    ));
#933 = CARTESIAN_POINT('',(483.08369414504,503.23372732881,
    5.273797617011));
#934 = CARTESIAN_POINT('',(483.00849186977,503.30266526629,
    5.624111431031));
#935 = CARTESIAN_POINT('',(482.92925467328,503.37530201691,
    5.965570122382));
#936 = CARTESIAN_POINT('',(482.84721667335,503.45050626404,
    6.295967206949));
#937 = CARTESIAN_POINT('',(482.7614818197,503.52909941814,6.61897237998)
  );
#938 = CARTESIAN_POINT('',(482.67294913243,503.61025734624,
    6.933149774481));
#939 = CARTESIAN_POINT('',(482.5825302412,503.69314435809,7.236992923353
    ));
#940 = CARTESIAN_POINT('',(482.48950103288,503.77842424799,
    7.533504243547));
#941 = CARTESIAN_POINT('',(482.39374893797,503.86620020835,
    7.823837536942));
#942 = CARTESIAN_POINT('',(482.29711018627,503.95478896724,
    8.103635500447));
#943 = CARTESIAN_POINT('',(482.19829508577,504.04537278537,
    8.377419295323));
#944 = CARTESIAN_POINT('',(481.89570576243,504.32275646556,
    9.180799147843));
#945 = CARTESIAN_POINT('',(481.68607025488,504.5149293682,9.691744049849
    ));
#946 = CARTESIAN_POINT('',(481.46975579048,504.71322487172,
    10.17904123049));
#947 = CARTESIAN_POINT('',(481.24782104154,504.91667249079,
    10.64374046508));
#948 = CARTESIAN_POINT('',(481.02115652868,505.12445588542,
    11.086935374074));
#949 = CARTESIAN_POINT('',(480.79048812796,505.33590964449,
    11.509751437846));
#950 = CARTESIAN_POINT('',(480.55638058342,505.55051606727,
    11.913334011511));
#951 = CARTESIAN_POINT('',(480.31924101393,505.76790194795,
    12.298836339683));
#952 = CARTESIAN_POINT('',(480.0793224246,505.98783535632,
    12.667407571313));
#953 = CARTESIAN_POINT('',(479.83672721559,506.21022242256,
    13.020180774441));
#954 = CARTESIAN_POINT('',(479.59141069172,506.43510411846,
    13.358260951025));
#955 = CARTESIAN_POINT('',(479.21907151257,506.77642750242,
    13.844939102058));
#956 = CARTESIAN_POINT('',(479.09420890508,506.89088907434,
    14.003776410477));
#957 = CARTESIAN_POINT('',(478.96874248329,507.00590416275,
    14.159210292319));
#958 = CARTESIAN_POINT('',(478.84205160684,507.12204170931,
    14.311898558018));
#959 = CARTESIAN_POINT('',(478.71518167704,507.23834339357,
    14.460962891376));
#960 = CARTESIAN_POINT('',(478.58715138772,507.35570878013,
    14.607420546233));
#961 = CARTESIAN_POINT('',(478.45759431261,507.4744737711,
    14.751650308699));
#962 = CARTESIAN_POINT('',(478.32784432827,507.59341560208,
    14.892423911457));
#963 = CARTESIAN_POINT('',(478.19742909897,507.71296726333,
    15.030277711793));
#964 = CARTESIAN_POINT('',(478.06380150707,507.83546369771,
    15.167670689621));
#965 = CARTESIAN_POINT('',(477.93082190684,507.95736611816,
    15.300794932361));
#966 = CARTESIAN_POINT('',(477.66279925519,508.20306252494,
    15.561995034271));
#967 = CARTESIAN_POINT('',(477.52787592268,508.3267467652,
    15.689917458752));
#968 = CARTESIAN_POINT('',(477.39293586374,508.45044633789,
    15.814486599353));
#969 = CARTESIAN_POINT('',(477.25546757582,508.57646354001,
    15.937762078595));
#970 = CARTESIAN_POINT('',(477.11884117636,508.70170898033,
    16.057037625505));
#971 = CARTESIAN_POINT('',(476.98171417675,508.82741332415,
    16.173466333197));
#972 = CARTESIAN_POINT('',(476.84190078332,508.95558028223,
    16.288825503056));
#973 = CARTESIAN_POINT('',(476.70143466149,509.08434559932,
    16.40142277769));
#974 = CARTESIAN_POINT('',(476.56213341448,509.21204307367,
    16.509833227729));
#975 = CARTESIAN_POINT('',(476.42099058967,509.34142872357,
    16.616624702531));
#976 = CARTESIAN_POINT('',(476.27942189457,509.47120476854,
    16.720556322169));
#977 = CARTESIAN_POINT('',(475.85221965008,509.86282113306,
    17.024895595864));
#978 = CARTESIAN_POINT('',(475.56421784921,510.12683242934,
    17.217732438226));
#979 = CARTESIAN_POINT('',(475.27249343698,510.39425624307,
    17.40093592854));
#980 = CARTESIAN_POINT('',(474.97655446135,510.66554355008,
    17.574788843418));
#981 = CARTESIAN_POINT('',(474.67593590021,510.94112062961,
    17.739441090964));
#982 = CARTESIAN_POINT('',(474.37019625622,511.22139221263,
    17.894916720162));
#983 = CARTESIAN_POINT('',(474.05891411911,511.5067445931,
    18.041120930504));
#984 = CARTESIAN_POINT('',(473.74168477236,511.79754878785,
    18.177847081407));
#985 = CARTESIAN_POINT('',(473.4181167495,512.09416364341,
    18.304783701764));
#986 = CARTESIAN_POINT('',(473.08782843805,512.39693899117,
    18.421521499452));
#987 = CARTESIAN_POINT('',(472.75044464613,512.70621876592,
    18.527560370817));
#988 = CARTESIAN_POINT('',(472.23316746642,513.18040683776,
    18.669694429898));
#989 = CARTESIAN_POINT('',(472.05882427036,513.34022727304,
    18.71425358602));
#990 = CARTESIAN_POINT('',(471.88266915518,513.50170869441,
    18.755904337581));
#991 = CARTESIAN_POINT('',(471.70454678268,513.66499350201,
    18.794575002729));
#992 = CARTESIAN_POINT('',(471.52432374915,513.83020398388,
    18.830183983391));
#993 = CARTESIAN_POINT('',(471.34197610259,513.99736210163,
    18.862631698331));
#994 = CARTESIAN_POINT('',(471.15754947608,514.16642601765,
    18.891804931949));
#995 = CARTESIAN_POINT('',(470.97105982473,514.33738111134,
    18.917586305613));
#996 = CARTESIAN_POINT('',(470.78240267125,514.51032315299,
    18.939861578892));
#997 = CARTESIAN_POINT('',(470.59133885119,514.68547138702,
    18.958517487551));
#998 = CARTESIAN_POINT('',(470.39762467439,514.86304920326,
    18.973422825515));
#999 = CARTESIAN_POINT('',(470.00508427047,515.2228910531,18.9953481302)
  );
#1000 = CARTESIAN_POINT('',(469.80637465492,515.40504818898,
    19.002375857332));
#1001 = CARTESIAN_POINT('',(469.6046343901,515.58998352102,
    19.005292392577));
#1002 = CARTESIAN_POINT('',(469.40080804264,515.77683116651,
    19.003925953623));
#1003 = CARTESIAN_POINT('',(469.19454713596,515.96591057081,
    18.998126612005));
#1004 = CARTESIAN_POINT('',(468.98515347661,516.15786177265,
    18.987684649458));
#1005 = CARTESIAN_POINT('',(468.77258056986,516.35272738827,
    18.972339736398));
#1006 = CARTESIAN_POINT('',(468.55736604744,516.55001457572,
    18.951861532719));
#1007 = CARTESIAN_POINT('',(468.33993210437,516.74933630495,
    18.926093667221));
#1008 = CARTESIAN_POINT('',(468.12023234752,516.95073510669,
    18.894884976704));
#1009 = CARTESIAN_POINT('',(467.89824192116,517.15423376535,
    18.857984402508));
#1010 = CARTESIAN_POINT('',(467.45032515686,517.56483913344,
    18.772513658036));
#1011 = CARTESIAN_POINT('',(467.22445356723,517.77189565531,
    18.723958702062));
#1012 = CARTESIAN_POINT('',(466.99621885197,517.98111845392,
    18.66929178031));
#1013 = CARTESIAN_POINT('',(466.76702322905,518.19122211884,
    18.608455458141));
#1014 = CARTESIAN_POINT('',(466.53693726767,518.40214195351,
    18.541857069265));
#1015 = CARTESIAN_POINT('',(466.30194218058,518.61756198947,
    18.467311712493));
#1016 = CARTESIAN_POINT('',(466.06839125933,518.83165815294,
    18.386861547456));
#1017 = CARTESIAN_POINT('',(465.83709468169,519.04368776403,
    18.301001858113));
#1018 = CARTESIAN_POINT('',(465.60015144556,519.26089366454,
    18.206531569347));
#1019 = CARTESIAN_POINT('',(465.36644209265,519.47513506557,
    18.106475110036));
#1020 = CARTESIAN_POINT('',(465.13147338663,519.6905309151,
    17.999154998893));
#1021 = CARTESIAN_POINT('',(464.66233830395,520.12058711903,
    17.770906500588));
#1022 = CARTESIAN_POINT('',(464.42804719009,520.33536181987,
    17.64995969314));
#1023 = CARTESIAN_POINT('',(464.19405008866,520.54986699946,
    17.522015055071));
#1024 = CARTESIAN_POINT('',(463.96081667274,520.76367210843,
    17.387208395252));
#1025 = CARTESIAN_POINT('',(463.72879363087,520.97636766736,
    17.245697730284));
#1026 = CARTESIAN_POINT('',(463.4982188498,521.18773560522,
    17.097541157315));
#1027 = CARTESIAN_POINT('',(463.26913518413,521.39773663773,
    16.942691451346));
#1028 = CARTESIAN_POINT('',(463.04151409916,521.60639692174,
    16.781057365679));
#1029 = CARTESIAN_POINT('',(462.81539953504,521.81367617842,
    16.612581613534));
#1030 = CARTESIAN_POINT('',(462.5909822689,522.01939952133,
    16.437285509608));
#1031 = CARTESIAN_POINT('',(462.3685151215,522.22333519034,
    16.255230249565));
#1032 = CARTESIAN_POINT('',(461.70690764889,522.82983086426,
    15.688573919383));
#1033 = CARTESIAN_POINT('',(461.27343037067,523.22719955338,
    15.283205880106));
#1034 = CARTESIAN_POINT('',(460.8514080774,523.6140674554,
    14.853622023878));
#1035 = CARTESIAN_POINT('',(460.42860917904,524.00164727275,
    14.384409520195));
#1036 = CARTESIAN_POINT('',(460.04317018912,524.35497925397,
    13.917859578854));
#1037 = CARTESIAN_POINT('',(459.63010192684,524.73363899642,
    13.381135135622));
#1038 = CARTESIAN_POINT('',(459.26765320772,525.06589579255,
    12.857190878589));
#1039 = CARTESIAN_POINT('',(458.89218880287,525.41008407264,
    12.277772075783));
#1040 = CARTESIAN_POINT('',(458.5445032909,525.72880743522,
    11.68342559566));
#1041 = CARTESIAN_POINT('',(458.20827259242,526.03703016967,
    11.056861420934));
#1042 = CARTESIAN_POINT('',(457.889996167,526.32879421866,
    10.402285387621));
#1043 = CARTESIAN_POINT('',(457.44075910056,526.740609908,9.378644548731
    ));
#1044 = CARTESIAN_POINT('',(457.29584043195,526.87345687422,
    9.030835485975));
#1045 = CARTESIAN_POINT('',(457.15482912549,527.00272196108,
    8.672934110315));
#1046 = CARTESIAN_POINT('',(457.02329379369,527.12330042014,
    8.321822775079));
#1047 = CARTESIAN_POINT('',(456.88555146626,527.24956883374,
    7.928425049761));
#1048 = CARTESIAN_POINT('',(456.77368188484,527.35211969598,
    7.58987963966));
#1049 = CARTESIAN_POINT('',(456.64381875515,527.47116524801,
    7.174656459168));
#1050 = CARTESIAN_POINT('',(456.53782338197,527.56833122266,
    6.804361016518));
#1051 = CARTESIAN_POINT('',(456.42878684878,527.66828503013,
    6.401545832473));
#1052 = CARTESIAN_POINT('',(456.32955117358,527.75925438897,
    6.001906322704));
#1053 = CARTESIAN_POINT('',(456.23636810204,527.84467532534,
    5.594811209415));
#1054 = CARTESIAN_POINT('',(456.06416775252,528.00253141274,
    4.770883426379));
#1055 = CARTESIAN_POINT('',(455.98507238244,528.07503815094,
    4.353836919865));
#1056 = CARTESIAN_POINT('',(455.91321100096,528.14091349057,
    3.932128720677));
#1057 = CARTESIAN_POINT('',(455.8487912295,528.19996710524,
    3.506186961349));
#1058 = CARTESIAN_POINT('',(455.79199912749,528.252028434,3.076446984655
    ));
#1059 = CARTESIAN_POINT('',(455.74299919129,528.29694668325,
    2.643351343564));
#1060 = CARTESIAN_POINT('',(455.70193435582,528.33459082433,2.2073498013
    ));
#1061 = CARTESIAN_POINT('',(455.66892599267,528.36484959603,
    1.768899331276));
#1062 = CARTESIAN_POINT('',(455.64407391184,528.38763150245,
    1.328464117154));
#1063 = CARTESIAN_POINT('',(455.62745636042,528.40286481441,
    0.886515552799));
#1064 = CARTESIAN_POINT('',(455.61913002346,528.41049756883,
    0.443532242309));
#1065 = CARTESIAN_POINT('',(455.61913002345,528.41049756882,
    -7.353233343538E-14));
#1066 = VECTOR('',#1067,1.);
#1067 = DIRECTION('',(-0.675738043265,-0.737141843124,
    -1.195662154688E-16));
#1068 = ADVANCED_FACE('',(#1069),#1142,.T.);
#1069 = FACE_BOUND('',#1070,.T.);
#1070 = EDGE_LOOP('',(#1071,#1072,#1073,#1136));
#1071 = ORIENTED_EDGE('',*,*,#762,.F.);
#1072 = ORIENTED_EDGE('',*,*,#41,.F.);
#1073 = ORIENTED_EDGE('',*,*,#1074,.F.);
#1074 = EDGE_CURVE('',#1075,#34,#1077,.T.);
#1075 = VERTEX_POINT('',#1076);
#1076 = CARTESIAN_POINT('',(438.77983780225,510.04103172543,
    -1.136868377216E-13));
#1077 = B_SPLINE_CURVE_WITH_KNOTS('',8,(#1078,#1079,#1080,#1081,#1082,
    #1083,#1084,#1085,#1086,#1087,#1088,#1089,#1090,#1091,#1092,#1093,
    #1094,#1095,#1096,#1097,#1098,#1099,#1100,#1101,#1102,#1103,#1104,
    #1105,#1106,#1107,#1108,#1109,#1110,#1111,#1112,#1113,#1114,#1115,
    #1116,#1117,#1118,#1119,#1120,#1121,#1122,#1123,#1124,#1125,#1126,
    #1127,#1128,#1129,#1130,#1131,#1132,#1133,#1134,#1135),
  .UNSPECIFIED.,.F.,.F.,(9,7,7,7,7,7,7,7,9),(0.,0.308541367916,
    0.343178873576,0.412452501286,0.515846611462,0.617958883982,
    0.713383164939,0.785751894215,1.),.UNSPECIFIED.);
#1078 = CARTESIAN_POINT('',(438.77983780225,510.04103172543,
    -7.485284735825E-14));
#1079 = CARTESIAN_POINT('',(438.77983780225,510.04103172543,
    0.554918690342));
#1080 = CARTESIAN_POINT('',(438.78800044772,510.02252453068,
    1.109858558753));
#1081 = CARTESIAN_POINT('',(438.8043254342,509.98551083149,1.66378817619
    ));
#1082 = CARTESIAN_POINT('',(438.82877428665,509.93007786247,
    2.215707761752));
#1083 = CARTESIAN_POINT('',(438.86127210521,509.8563954443,
    2.764648475301));
#1084 = CARTESIAN_POINT('',(438.901709311,509.76471202557,3.309671710078
    ));
#1085 = CARTESIAN_POINT('',(438.94994339189,509.65535072455,
    3.849868385317));
#1086 = CARTESIAN_POINT('',(439.01207130183,509.51448789613,
    4.444361198766));
#1087 = CARTESIAN_POINT('',(439.01843670684,509.50005559098,
    4.504279579104));
#1088 = CARTESIAN_POINT('',(439.02489648071,509.48540932301,
    4.56411155886));
#1089 = CARTESIAN_POINT('',(439.03145023232,509.47054997896,
    4.623855338209));
#1090 = CARTESIAN_POINT('',(439.03809756209,509.45547846482,
    4.683509138517));
#1091 = CARTESIAN_POINT('',(439.04483806191,509.4401957059,
    4.743071202339));
#1092 = CARTESIAN_POINT('',(439.05167131519,509.42470264675,
    4.802539793421));
#1093 = CARTESIAN_POINT('',(439.07244778338,509.37759608744,
    4.980657631564));
#1094 = CARTESIAN_POINT('',(439.08666906687,509.34535212143,
    5.099024373501));
#1095 = CARTESIAN_POINT('',(439.10125262997,509.31228675758,
    5.21700152744));
#1096 = CARTESIAN_POINT('',(439.11620727582,509.27838003652,
    5.334561108531));
#1097 = CARTESIAN_POINT('',(439.13151149597,509.24368072442,
    5.451708080609));
#1098 = CARTESIAN_POINT('',(439.14717356512,509.20817006003,
    5.568415470796));
#1099 = CARTESIAN_POINT('',(439.16318650684,509.17186386103,
    5.684676987661));
#1100 = CARTESIAN_POINT('',(439.2039650834,509.07940645115,
    5.973324384261));
#1101 = CARTESIAN_POINT('',(439.2291868684,509.02222100943,
    6.145358133098));
#1102 = CARTESIAN_POINT('',(439.25520272783,508.96323515996,
    6.316556550363));
#1103 = CARTESIAN_POINT('',(439.28200521957,508.9024657763,
    6.486891935702));
#1104 = CARTESIAN_POINT('',(439.30958701466,508.83992947543,
    6.65633716766));
#1105 = CARTESIAN_POINT('',(439.3379399721,508.77564471543,
    6.824866844343));
#1106 = CARTESIAN_POINT('',(439.36705507415,508.70963194229,
    6.992457186896));
#1107 = CARTESIAN_POINT('',(439.42642107698,508.57503119554,
    7.323646445247));
#1108 = CARTESIAN_POINT('',(439.45665356025,508.50648498004,
    7.487269080906));
#1109 = CARTESIAN_POINT('',(439.48761188411,508.4362930636,
    7.649930229061));
#1110 = CARTESIAN_POINT('',(439.51928821856,508.36447319926,
    7.811606796303));
#1111 = CARTESIAN_POINT('',(439.5516742981,508.29104412737,
    7.972276968175));
#1112 = CARTESIAN_POINT('',(439.58476094973,508.2160266459,
    8.131920850024));
#1113 = CARTESIAN_POINT('',(439.61853854201,508.13944259228,
    8.290519760036));
#1114 = CARTESIAN_POINT('',(439.68520117295,507.988298175,8.595270643702
    ));
#1115 = CARTESIAN_POINT('',(439.71799993038,507.91393343708,
    8.74155698147));
#1116 = CARTESIAN_POINT('',(439.75138635636,507.83823627618,
    8.886899905083));
#1117 = CARTESIAN_POINT('',(439.78535612447,507.76121650162,
    9.031278708719));
#1118 = CARTESIAN_POINT('',(439.81990013585,507.6828947433,
    9.174682494597));
#1119 = CARTESIAN_POINT('',(439.85500831826,507.603293838,9.317102222243
    ));
#1120 = CARTESIAN_POINT('',(439.89067490626,507.52242685776,
    9.458520483676));
#1121 = CARTESIAN_POINT('',(439.95436245771,507.37802784864,
    9.705400817616));
#1122 = CARTESIAN_POINT('',(439.98214911357,507.31502706623,
    9.811294287516));
#1123 = CARTESIAN_POINT('',(440.01024435573,507.25132662498,
    9.916608303715));
#1124 = CARTESIAN_POINT('',(440.03865673093,507.1869071469,
    10.021315712977));
#1125 = CARTESIAN_POINT('',(440.06737167316,507.12180165751,
    10.125432178916));
#1126 = CARTESIAN_POINT('',(440.09639322456,507.05600099209,
    10.228939256439));
#1127 = CARTESIAN_POINT('',(440.12571447324,506.98952082198,
    10.331838597006));
#1128 = CARTESIAN_POINT('',(440.24301917681,506.72355545554,
    10.73694006472));
#1129 = CARTESIAN_POINT('',(440.33331023737,506.51883821678,
    11.034375986529));
#1130 = CARTESIAN_POINT('',(440.42611951737,506.30841141027,
    11.326312445929));
#1131 = CARTESIAN_POINT('',(440.52136711162,506.09245620527,
    11.612629610572));
#1132 = CARTESIAN_POINT('',(440.61896584374,505.87117025711,
    11.893236460975));
#1133 = CARTESIAN_POINT('',(440.71882844683,505.64475142638,
    12.168054088773));
#1134 = CARTESIAN_POINT('',(440.82087584086,505.41337901145,
    12.436997425552));
#1135 = CARTESIAN_POINT('',(440.92502630887,505.1772382895,12.7));
#1136 = ORIENTED_EDGE('',*,*,#1137,.F.);
#1137 = EDGE_CURVE('',#763,#1075,#1138,.T.);
#1138 = LINE('',#1139,#1140);
#1139 = CARTESIAN_POINT('',(455.61913002341,528.41049756878,
    -7.508665474907E-14));
#1140 = VECTOR('',#1141,1.);
#1141 = DIRECTION('',(-0.675738043265,-0.737141843124,
    -1.195662154688E-16));
#1142 = SURFACE_OF_LINEAR_EXTRUSION('',#1143,#1289);
#1143 = B_SPLINE_CURVE_WITH_KNOTS('',12,(#1144,#1145,#1146,#1147,#1148,
    #1149,#1150,#1151,#1152,#1153,#1154,#1155,#1156,#1157,#1158,#1159,
    #1160,#1161,#1162,#1163,#1164,#1165,#1166,#1167,#1168,#1169,#1170,
    #1171,#1172,#1173,#1174,#1175,#1176,#1177,#1178,#1179,#1180,#1181,
    #1182,#1183,#1184,#1185,#1186,#1187,#1188,#1189,#1190,#1191,#1192,
    #1193,#1194,#1195,#1196,#1197,#1198,#1199,#1200,#1201,#1202,#1203,
    #1204,#1205,#1206,#1207,#1208,#1209,#1210,#1211,#1212,#1213,#1214,
    #1215,#1216,#1217,#1218,#1219,#1220,#1221,#1222,#1223,#1224,#1225,
    #1226,#1227,#1228,#1229,#1230,#1231,#1232,#1233,#1234,#1235,#1236,
    #1237,#1238,#1239,#1240,#1241,#1242,#1243,#1244,#1245,#1246,#1247,
    #1248,#1249,#1250,#1251,#1252,#1253,#1254,#1255,#1256,#1257,#1258,
    #1259,#1260,#1261,#1262,#1263,#1264,#1265,#1266,#1267,#1268,#1269,
    #1270,#1271,#1272,#1273,#1274,#1275,#1276,#1277,#1278,#1279,#1280,
    #1281,#1282,#1283,#1284,#1285,#1286,#1287,#1288),.UNSPECIFIED.,.F.,
  .F.,(13,11,11,11,11,11,11,11,11,11,11,11,11,13),(0.,6.25E-02,0.125,
    0.25,0.3125,0.375,0.5,0.5625,0.625,0.6875,0.75,0.875,0.9375,1.),
  .UNSPECIFIED.);
#1144 = CARTESIAN_POINT('',(483.63121297546,502.73181673095,
    -7.0609321945E-14));
#1145 = CARTESIAN_POINT('',(483.63121297549,502.73181673099,
    0.44058254585));
#1146 = CARTESIAN_POINT('',(483.62305233956,502.73929758685,
    0.879677842177));
#1147 = CARTESIAN_POINT('',(483.60627576324,502.75467667797,
    1.319507165579));
#1148 = CARTESIAN_POINT('',(483.58346361822,502.77558857312,
    1.741680885432));
#1149 = CARTESIAN_POINT('',(483.5479587531,502.80813589098,
    2.194710034532));
#1150 = CARTESIAN_POINT('',(483.51398184137,502.83928252867,
    2.575119970784));
#1151 = CARTESIAN_POINT('',(483.46249867509,502.88647715757,
    3.030834988888));
#1152 = CARTESIAN_POINT('',(483.41334670323,502.93153477625,
    3.40527901453));
#1153 = CARTESIAN_POINT('',(483.35507091326,502.984956203,3.804826442513
    ));
#1154 = CARTESIAN_POINT('',(483.29282247244,503.04201935805,
    4.183034445208));
#1155 = CARTESIAN_POINT('',(483.22587987003,503.10338565231,
    4.55327950883));
#1156 = CARTESIAN_POINT('',(483.08369414498,503.23372732875,
    5.273797617011));
#1157 = CARTESIAN_POINT('',(483.00849186977,503.30266526629,
    5.624111431031));
#1158 = CARTESIAN_POINT('',(482.92925467312,503.37530201674,
    5.965570122382));
#1159 = CARTESIAN_POINT('',(482.84721667346,503.45050626416,
    6.295967206949));
#1160 = CARTESIAN_POINT('',(482.76148181951,503.52909941794,
    6.61897237998));
#1161 = CARTESIAN_POINT('',(482.67294913246,503.61025734627,
    6.933149774481));
#1162 = CARTESIAN_POINT('',(482.58253024116,503.69314435804,
    7.236992923353));
#1163 = CARTESIAN_POINT('',(482.4895010328,503.7784242479,7.533504243547
    ));
#1164 = CARTESIAN_POINT('',(482.39374893796,503.86620020834,
    7.823837536942));
#1165 = CARTESIAN_POINT('',(482.29711018621,503.95478896718,
    8.103635500447));
#1166 = CARTESIAN_POINT('',(482.19829508572,504.04537278532,
    8.377419295323));
#1167 = CARTESIAN_POINT('',(481.89570576238,504.3227564655,
    9.180799147843));
#1168 = CARTESIAN_POINT('',(481.68607025486,504.51492936817,
    9.691744049849));
#1169 = CARTESIAN_POINT('',(481.46975579039,504.71322487162,
    10.17904123049));
#1170 = CARTESIAN_POINT('',(481.24782104157,504.91667249081,
    10.64374046508));
#1171 = CARTESIAN_POINT('',(481.02115652858,505.12445588531,
    11.086935374074));
#1172 = CARTESIAN_POINT('',(480.79048812793,505.33590964445,
    11.509751437846));
#1173 = CARTESIAN_POINT('',(480.55638058343,505.55051606727,
    11.913334011511));
#1174 = CARTESIAN_POINT('',(480.31924101382,505.76790194783,
    12.298836339683));
#1175 = CARTESIAN_POINT('',(480.07932242461,505.98783535632,
    12.667407571313));
#1176 = CARTESIAN_POINT('',(479.83672721553,506.21022242249,
    13.020180774441));
#1177 = CARTESIAN_POINT('',(479.59141069168,506.43510411841,
    13.358260951025));
#1178 = CARTESIAN_POINT('',(479.21907151253,506.77642750237,
    13.844939102058));
#1179 = CARTESIAN_POINT('',(479.09420890499,506.89088907425,
    14.003776410477));
#1180 = CARTESIAN_POINT('',(478.96874248334,507.0059041628,
    14.159210292319));
#1181 = CARTESIAN_POINT('',(478.84205160665,507.1220417091,
    14.311898558018));
#1182 = CARTESIAN_POINT('',(478.71518167715,507.23834339368,
    14.460962891376));
#1183 = CARTESIAN_POINT('',(478.58715138758,507.35570877998,
    14.607420546233));
#1184 = CARTESIAN_POINT('',(478.45759431258,507.47447377107,
    14.751650308699));
#1185 = CARTESIAN_POINT('',(478.32784432827,507.59341560208,
    14.892423911457));
#1186 = CARTESIAN_POINT('',(478.19742909888,507.71296726323,
    15.030277711793));
#1187 = CARTESIAN_POINT('',(478.06380150706,507.8354636977,
    15.167670689621));
#1188 = CARTESIAN_POINT('',(477.93082190678,507.9573661181,
    15.300794932361));
#1189 = CARTESIAN_POINT('',(477.66279925518,508.20306252492,
    15.561995034271));
#1190 = CARTESIAN_POINT('',(477.52787592249,508.326746765,
    15.689917458752));
#1191 = CARTESIAN_POINT('',(477.39293586406,508.45044633824,
    15.814486599353));
#1192 = CARTESIAN_POINT('',(477.25546757514,508.57646353926,
    15.937762078595));
#1193 = CARTESIAN_POINT('',(477.11884117718,508.70170898122,
    16.057037625505));
#1194 = CARTESIAN_POINT('',(476.98171417581,508.82741332313,
    16.173466333197));
#1195 = CARTESIAN_POINT('',(476.841900784,508.95558028297,
    16.288825503056));
#1196 = CARTESIAN_POINT('',(476.701434661,509.08434559879,16.40142277769
    ));
#1197 = CARTESIAN_POINT('',(476.56213341463,509.21204307384,
    16.509833227729));
#1198 = CARTESIAN_POINT('',(476.42099058958,509.34142872346,
    16.616624702531));
#1199 = CARTESIAN_POINT('',(476.27942189452,509.47120476849,
    16.720556322169));
#1200 = CARTESIAN_POINT('',(475.85221965007,509.86282113305,
    17.024895595864));
#1201 = CARTESIAN_POINT('',(475.56421784898,510.12683242908,
    17.217732438226));
#1202 = CARTESIAN_POINT('',(475.27249343748,510.39425624362,
    17.40093592854));
#1203 = CARTESIAN_POINT('',(474.97655446025,510.66554354887,
    17.574788843418));
#1204 = CARTESIAN_POINT('',(474.67593590173,510.94112063128,
    17.739441090964));
#1205 = CARTESIAN_POINT('',(474.37019625436,511.22139221061,
    17.894916720162));
#1206 = CARTESIAN_POINT('',(474.05891412071,511.50674459484,
    18.041120930504));
#1207 = CARTESIAN_POINT('',(473.74168477116,511.79754878654,
    18.177847081407));
#1208 = CARTESIAN_POINT('',(473.41811675006,512.09416364402,
    18.304783701764));
#1209 = CARTESIAN_POINT('',(473.08782843779,512.39693899089,
    18.421521499452));
#1210 = CARTESIAN_POINT('',(472.75044464612,512.70621876591,
    18.527560370817));
#1211 = CARTESIAN_POINT('',(472.23316746638,513.18040683771,
    18.669694429898));
#1212 = CARTESIAN_POINT('',(472.05882427023,513.3402272729,
    18.71425358602));
#1213 = CARTESIAN_POINT('',(471.8826691554,513.50170869465,
    18.755904337581));
#1214 = CARTESIAN_POINT('',(471.70454678212,513.66499350141,
    18.794575002729));
#1215 = CARTESIAN_POINT('',(471.52432374984,513.83020398463,
    18.830183983391));
#1216 = CARTESIAN_POINT('',(471.34197610175,513.99736210072,
    18.862631698331));
#1217 = CARTESIAN_POINT('',(471.15754947668,514.16642601831,
    18.891804931949));
#1218 = CARTESIAN_POINT('',(470.9710598243,514.33738111087,
    18.917586305613));
#1219 = CARTESIAN_POINT('',(470.78240267137,514.51032315311,
    18.939861578892));
#1220 = CARTESIAN_POINT('',(470.59133885111,514.68547138693,
    18.958517487551));
#1221 = CARTESIAN_POINT('',(470.39762467434,514.86304920321,
    18.973422825515));
#1222 = CARTESIAN_POINT('',(470.00508427045,515.22289105307,
    18.9953481302));
#1223 = CARTESIAN_POINT('',(469.80637465478,515.40504818882,
    19.002375857332));
#1224 = CARTESIAN_POINT('',(469.60463439033,515.58998352127,
    19.005292392577));
#1225 = CARTESIAN_POINT('',(469.40080804209,515.77683116591,
    19.003925953623));
#1226 = CARTESIAN_POINT('',(469.19454713662,515.96591057153,
    18.998126612005));
#1227 = CARTESIAN_POINT('',(468.98515347582,516.15786177179,
    18.987684649458));
#1228 = CARTESIAN_POINT('',(468.77258057042,516.35272738889,
    18.972339736398));
#1229 = CARTESIAN_POINT('',(468.55736604703,516.55001457528,
    18.951861532719));
#1230 = CARTESIAN_POINT('',(468.33993210446,516.74933630505,
    18.926093667221));
#1231 = CARTESIAN_POINT('',(468.12023234745,516.95073510662,
    18.894884976704));
#1232 = CARTESIAN_POINT('',(467.89824192111,517.15423376529,
    18.857984402508));
#1233 = CARTESIAN_POINT('',(467.45032515684,517.56483913342,
    18.772513658036));
#1234 = CARTESIAN_POINT('',(467.224453567,517.77189565506,
    18.723958702062));
#1235 = CARTESIAN_POINT('',(466.99621885242,517.98111845441,
    18.66929178031));
#1236 = CARTESIAN_POINT('',(466.76702322808,518.19122211779,
    18.608455458141));
#1237 = CARTESIAN_POINT('',(466.53693726893,518.40214195488,
    18.541857069265));
#1238 = CARTESIAN_POINT('',(466.3019421791,518.61756198785,
    18.467311712493));
#1239 = CARTESIAN_POINT('',(466.06839126052,518.83165815425,
    18.386861547456));
#1240 = CARTESIAN_POINT('',(465.83709468082,519.04368776309,
    18.301001858113));
#1241 = CARTESIAN_POINT('',(465.60015144592,519.26089366493,
    18.206531569347));
#1242 = CARTESIAN_POINT('',(465.36644209247,519.47513506537,
    18.106475110036));
#1243 = CARTESIAN_POINT('',(465.1314733866,519.69053091507,
    17.999154998893));
#1244 = CARTESIAN_POINT('',(464.6623383039,520.12058711897,
    17.770906500588));
#1245 = CARTESIAN_POINT('',(464.42804719004,520.33536181982,
    17.64995969314));
#1246 = CARTESIAN_POINT('',(464.19405008862,520.54986699942,
    17.522015055071));
#1247 = CARTESIAN_POINT('',(463.96081667271,520.76367210838,
    17.387208395252));
#1248 = CARTESIAN_POINT('',(463.72879363079,520.97636766727,
    17.245697730284));
#1249 = CARTESIAN_POINT('',(463.49821884985,521.18773560528,
    17.097541157315));
#1250 = CARTESIAN_POINT('',(463.26913518395,521.39773663752,
    16.942691451346));
#1251 = CARTESIAN_POINT('',(463.04151409927,521.60639692186,
    16.781057365679));
#1252 = CARTESIAN_POINT('',(462.81539953488,521.81367617825,
    16.612581613534));
#1253 = CARTESIAN_POINT('',(462.59098226891,522.01939952135,
    16.437285509608));
#1254 = CARTESIAN_POINT('',(462.36851512144,522.22333519028,
    16.255230249565));
#1255 = CARTESIAN_POINT('',(461.70690764888,522.82983086424,
    15.688573919383));
#1256 = CARTESIAN_POINT('',(461.2734303705,523.22719955319,
    15.283205880106));
#1257 = CARTESIAN_POINT('',(460.85140807767,523.61406745569,
    14.853622023878));
#1258 = CARTESIAN_POINT('',(460.42860917844,524.00164727209,
    14.384409520195));
#1259 = CARTESIAN_POINT('',(460.04317018984,524.35497925475,
    13.917859578854));
#1260 = CARTESIAN_POINT('',(459.63010192597,524.73363899546,
    13.381135135622));
#1261 = CARTESIAN_POINT('',(459.26765320841,525.06589579329,
    12.857190878589));
#1262 = CARTESIAN_POINT('',(458.89218880231,525.41008407203,
    12.277772075783));
#1263 = CARTESIAN_POINT('',(458.54450329114,525.72880743548,
    11.68342559566));
#1264 = CARTESIAN_POINT('',(458.20827259227,526.03703016951,
    11.056861420934));
#1265 = CARTESIAN_POINT('',(457.88999616698,526.32879421864,
    10.402285387621));
#1266 = CARTESIAN_POINT('',(457.4407591005,526.74060990794,
    9.378644548731));
#1267 = CARTESIAN_POINT('',(457.29584043193,526.8734568742,
    9.030835485975));
#1268 = CARTESIAN_POINT('',(457.15482912537,527.00272196095,
    8.672934110315));
#1269 = CARTESIAN_POINT('',(457.02329379381,527.12330042027,
    8.321822775079));
#1270 = CARTESIAN_POINT('',(456.88555146595,527.24956883341,
    7.928425049761));
#1271 = CARTESIAN_POINT('',(456.77368188513,527.3521196963,7.58987963966
    ));
#1272 = CARTESIAN_POINT('',(456.64381875478,527.4711652476,
    7.174656459168));
#1273 = CARTESIAN_POINT('',(456.53782338217,527.56833122289,
    6.804361016518));
#1274 = CARTESIAN_POINT('',(456.4287868486,527.66828502993,
    6.401545832473));
#1275 = CARTESIAN_POINT('',(456.32955117359,527.75925438898,
    6.001906322704));
#1276 = CARTESIAN_POINT('',(456.23636810199,527.84467532528,
    5.594811209415));
#1277 = CARTESIAN_POINT('',(456.06416775249,528.00253141271,
    4.770883426379));
#1278 = CARTESIAN_POINT('',(455.98507238237,528.07503815087,
    4.353836919865));
#1279 = CARTESIAN_POINT('',(455.91321100094,528.14091349056,
    3.932128720677));
#1280 = CARTESIAN_POINT('',(455.84879122942,528.19996710515,
    3.506186961349));
#1281 = CARTESIAN_POINT('',(455.79199912748,528.25202843398,
    3.076446984655));
#1282 = CARTESIAN_POINT('',(455.74299919122,528.29694668318,
    2.643351343564));
#1283 = CARTESIAN_POINT('',(455.70193435579,528.3345908243,2.2073498013)
  );
#1284 = CARTESIAN_POINT('',(455.66892599263,528.36484959598,
    1.768899331276));
#1285 = CARTESIAN_POINT('',(455.64407391178,528.38763150238,
    1.328464117154));
#1286 = CARTESIAN_POINT('',(455.62745636039,528.40286481438,
    0.886515552799));
#1287 = CARTESIAN_POINT('',(455.61913002341,528.41049756877,
    0.443532242309));
#1288 = CARTESIAN_POINT('',(455.61913002341,528.41049756878,
    -7.353234251449E-14));
#1289 = VECTOR('',#1290,1.);
#1290 = DIRECTION('',(0.675738043265,0.737141843124,1.195662154688E-16)
  );
#1291 = ADVANCED_FACE('',(#1292),#1366,.T.);
#1292 = FACE_BOUND('',#1293,.T.);
#1293 = EDGE_LOOP('',(#1294,#1302,#1363,#1364,#1365));
#1294 = ORIENTED_EDGE('',*,*,#1295,.F.);
#1295 = EDGE_CURVE('',#1296,#73,#1298,.T.);
#1296 = VERTEX_POINT('',#1297);
#1297 = CARTESIAN_POINT('',(440.92502628753,505.1772383379,-12.7));
#1298 = LINE('',#1299,#1300);
#1299 = CARTESIAN_POINT('',(434.48328944048,519.78261091747,-12.7));
#1300 = VECTOR('',#1301,1.);
#1301 = DIRECTION('',(-0.403545296352,0.91495966785,-3.841531922257E-17)
  );
#1302 = ORIENTED_EDGE('',*,*,#1303,.T.);
#1303 = EDGE_CURVE('',#1296,#1075,#1304,.T.);
#1304 = B_SPLINE_CURVE_WITH_KNOTS('',8,(#1305,#1306,#1307,#1308,#1309,
    #1310,#1311,#1312,#1313,#1314,#1315,#1316,#1317,#1318,#1319,#1320,
    #1321,#1322,#1323,#1324,#1325,#1326,#1327,#1328,#1329,#1330,#1331,
    #1332,#1333,#1334,#1335,#1336,#1337,#1338,#1339,#1340,#1341,#1342,
    #1343,#1344,#1345,#1346,#1347,#1348,#1349,#1350,#1351,#1352,#1353,
    #1354,#1355,#1356,#1357,#1358,#1359,#1360,#1361,#1362),
  .UNSPECIFIED.,.F.,.F.,(9,7,7,7,7,7,7,7,9),(0.,0.150733183429,
    0.267149556049,0.311888855611,0.470356484381,0.550947261019,
    0.632401259879,0.815453127019,1.),.UNSPECIFIED.);
#1305 = CARTESIAN_POINT('',(440.92502628753,505.1772383379,-12.7));
#1306 = CARTESIAN_POINT('',(440.85157428663,505.34377631753,
    -12.51451774025));
#1307 = CARTESIAN_POINT('',(440.7791684722,505.5079422749,
    -12.32608074801));
#1308 = CARTESIAN_POINT('',(440.70783716671,505.66967199439,
    -12.13471286374));
#1309 = CARTESIAN_POINT('',(440.63760877748,505.82890106796,
    -11.94044100231));
#1310 = CARTESIAN_POINT('',(440.56851234611,505.98556364952,
    -11.74329370798));
#1311 = CARTESIAN_POINT('',(440.50057762057,506.13959229135,
    -11.54330092467));
#1312 = CARTESIAN_POINT('',(440.43383465012,506.29091886267,
    -11.3404949815));
#1313 = CARTESIAN_POINT('',(440.31770822551,506.55421271309,
    -10.97613466618));
#1314 = CARTESIAN_POINT('',(440.2678319176,506.66729744119,
    -10.81570081625));
#1315 = CARTESIAN_POINT('',(440.21869815532,506.77869859301,
    -10.65362721429));
#1316 = CARTESIAN_POINT('',(440.17031971079,506.88838721021,
    -10.48993354782));
#1317 = CARTESIAN_POINT('',(440.12271002774,506.9963328118,
    -10.32463938967));
#1318 = CARTESIAN_POINT('',(440.07588379213,507.10250210029,
    -10.15776311177));
#1319 = CARTESIAN_POINT('',(440.02985599793,507.20686107975,
    -9.989323544689));
#1320 = CARTESIAN_POINT('',(439.96726262174,507.34877926144,
    -9.754020678883));
#1321 = CARTESIAN_POINT('',(439.95000524925,507.38790696271,
    -9.688470163137));
#1322 = CARTESIAN_POINT('',(439.93286839546,507.4267614115,
    -9.622693730362));
#1323 = CARTESIAN_POINT('',(439.91585298642,507.46534050817,
    -9.556692429875));
#1324 = CARTESIAN_POINT('',(439.89895986945,507.50364233161,
    -9.490467465431));
#1325 = CARTESIAN_POINT('',(439.88218981311,507.54166513927,
    -9.424020195218));
#1326 = CARTESIAN_POINT('',(439.8655435072,507.57940736711,
    -9.35735213186));
#1327 = CARTESIAN_POINT('',(439.79050045548,507.74955274185,
    -9.053548977938));
#1328 = CARTESIAN_POINT('',(439.73353941255,507.87870071456,
    -8.813883996042));
#1329 = CARTESIAN_POINT('',(439.67817355694,508.00423191347,
    -8.571533837887));
#1330 = CARTESIAN_POINT('',(439.6244505465,508.12603828373,
    -8.326537026592));
#1331 = CARTESIAN_POINT('',(439.57237248757,508.24411504968,
    -8.079021965201));
#1332 = CARTESIAN_POINT('',(439.52200637733,508.35831030834,
    -7.829006229393));
#1333 = CARTESIAN_POINT('',(439.47336766986,508.46858902061,
    -7.576598741551));
#1334 = CARTESIAN_POINT('',(439.40265266553,508.62892139832,
    -7.192334936036));
#1335 = CARTESIAN_POINT('',(439.37926919494,508.68193882332,
    -7.062194524556));
#1336 = CARTESIAN_POINT('',(439.35634573546,508.7339132635,
    -6.931466900895));
#1337 = CARTESIAN_POINT('',(439.3338865785,508.78483498898,
    -6.800163278967));
#1338 = CARTESIAN_POINT('',(439.31189597907,508.8346943523,
    -6.668295104953));
#1339 = CARTESIAN_POINT('',(439.29037804295,508.88348204446,
    -6.535874214026));
#1340 = CARTESIAN_POINT('',(439.26933661372,508.93118935084,
    -6.402912987065));
#1341 = CARTESIAN_POINT('',(439.22799346871,509.02492680873,
    -6.134506208705));
#1342 = CARTESIAN_POINT('',(439.20770195539,509.07093382816,
    -5.999049235713));
#1343 = CARTESIAN_POINT('',(439.18790559703,509.11581818102,
    -5.863065930305));
#1344 = CARTESIAN_POINT('',(439.16860557712,509.15957718393,
    -5.726571899991));
#1345 = CARTESIAN_POINT('',(439.14980976017,509.20219300573,
    -5.589576945675));
#1346 = CARTESIAN_POINT('',(439.13152276399,509.2436551764,
    -5.452094061792));
#1347 = CARTESIAN_POINT('',(439.1137403498,509.28397330656,
    -5.314144551043));
#1348 = CARTESIAN_POINT('',(439.05766753493,509.41110739667,
    -4.864694169711));
#1349 = CARTESIAN_POINT('',(439.02145438828,509.49321359126,
    -4.551342584983));
#1350 = CARTESIAN_POINT('',(438.98787001231,509.56935956486,
    -4.23585261104));
#1351 = CARTESIAN_POINT('',(438.95695634882,509.63945022267,
    -3.918390084847));
#1352 = CARTESIAN_POINT('',(438.92874118598,509.70342256048,
    -3.59913993977));
#1353 = CARTESIAN_POINT('',(438.90325939065,509.76119752454,
    -3.278279764833));
#1354 = CARTESIAN_POINT('',(438.88053508307,509.81272042692,
    -2.956002929815));
#1355 = CARTESIAN_POINT('',(438.84048477175,509.90352663846,
    -2.306363691562));
#1356 = CARTESIAN_POINT('',(438.82320408669,509.9427071964,
    -1.978978718576));
#1357 = CARTESIAN_POINT('',(438.80877240272,509.97542820416,
    -1.650551092534));
#1358 = CARTESIAN_POINT('',(438.79720824734,510.00164765426,
    -1.321284891679));
#1359 = CARTESIAN_POINT('',(438.78852558635,510.02133388203,
    -0.991386596968));
#1360 = CARTESIAN_POINT('',(438.78273382385,510.03446556549,
    -0.661065092075));
#1361 = CARTESIAN_POINT('',(438.77983780224,510.04103172545,
    -0.330531663385));
#1362 = CARTESIAN_POINT('',(438.77983780225,510.04103172543,
    -7.745438227285E-14));
#1363 = ORIENTED_EDGE('',*,*,#1074,.T.);
#1364 = ORIENTED_EDGE('',*,*,#33,.T.);
#1365 = ORIENTED_EDGE('',*,*,#72,.F.);
#1366 = PLANE('',#1367);
#1367 = AXIS2_PLACEMENT_3D('',#1368,#1369,#1370);
#1368 = CARTESIAN_POINT('',(434.48328944048,519.78261091747,
    -1.464429064951E-13));
#1369 = DIRECTION('',(-0.91495966785,-0.403545296352,-4.309845195726E-16
    ));
#1370 = DIRECTION('',(0.403545296352,-0.91495966785,1.825475089419E-16)
  );
#1371 = ADVANCED_FACE('',(#1372),#1392,.T.);
#1372 = FACE_BOUND('',#1373,.T.);
#1373 = EDGE_LOOP('',(#1374,#1384,#1385,#1386,#1387));
#1374 = ORIENTED_EDGE('',*,*,#1375,.F.);
#1375 = EDGE_CURVE('',#1296,#1376,#1378,.T.);
#1376 = VERTEX_POINT('',#1377);
#1377 = CARTESIAN_POINT('',(459.20750586569,525.12103287106,-12.7));
#1378 = B_SPLINE_CURVE_WITH_KNOTS('',4,(#1379,#1380,#1381,#1382,#1383),
  .UNSPECIFIED.,.F.,.F.,(5,5),(0.,1.),.PIECEWISE_BEZIER_KNOTS.);
#1379 = CARTESIAN_POINT('',(440.92502628753,505.1772383379,-12.7));
#1380 = CARTESIAN_POINT('',(445.49564630032,510.16318710019,-12.7));
#1381 = CARTESIAN_POINT('',(450.06626631312,515.14913586248,-12.7));
#1382 = CARTESIAN_POINT('',(454.63688632591,520.13508462477,-12.7));
#1383 = CARTESIAN_POINT('',(459.20750633871,525.12103338706,-12.7));
#1384 = ORIENTED_EDGE('',*,*,#1295,.T.);
#1385 = ORIENTED_EDGE('',*,*,#233,.T.);
#1386 = ORIENTED_EDGE('',*,*,#620,.T.);
#1387 = ORIENTED_EDGE('',*,*,#1388,.T.);
#1388 = EDGE_CURVE('',#621,#1376,#1389,.T.);
#1389 = B_SPLINE_CURVE_WITH_KNOTS('',1,(#1390,#1391),.UNSPECIFIED.,.F.,
  .F.,(2,2),(0.,1.),.PIECEWISE_BEZIER_KNOTS.);
#1390 = CARTESIAN_POINT('',(459.66799559334,525.62336694854,-12.7));
#1391 = CARTESIAN_POINT('',(459.20750539272,525.12103235511,-12.7));
#1392 = PLANE('',#1393);
#1393 = AXIS2_PLACEMENT_3D('',#1394,#1395,#1396);
#1394 = CARTESIAN_POINT('',(444.48600557181,526.54091508019,-12.7));
#1395 = DIRECTION('',(4.925941730089E-16,4.401820442874E-16,-1.));
#1396 = DIRECTION('',(0.91495966785,0.403545296352,7.4951404022E-16));
#1397 = ADVANCED_FACE('',(#1398),#1551,.F.);
#1398 = FACE_BOUND('',#1399,.F.);
#1399 = EDGE_LOOP('',(#1400,#1548,#1549,#1550));
#1400 = ORIENTED_EDGE('',*,*,#1401,.F.);
#1401 = EDGE_CURVE('',#763,#1376,#1402,.T.);
#1402 = B_SPLINE_CURVE_WITH_KNOTS('',12,(#1403,#1404,#1405,#1406,#1407,
    #1408,#1409,#1410,#1411,#1412,#1413,#1414,#1415,#1416,#1417,#1418,
    #1419,#1420,#1421,#1422,#1423,#1424,#1425,#1426,#1427,#1428,#1429,
    #1430,#1431,#1432,#1433,#1434,#1435,#1436,#1437,#1438,#1439,#1440,
    #1441,#1442,#1443,#1444,#1445,#1446,#1447,#1448,#1449,#1450,#1451,
    #1452,#1453,#1454,#1455,#1456,#1457,#1458,#1459,#1460,#1461,#1462,
    #1463,#1464,#1465,#1466,#1467,#1468,#1469,#1470,#1471,#1472,#1473,
    #1474,#1475,#1476,#1477,#1478,#1479,#1480,#1481,#1482,#1483,#1484,
    #1485,#1486,#1487,#1488,#1489,#1490,#1491,#1492,#1493,#1494,#1495,
    #1496,#1497,#1498,#1499,#1500,#1501,#1502,#1503,#1504,#1505,#1506,
    #1507,#1508,#1509,#1510,#1511,#1512,#1513,#1514,#1515,#1516,#1517,
    #1518,#1519,#1520,#1521,#1522,#1523,#1524,#1525,#1526,#1527,#1528,
    #1529,#1530,#1531,#1532,#1533,#1534,#1535,#1536,#1537,#1538,#1539,
    #1540,#1541,#1542,#1543,#1544,#1545,#1546,#1547),.UNSPECIFIED.,.F.,
  .F.,(13,11,11,11,11,11,11,11,11,11,11,11,11,13),(0.,6.25E-02,0.125,
    0.25,0.3125,0.375,0.4375,0.5,0.625,0.6875,0.75,0.875,0.9375,1.),
  .UNSPECIFIED.);
#1403 = CARTESIAN_POINT('',(455.61913002341,528.41049756878,
    -2.557953848736E-13));
#1404 = CARTESIAN_POINT('',(455.61913002346,528.41049756886,
    -0.442381055151));
#1405 = CARTESIAN_POINT('',(455.62741319112,528.40290438711,
    -0.884215972983));
#1406 = CARTESIAN_POINT('',(455.64394468026,528.38774997024,
    -1.325022753127));
#1407 = CARTESIAN_POINT('',(455.66866830093,528.36508581972,
    -1.764326519501));
#1408 = CARTESIAN_POINT('',(455.70150653037,528.33498301501,
    -2.201659520336));
#1409 = CARTESIAN_POINT('',(455.74236049447,528.29753217329,
    -2.636561128139));
#1410 = CARTESIAN_POINT('',(455.79110999332,528.25284350625,
    -3.068577839736));
#1411 = CARTESIAN_POINT('',(455.84761347193,528.20104675369,
    -3.497263276232));
#1412 = CARTESIAN_POINT('',(455.91170804836,528.14229124843,
    -3.922178183041));
#1413 = CARTESIAN_POINT('',(455.98320949105,528.07674586329,
    -4.342890429867));
#1414 = CARTESIAN_POINT('',(456.06191223399,528.00459904692,
    -4.758975010715));
#1415 = CARTESIAN_POINT('',(456.23326650303,527.8475185615,
    -5.581053077057));
#1416 = CARTESIAN_POINT('',(456.32600353236,527.76250651229,
    -5.987284976485));
#1417 = CARTESIAN_POINT('',(456.42470880565,527.67202337255,
    -6.385910722919));
#1418 = CARTESIAN_POINT('',(456.53338427841,527.57240054991,
    -6.788435409837));
#1419 = CARTESIAN_POINT('',(456.63860948659,527.47594058477,
    -7.157065049502));
#1420 = CARTESIAN_POINT('',(456.76810857649,527.35722874893,
    -7.572435924669));
#1421 = CARTESIAN_POINT('',(456.87944727086,527.25516455028,
    -7.910109966279));
#1422 = CARTESIAN_POINT('',(457.01642650614,527.12959566375,
    -8.302548712904));
#1423 = CARTESIAN_POINT('',(457.1474782901,527.0094604729,
    -8.653354380724));
#1424 = CARTESIAN_POINT('',(457.28781453721,526.88081421312,
    -9.010567194314));
#1425 = CARTESIAN_POINT('',(457.43209702188,526.74855043678,
    -9.357866895374));
#1426 = CARTESIAN_POINT('',(457.87936182654,526.33854272018,
    -10.38003942856));
#1427 = CARTESIAN_POINT('',(458.19625802602,526.04804392434,
    -11.03378070759));
#1428 = CARTESIAN_POINT('',(458.53115344868,525.74104523802,
    -11.6598094455));
#1429 = CARTESIAN_POINT('',(458.87714524245,525.42387450588,
    -12.25322795184));
#1430 = CARTESIAN_POINT('',(459.25149124638,525.08071146632,
    -12.83295025959));
#1431 = CARTESIAN_POINT('',(459.61207191016,524.75016711377,
    -13.35588663168));
#1432 = CARTESIAN_POINT('',(460.02363214861,524.37288978031,
    -13.89293213122));
#1433 = CARTESIAN_POINT('',(460.40776561043,524.02075457407,
    -14.35953276987));
#1434 = CARTESIAN_POINT('',(460.82869049254,523.63489266959,
    -14.82869591339));
#1435 = CARTESIAN_POINT('',(461.24918907071,523.24942155652,
    -15.25863822019));
#1436 = CARTESIAN_POINT('',(461.68102856696,522.85355422268,
    -15.6644087689));
#1437 = CARTESIAN_POINT('',(462.34022313036,522.24927046296,
    -16.2319077523));
#1438 = CARTESIAN_POINT('',(462.56188479709,522.04607317817,
    -16.41427685401));
#1439 = CARTESIAN_POINT('',(462.78550964614,521.84107624435,
    -16.58992922444));
#1440 = CARTESIAN_POINT('',(463.01083989583,521.63451596832,
    -16.75879824685));
#1441 = CARTESIAN_POINT('',(463.23767773143,521.42657368995,
    -16.92085650837));
#1442 = CARTESIAN_POINT('',(463.46597820808,521.21729060593,
    -17.0761604163));
#1443 = CARTESIAN_POINT('',(463.69577630583,521.00663465476,
    -17.22480557707));
#1444 = CARTESIAN_POINT('',(463.92704013475,520.79463506574,
    -17.36684539325));
#1445 = CARTESIAN_POINT('',(464.15954232997,520.58150026732,
    -17.50222534187));
#1446 = CARTESIAN_POINT('',(464.39284163614,520.36763475656,
    -17.63078538909));
#1447 = CARTESIAN_POINT('',(464.6264667137,520.15347061135,
    -17.7523830035));
#1448 = CARTESIAN_POINT('',(465.09432163964,519.72458792732,
    -17.9819954465));
#1449 = CARTESIAN_POINT('',(465.32861265291,519.50981331868,
    -18.08999845083));
#1450 = CARTESIAN_POINT('',(465.5621536266,519.29572627149,
    -18.19098429674));
#1451 = CARTESIAN_POINT('',(465.79739095223,519.08008417809,
    -18.28572962054));
#1452 = CARTESIAN_POINT('',(466.02990296942,518.86694037555,
    -18.37310073883));
#1453 = CARTESIAN_POINT('',(466.26188899622,518.65427874828,
    -18.45393165552));
#1454 = CARTESIAN_POINT('',(466.49561255708,518.44002432343,
    -18.52899171917));
#1455 = CARTESIAN_POINT('',(466.72726934299,518.22766451141,
    -18.59726021594));
#1456 = CARTESIAN_POINT('',(466.95475593317,518.0191275185,
    -18.65836726791));
#1457 = CARTESIAN_POINT('',(467.18320475024,517.80970845204,
    -18.71415314588));
#1458 = CARTESIAN_POINT('',(467.40873586614,517.60296404271,
    -18.7635566636));
#1459 = CARTESIAN_POINT('',(467.85620207309,517.19277170059,
    -18.85080894469));
#1460 = CARTESIAN_POINT('',(468.07797146699,516.98947566235,
    -18.88860133045));
#1461 = CARTESIAN_POINT('',(468.29761058664,516.78813244706,
    -18.92070685407));
#1462 = CARTESIAN_POINT('',(468.51483566177,516.58900218628,
    -18.94735964004));
#1463 = CARTESIAN_POINT('',(468.72989283526,516.39185924205,
    -18.96872202257));
#1464 = CARTESIAN_POINT('',(468.94251402774,516.19694936103,
    -18.98495298434));
#1465 = CARTESIAN_POINT('',(469.15199988355,516.00491364458,
    -18.99626656584));
#1466 = CARTESIAN_POINT('',(469.35820438979,515.81588594106,
    -19.0029124709));
#1467 = CARTESIAN_POINT('',(469.56192678684,515.62913358786,
    -19.00511430471));
#1468 = CARTESIAN_POINT('',(469.76372175696,515.44414810703,
    -19.00303760035));
#1469 = CARTESIAN_POINT('',(469.96241904096,515.26200227562,
    -18.99683000375));
#1470 = CARTESIAN_POINT('',(470.35497732024,514.9021440394,
    -18.97652941462));
#1471 = CARTESIAN_POINT('',(470.5487262601,514.72453435583,
    -18.96242500726));
#1472 = CARTESIAN_POINT('',(470.73980572065,514.54937178436,
    -18.94456148027));
#1473 = CARTESIAN_POINT('',(470.92845898637,514.3764333061,
    -18.92307234412));
#1474 = CARTESIAN_POINT('',(471.11493762664,514.20548830722,
    -18.89807219049));
#1475 = CARTESIAN_POINT('',(471.29935523049,514.03643266098,
    -18.86967575509));
#1476 = CARTESIAN_POINT('',(471.48169700955,513.86927992329,
    -18.83800053808));
#1477 = CARTESIAN_POINT('',(471.66191311189,513.70407579424,
    -18.8031600381));
#1478 = CARTESIAN_POINT('',(471.84002350024,513.54080197307,
    -18.76525465872));
#1479 = CARTESIAN_POINT('',(472.01616224149,513.37933556146,
    -18.72436734356));
#1480 = CARTESIAN_POINT('',(472.19048905525,513.21953014387,
    -18.68057099833));
#1481 = CARTESIAN_POINT('',(472.70770980847,512.74539379828,
    -18.54072227379));
#1482 = CARTESIAN_POINT('',(473.04504716553,512.43615658996,
    -18.43620448863));
#1483 = CARTESIAN_POINT('',(473.37528018128,512.13343193309,
    -18.32099070796));
#1484 = CARTESIAN_POINT('',(473.69878297561,511.83687686982,
    -18.19558672328));
#1485 = CARTESIAN_POINT('',(474.01593524973,511.5461433317,
    -18.06040805411));
#1486 = CARTESIAN_POINT('',(474.32712586567,511.26087484377,
    -17.91577319055));
#1487 = CARTESIAN_POINT('',(474.63275645425,510.98070323654,
    -17.76189683683));
#1488 = CARTESIAN_POINT('',(474.93324498817,510.70524534945,
    -17.59888315357));
#1489 = CARTESIAN_POINT('',(475.22902939057,510.43409974186,
    -17.42671900141));
#1490 = CARTESIAN_POINT('',(475.52057111345,510.16684339852,
    -17.2452671834));
#1491 = CARTESIAN_POINT('',(475.80835873754,509.90302843843,
    -17.05425968835));
#1492 = CARTESIAN_POINT('',(476.23518797038,509.51175401369,
    -16.75280655618));
#1493 = CARTESIAN_POINT('',(476.376440408,509.382267882,-16.64999930584)
  );
#1494 = CARTESIAN_POINT('',(476.51836494,509.25216564109,-16.54352539261
    ));
#1495 = CARTESIAN_POINT('',(476.65554755736,509.12641031456,
    -16.43761746342));
#1496 = CARTESIAN_POINT('',(476.79787157047,508.99594186887,
    -16.32461467605));
#1497 = CARTESIAN_POINT('',(476.93697018596,508.86843014692,
    -16.21074071119));
#1498 = CARTESIAN_POINT('',(477.07291677853,508.74380788346,
    -16.09617031377));
#1499 = CARTESIAN_POINT('',(477.21108904502,508.61714534569,
    -15.97679469464));
#1500 = CARTESIAN_POINT('',(477.34698410679,508.49257032083,
    -15.85573807144));
#1501 = CARTESIAN_POINT('',(477.48230313033,508.36852335094,
    -15.73197855108));
#1502 = CARTESIAN_POINT('',(477.61690418703,508.24513454104,
    -15.60541986951));
#1503 = CARTESIAN_POINT('',(477.8845243495,507.99980709618,
    -15.34683277603));
#1504 = CARTESIAN_POINT('',(478.01756619888,507.87784761175,
    -15.21478073551));
#1505 = CARTESIAN_POINT('',(478.14985477866,507.75657865058,
    -15.07991635153));
#1506 = CARTESIAN_POINT('',(478.28140138166,507.63598985758,
    -14.94218349954));
#1507 = CARTESIAN_POINT('',(478.41221363597,507.51607424567,
    -14.80152378022));
#1508 = CARTESIAN_POINT('',(478.54229549647,507.39682818114,
    -14.65787651935));
#1509 = CARTESIAN_POINT('',(478.67164725722,507.27825140425,
    -14.51117876797));
#1510 = CARTESIAN_POINT('',(478.80026553662,507.16034700546,
    -14.36136530219));
#1511 = CARTESIAN_POINT('',(478.92814329201,507.04312144812,
    -14.2083686234));
#1512 = CARTESIAN_POINT('',(479.05526980794,506.92658455056,
    -14.05211895808));
#1513 = CARTESIAN_POINT('',(479.18163070375,506.81074949766,
    -13.89254425791));
#1514 = CARTESIAN_POINT('',(479.55836238174,506.46539950935,
    -13.40362208345));
#1515 = CARTESIAN_POINT('',(479.80660906466,506.23783173597,
    -13.06379680003));
#1516 = CARTESIAN_POINT('',(480.05104060445,506.01376130568,
    -12.71027045005));
#1517 = CARTESIAN_POINT('',(480.2890245058,505.79560142473,
    -12.34662497108));
#1518 = CARTESIAN_POINT('',(480.5287286975,505.57586455652,
    -11.95990355663));
#1519 = CARTESIAN_POINT('',(480.76184439313,505.36216735941,
    -11.56039018575));
#1520 = CARTESIAN_POINT('',(480.9910398888,505.15206381484,
    -11.14274962448));
#1521 = CARTESIAN_POINT('',(481.22008069473,504.94210207033,
    -10.69959222224));
#1522 = CARTESIAN_POINT('',(481.44107515468,504.7395164153,
    -10.23968631287));
#1523 = CARTESIAN_POINT('',(481.6590217944,504.53972469596,
    -9.753519912469));
#1524 = CARTESIAN_POINT('',(481.87012506124,504.34620629828,
    -9.243555076055));
#1525 = CARTESIAN_POINT('',(482.17578179759,504.06601072009,
    -8.439349001975));
#1526 = CARTESIAN_POINT('',(482.2759070706,503.97422586658,
    -8.164520401012));
#1527 = CARTESIAN_POINT('',(482.37420051691,503.88412024904,
    -7.882496872674));
#1528 = CARTESIAN_POINT('',(482.47054935167,503.79579725683,
    -7.592873355206));
#1529 = CARTESIAN_POINT('',(482.56480096938,503.70939678451,
    -7.295271797221));
#1530 = CARTESIAN_POINT('',(482.65676439035,503.62509390156,
    -6.989338212118));
#1531 = CARTESIAN_POINT('',(482.74621170206,503.54309753734,
    -6.674739732404));
#1532 = CARTESIAN_POINT('',(482.83287950739,503.4636491463,
    -6.35116166414));
#1533 = CARTESIAN_POINT('',(482.916470365,503.38702139413,
    -6.018304541248));
#1534 = CARTESIAN_POINT('',(482.99665423734,503.31351682575,
    -5.675881179947));
#1535 = CARTESIAN_POINT('',(483.07306993239,503.2434665461,
    -5.32361373309));
#1536 = CARTESIAN_POINT('',(483.21758316696,503.11099124131,
    -4.598847756046));
#1537 = CARTESIAN_POINT('',(483.2857169641,503.04853297875,
    -4.226029856819));
#1538 = CARTESIAN_POINT('',(483.34829623151,502.99116655458,
    -3.849035640716));
#1539 = CARTESIAN_POINT('',(483.41184289743,502.93291331578,
    -3.427186172946));
#1540 = CARTESIAN_POINT('',(483.45737885647,502.89117049526,
    -3.061790186886));
#1541 = CARTESIAN_POINT('',(483.51323125213,502.83997059506,
    -2.597887431097));
#1542 = CARTESIAN_POINT('',(483.5456179261,502.81028172625,
    -2.214156464652));
#1543 = CARTESIAN_POINT('',(483.58274959343,502.77624312078,
    -1.759473604658));
#1544 = CARTESIAN_POINT('',(483.60560429436,502.75529221294,
    -1.333508822353));
#1545 = CARTESIAN_POINT('',(483.6228489941,502.73948399397,
    -0.890103978917));
#1546 = CARTESIAN_POINT('',(483.63121297545,502.73181673095,
    -0.446389762213));
#1547 = CARTESIAN_POINT('',(483.63121297546,502.73181673095,
    -2.557953848736E-13));
#1548 = ORIENTED_EDGE('',*,*,#914,.T.);
#1549 = ORIENTED_EDGE('',*,*,#693,.F.);
#1550 = ORIENTED_EDGE('',*,*,#1388,.T.);
#1551 = SURFACE_OF_LINEAR_EXTRUSION('',#1552,#1698);
#1552 = B_SPLINE_CURVE_WITH_KNOTS('',12,(#1553,#1554,#1555,#1556,#1557,
    #1558,#1559,#1560,#1561,#1562,#1563,#1564,#1565,#1566,#1567,#1568,
    #1569,#1570,#1571,#1572,#1573,#1574,#1575,#1576,#1577,#1578,#1579,
    #1580,#1581,#1582,#1583,#1584,#1585,#1586,#1587,#1588,#1589,#1590,
    #1591,#1592,#1593,#1594,#1595,#1596,#1597,#1598,#1599,#1600,#1601,
    #1602,#1603,#1604,#1605,#1606,#1607,#1608,#1609,#1610,#1611,#1612,
    #1613,#1614,#1615,#1616,#1617,#1618,#1619,#1620,#1621,#1622,#1623,
    #1624,#1625,#1626,#1627,#1628,#1629,#1630,#1631,#1632,#1633,#1634,
    #1635,#1636,#1637,#1638,#1639,#1640,#1641,#1642,#1643,#1644,#1645,
    #1646,#1647,#1648,#1649,#1650,#1651,#1652,#1653,#1654,#1655,#1656,
    #1657,#1658,#1659,#1660,#1661,#1662,#1663,#1664,#1665,#1666,#1667,
    #1668,#1669,#1670,#1671,#1672,#1673,#1674,#1675,#1676,#1677,#1678,
    #1679,#1680,#1681,#1682,#1683,#1684,#1685,#1686,#1687,#1688,#1689,
    #1690,#1691,#1692,#1693,#1694,#1695,#1696,#1697),.UNSPECIFIED.,.F.,
  .F.,(13,11,11,11,11,11,11,11,11,11,11,11,11,13),(0.,6.25E-02,0.125,
    0.25,0.3125,0.375,0.4375,0.5,0.625,0.6875,0.75,0.875,0.9375,1.),
  .UNSPECIFIED.);
#1553 = CARTESIAN_POINT('',(455.61913002345,528.41049756882,
    -7.664095790433E-14));
#1554 = CARTESIAN_POINT('',(455.61913002337,528.41049756877,
    -0.442381055151));
#1555 = CARTESIAN_POINT('',(455.62741319169,528.40290438773,
    -0.884215972983));
#1556 = CARTESIAN_POINT('',(455.64394467902,528.38774996888,
    -1.325022753127));
#1557 = CARTESIAN_POINT('',(455.66866830324,528.36508582225,
    -1.764326519501));
#1558 = CARTESIAN_POINT('',(455.70150652734,528.3349830117,
    -2.201659520336));
#1559 = CARTESIAN_POINT('',(455.74236049783,528.29753217695,
    -2.636561128139));
#1560 = CARTESIAN_POINT('',(455.7911099905,528.25284350317,
    -3.068577839736));
#1561 = CARTESIAN_POINT('',(455.84761347394,528.20104675588,
    -3.497263276231));
#1562 = CARTESIAN_POINT('',(455.91170804737,528.14229124736,
    -3.92217818304));
#1563 = CARTESIAN_POINT('',(455.98320949147,528.07674586374,
    -4.342890429866));
#1564 = CARTESIAN_POINT('',(456.06191223397,528.0045990469,
    -4.758975010715));
#1565 = CARTESIAN_POINT('',(456.23326650311,527.84751856159,
    -5.581053077056));
#1566 = CARTESIAN_POINT('',(456.32600353232,527.76250651224,
    -5.987284976484));
#1567 = CARTESIAN_POINT('',(456.42470880583,527.67202337274,
    -6.385910722919));
#1568 = CARTESIAN_POINT('',(456.53338427829,527.57240054979,
    -6.788435409837));
#1569 = CARTESIAN_POINT('',(456.63860948677,527.47594058496,
    -7.157065049502));
#1570 = CARTESIAN_POINT('',(456.76810857647,527.35722874891,
    -7.572435924669));
#1571 = CARTESIAN_POINT('',(456.87944727089,527.25516455032,
    -7.910109966279));
#1572 = CARTESIAN_POINT('',(457.01642650623,527.12959566384,
    -8.302548712904));
#1573 = CARTESIAN_POINT('',(457.14747829011,527.00946047291,
    -8.653354380724));
#1574 = CARTESIAN_POINT('',(457.28781453726,526.88081421318,
    -9.010567194314));
#1575 = CARTESIAN_POINT('',(457.43209702193,526.74855043683,
    -9.357866895374));
#1576 = CARTESIAN_POINT('',(457.87936182658,526.33854272022,
    -10.38003942856));
#1577 = CARTESIAN_POINT('',(458.19625802611,526.04804392443,
    -11.03378070759));
#1578 = CARTESIAN_POINT('',(458.53115344858,525.74104523791,
    -11.6598094455));
#1579 = CARTESIAN_POINT('',(458.87714524284,525.42387450631,
    -12.25322795184));
#1580 = CARTESIAN_POINT('',(459.2514912458,525.08071146568,
    -12.83295025959));
#1581 = CARTESIAN_POINT('',(459.61207191105,524.75016711473,
    -13.35588663168));
#1582 = CARTESIAN_POINT('',(460.0236321478,524.37288977942,
    -13.89293213122));
#1583 = CARTESIAN_POINT('',(460.40776561112,524.02075457483,
    -14.35953276987));
#1584 = CARTESIAN_POINT('',(460.82869049223,523.63489266925,
    -14.82869591339));
#1585 = CARTESIAN_POINT('',(461.24918907088,523.2494215567,
    -15.25863822019));
#1586 = CARTESIAN_POINT('',(461.68102856699,522.85355422271,
    -15.6644087689));
#1587 = CARTESIAN_POINT('',(462.3402231304,522.249270463,-16.2319077523)
  );
#1588 = CARTESIAN_POINT('',(462.56188479724,522.04607317834,
    -16.41427685401));
#1589 = CARTESIAN_POINT('',(462.7855096459,521.84107624409,
    -16.58992922443));
#1590 = CARTESIAN_POINT('',(463.01083989637,521.6345159689,
    -16.75879824685));
#1591 = CARTESIAN_POINT('',(463.23767773085,521.42657368931,
    -16.92085650837));
#1592 = CARTESIAN_POINT('',(463.46597820874,521.21729060666,
    -17.0761604163));
#1593 = CARTESIAN_POINT('',(463.6957763054,521.00663465429,
    -17.22480557707));
#1594 = CARTESIAN_POINT('',(463.92704013508,520.7946350661,
    -17.36684539325));
#1595 = CARTESIAN_POINT('',(464.15954232987,520.58150026722,
    -17.50222534187));
#1596 = CARTESIAN_POINT('',(464.39284163623,520.36763475666,
    -17.63078538909));
#1597 = CARTESIAN_POINT('',(464.62646671374,520.15347061139,
    -17.7523830035));
#1598 = CARTESIAN_POINT('',(465.09432163969,519.72458792736,
    -17.9819954465));
#1599 = CARTESIAN_POINT('',(465.32861265297,519.50981331874,
    -18.08999845083));
#1600 = CARTESIAN_POINT('',(465.56215362661,519.2957262715,
    -18.19098429674));
#1601 = CARTESIAN_POINT('',(465.79739095233,519.08008417819,
    -18.28572962054));
#1602 = CARTESIAN_POINT('',(466.02990296941,518.86694037554,
    -18.37310073883));
#1603 = CARTESIAN_POINT('',(466.26188899631,518.65427874838,
    -18.45393165552));
#1604 = CARTESIAN_POINT('',(466.4956125571,518.44002432345,
    -18.52899171917));
#1605 = CARTESIAN_POINT('',(466.72726934304,518.22766451147,
    -18.59726021594));
#1606 = CARTESIAN_POINT('',(466.95475593321,518.01912751855,
    -18.65836726791));
#1607 = CARTESIAN_POINT('',(467.18320475029,517.80970845209,
    -18.71415314588));
#1608 = CARTESIAN_POINT('',(467.40873586618,517.60296404276,
    -18.7635566636));
#1609 = CARTESIAN_POINT('',(467.85620207312,517.19277170063,
    -18.85080894469));
#1610 = CARTESIAN_POINT('',(468.07797146708,516.98947566244,
    -18.88860133045));
#1611 = CARTESIAN_POINT('',(468.29761058657,516.78813244698,
    -18.92070685407));
#1612 = CARTESIAN_POINT('',(468.51483566201,516.58900218655,
    -18.94735964004));
#1613 = CARTESIAN_POINT('',(468.72989283505,516.39185924182,
    -18.96872202257));
#1614 = CARTESIAN_POINT('',(468.94251402804,516.19694936136,
    -18.98495298434));
#1615 = CARTESIAN_POINT('',(469.15199988341,516.00491364442,
    -18.99626656584));
#1616 = CARTESIAN_POINT('',(469.35820438994,515.81588594122,
    -19.0029124709));
#1617 = CARTESIAN_POINT('',(469.56192678684,515.62913358786,
    -19.00511430471));
#1618 = CARTESIAN_POINT('',(469.76372175702,515.4441481071,
    -19.00303760035));
#1619 = CARTESIAN_POINT('',(469.962419041,515.26200227567,
    -18.99683000375));
#1620 = CARTESIAN_POINT('',(470.35497732029,514.90214403945,
    -18.97652941462));
#1621 = CARTESIAN_POINT('',(470.54872626014,514.72453435588,
    -18.96242500726));
#1622 = CARTESIAN_POINT('',(470.7398057207,514.54937178441,
    -18.94456148026));
#1623 = CARTESIAN_POINT('',(470.92845898639,514.37643330612,
    -18.92307234412));
#1624 = CARTESIAN_POINT('',(471.11493762674,514.20548830733,
    -18.89807219049));
#1625 = CARTESIAN_POINT('',(471.29935523044,514.03643266093,
    -18.86967575509));
#1626 = CARTESIAN_POINT('',(471.48169700972,513.86927992347,
    -18.83800053808));
#1627 = CARTESIAN_POINT('',(471.66191311181,513.70407579415,
    -18.8031600381));
#1628 = CARTESIAN_POINT('',(471.84002350038,513.54080197322,
    -18.76525465872));
#1629 = CARTESIAN_POINT('',(472.01616224149,513.37933556146,
    -18.72436734356));
#1630 = CARTESIAN_POINT('',(472.19048905531,513.21953014394,
    -18.68057099833));
#1631 = CARTESIAN_POINT('',(472.70770980848,512.74539379829,
    -18.54072227379));
#1632 = CARTESIAN_POINT('',(473.04504716572,512.43615659016,
    -18.43620448863));
#1633 = CARTESIAN_POINT('',(473.37528018098,512.13343193276,
    -18.32099070796));
#1634 = CARTESIAN_POINT('',(473.69878297624,511.83687687051,
    -18.19558672328));
#1635 = CARTESIAN_POINT('',(474.01593524904,511.54614333094,
    -18.06040805411));
#1636 = CARTESIAN_POINT('',(474.32712586644,511.2608748446,
    -17.91577319055));
#1637 = CARTESIAN_POINT('',(474.63275645374,510.98070323598,
    -17.76189683683));
#1638 = CARTESIAN_POINT('',(474.93324498855,510.70524534987,
    -17.59888315357));
#1639 = CARTESIAN_POINT('',(475.22902939045,510.43409974173,
    -17.42671900141));
#1640 = CARTESIAN_POINT('',(475.52057111355,510.16684339863,
    -17.2452671834));
#1641 = CARTESIAN_POINT('',(475.80835873757,509.90302843846,
    -17.05425968835));
#1642 = CARTESIAN_POINT('',(476.23518797043,509.51175401374,
    -16.75280655618));
#1643 = CARTESIAN_POINT('',(476.37644040801,509.38226788201,
    -16.64999930584));
#1644 = CARTESIAN_POINT('',(476.51836494015,509.25216564126,
    -16.54352539261));
#1645 = CARTESIAN_POINT('',(476.65554755719,509.12641031437,
    -16.43761746342));
#1646 = CARTESIAN_POINT('',(476.79787157084,508.99594186927,
    -16.32461467605));
#1647 = CARTESIAN_POINT('',(476.93697018563,508.86843014656,
    -16.21074071119));
#1648 = CARTESIAN_POINT('',(477.07291677892,508.74380788388,
    -16.09617031377));
#1649 = CARTESIAN_POINT('',(477.21108904481,508.61714534545,
    -15.97679469463));
#1650 = CARTESIAN_POINT('',(477.34698410699,508.49257032104,
    -15.85573807144));
#1651 = CARTESIAN_POINT('',(477.48230313031,508.3685233509,
    -15.73197855108));
#1652 = CARTESIAN_POINT('',(477.6169041871,508.24513454112,
    -15.60541986951));
#1653 = CARTESIAN_POINT('',(477.8845243495,507.99980709618,
    -15.34683277603));
#1654 = CARTESIAN_POINT('',(478.01756619911,507.877847612,
    -15.21478073551));
#1655 = CARTESIAN_POINT('',(478.14985477822,507.75657865009,
    -15.07991635153));
#1656 = CARTESIAN_POINT('',(478.28140138259,507.63598985861,
    -14.94218349954));
#1657 = CARTESIAN_POINT('',(478.41221363478,507.51607424436,
    -14.80152378022));
#1658 = CARTESIAN_POINT('',(478.54229549786,507.39682818265,
    -14.65787651935));
#1659 = CARTESIAN_POINT('',(478.67164725613,507.27825140306,
    -14.51117876797));
#1660 = CARTESIAN_POINT('',(478.80026553741,507.16034700631,
    -14.36136530219));
#1661 = CARTESIAN_POINT('',(478.92814329171,507.04312144778,
    -14.2083686234));
#1662 = CARTESIAN_POINT('',(479.05526980809,506.92658455073,
    -14.05211895808));
#1663 = CARTESIAN_POINT('',(479.18163070379,506.8107494977,
    -13.89254425791));
#1664 = CARTESIAN_POINT('',(479.55836238176,506.46539950937,
    -13.40362208345));
#1665 = CARTESIAN_POINT('',(479.80660906486,506.23783173619,
    -13.06379680003));
#1666 = CARTESIAN_POINT('',(480.05104060407,506.01376130526,
    -12.71027045005));
#1667 = CARTESIAN_POINT('',(480.28902450665,505.79560142565,
    -12.34662497108));
#1668 = CARTESIAN_POINT('',(480.52872869642,505.57586455535,
    -11.95990355663));
#1669 = CARTESIAN_POINT('',(480.76184439439,505.36216736078,
    -11.56039018575));
#1670 = CARTESIAN_POINT('',(480.99103988779,505.15206381374,
    -11.14274962448));
#1671 = CARTESIAN_POINT('',(481.22008069548,504.94210207116,
    -10.69959222224));
#1672 = CARTESIAN_POINT('',(481.44107515435,504.73951641495,
    -10.23968631287));
#1673 = CARTESIAN_POINT('',(481.65902179458,504.53972469616,
    -9.753519912469));
#1674 = CARTESIAN_POINT('',(481.87012506126,504.34620629831,
    -9.243555076054));
#1675 = CARTESIAN_POINT('',(482.17578179763,504.06601072014,
    -8.439349001975));
#1676 = CARTESIAN_POINT('',(482.27590707067,503.97422586665,
    -8.164520401011));
#1677 = CARTESIAN_POINT('',(482.37420051686,503.88412024899,
    -7.882496872674));
#1678 = CARTESIAN_POINT('',(482.47054935189,503.79579725706,
    -7.592873355206));
#1679 = CARTESIAN_POINT('',(482.56480096917,503.70939678429,
    -7.29527179722));
#1680 = CARTESIAN_POINT('',(482.65676439066,503.62509390189,
    -6.989338212117));
#1681 = CARTESIAN_POINT('',(482.74621170191,503.54309753717,
    -6.674739732404));
#1682 = CARTESIAN_POINT('',(482.83287950753,503.46364914645,
    -6.35116166414));
#1683 = CARTESIAN_POINT('',(482.91647036503,503.38702139415,
    -6.018304541248));
#1684 = CARTESIAN_POINT('',(482.99665423738,503.3135168258,
    -5.675881179946));
#1685 = CARTESIAN_POINT('',(483.07306993244,503.24346654615,
    -5.32361373309));
#1686 = CARTESIAN_POINT('',(483.21758316699,503.11099124135,
    -4.598847756045));
#1687 = CARTESIAN_POINT('',(483.28571696417,503.04853297882,
    -4.226029856818));
#1688 = CARTESIAN_POINT('',(483.34829623149,502.99116655456,
    -3.849035640716));
#1689 = CARTESIAN_POINT('',(483.41184289759,502.93291331595,
    -3.427186172946));
#1690 = CARTESIAN_POINT('',(483.45737885635,502.89117049513,
    -3.061790186886));
#1691 = CARTESIAN_POINT('',(483.51323125235,502.83997059529,
    -2.597887431097));
#1692 = CARTESIAN_POINT('',(483.54561792601,502.81028172616,
    -2.214156464652));
#1693 = CARTESIAN_POINT('',(483.58274959354,502.77624312091,
    -1.759473604657));
#1694 = CARTESIAN_POINT('',(483.60560429439,502.75529221297,
    -1.333508822353));
#1695 = CARTESIAN_POINT('',(483.62284899414,502.73948399402,
    -0.890103978917));
#1696 = CARTESIAN_POINT('',(483.63121297549,502.731816731,
    -0.446389762213));
#1697 = CARTESIAN_POINT('',(483.6312129755,502.73181673099,
    -7.371793733484E-14));
#1698 = VECTOR('',#1699,1.);
#1699 = DIRECTION('',(-0.675738043265,-0.737141843124,
    -1.195662154688E-16));
#1700 = ADVANCED_FACE('',(#1701),#1707,.T.);
#1701 = FACE_BOUND('',#1702,.T.);
#1702 = EDGE_LOOP('',(#1703,#1704,#1705,#1706));
#1703 = ORIENTED_EDGE('',*,*,#1401,.F.);
#1704 = ORIENTED_EDGE('',*,*,#1137,.T.);
#1705 = ORIENTED_EDGE('',*,*,#1303,.F.);
#1706 = ORIENTED_EDGE('',*,*,#1375,.T.);
#1707 = SURFACE_OF_LINEAR_EXTRUSION('',#1708,#1854);
#1708 = B_SPLINE_CURVE_WITH_KNOTS('',12,(#1709,#1710,#1711,#1712,#1713,
    #1714,#1715,#1716,#1717,#1718,#1719,#1720,#1721,#1722,#1723,#1724,
    #1725,#1726,#1727,#1728,#1729,#1730,#1731,#1732,#1733,#1734,#1735,
    #1736,#1737,#1738,#1739,#1740,#1741,#1742,#1743,#1744,#1745,#1746,
    #1747,#1748,#1749,#1750,#1751,#1752,#1753,#1754,#1755,#1756,#1757,
    #1758,#1759,#1760,#1761,#1762,#1763,#1764,#1765,#1766,#1767,#1768,
    #1769,#1770,#1771,#1772,#1773,#1774,#1775,#1776,#1777,#1778,#1779,
    #1780,#1781,#1782,#1783,#1784,#1785,#1786,#1787,#1788,#1789,#1790,
    #1791,#1792,#1793,#1794,#1795,#1796,#1797,#1798,#1799,#1800,#1801,
    #1802,#1803,#1804,#1805,#1806,#1807,#1808,#1809,#1810,#1811,#1812,
    #1813,#1814,#1815,#1816,#1817,#1818,#1819,#1820,#1821,#1822,#1823,
    #1824,#1825,#1826,#1827,#1828,#1829,#1830,#1831,#1832,#1833,#1834,
    #1835,#1836,#1837,#1838,#1839,#1840,#1841,#1842,#1843,#1844,#1845,
    #1846,#1847,#1848,#1849,#1850,#1851,#1852,#1853),.UNSPECIFIED.,.F.,
  .F.,(13,11,11,11,11,11,11,11,11,11,11,11,11,13),(0.,6.25E-02,0.125,
    0.25,0.3125,0.375,0.4375,0.5,0.625,0.6875,0.75,0.875,0.9375,1.),
  .UNSPECIFIED.);
#1709 = CARTESIAN_POINT('',(455.61913002341,528.41049756878,
    -7.664096698344E-14));
#1710 = CARTESIAN_POINT('',(455.61913002346,528.41049756886,
    -0.442381055151));
#1711 = CARTESIAN_POINT('',(455.62741319112,528.40290438711,
    -0.884215972983));
#1712 = CARTESIAN_POINT('',(455.64394468026,528.38774997024,
    -1.325022753127));
#1713 = CARTESIAN_POINT('',(455.66866830093,528.36508581972,
    -1.764326519501));
#1714 = CARTESIAN_POINT('',(455.70150653037,528.33498301501,
    -2.201659520336));
#1715 = CARTESIAN_POINT('',(455.74236049447,528.29753217329,
    -2.636561128139));
#1716 = CARTESIAN_POINT('',(455.79110999332,528.25284350625,
    -3.068577839736));
#1717 = CARTESIAN_POINT('',(455.84761347193,528.20104675369,
    -3.497263276231));
#1718 = CARTESIAN_POINT('',(455.91170804836,528.14229124843,
    -3.92217818304));
#1719 = CARTESIAN_POINT('',(455.98320949105,528.07674586329,
    -4.342890429866));
#1720 = CARTESIAN_POINT('',(456.06191223399,528.00459904692,
    -4.758975010715));
#1721 = CARTESIAN_POINT('',(456.23326650303,527.8475185615,
    -5.581053077056));
#1722 = CARTESIAN_POINT('',(456.32600353236,527.76250651229,
    -5.987284976484));
#1723 = CARTESIAN_POINT('',(456.42470880565,527.67202337255,
    -6.385910722919));
#1724 = CARTESIAN_POINT('',(456.53338427841,527.57240054991,
    -6.788435409837));
#1725 = CARTESIAN_POINT('',(456.63860948659,527.47594058477,
    -7.157065049502));
#1726 = CARTESIAN_POINT('',(456.76810857649,527.35722874893,
    -7.572435924669));
#1727 = CARTESIAN_POINT('',(456.87944727086,527.25516455028,
    -7.910109966279));
#1728 = CARTESIAN_POINT('',(457.01642650614,527.12959566375,
    -8.302548712904));
#1729 = CARTESIAN_POINT('',(457.1474782901,527.0094604729,
    -8.653354380724));
#1730 = CARTESIAN_POINT('',(457.28781453721,526.88081421312,
    -9.010567194314));
#1731 = CARTESIAN_POINT('',(457.43209702188,526.74855043678,
    -9.357866895374));
#1732 = CARTESIAN_POINT('',(457.87936182654,526.33854272018,
    -10.38003942856));
#1733 = CARTESIAN_POINT('',(458.19625802602,526.04804392434,
    -11.03378070759));
#1734 = CARTESIAN_POINT('',(458.53115344868,525.74104523802,
    -11.6598094455));
#1735 = CARTESIAN_POINT('',(458.87714524245,525.42387450588,
    -12.25322795184));
#1736 = CARTESIAN_POINT('',(459.25149124638,525.08071146632,
    -12.83295025959));
#1737 = CARTESIAN_POINT('',(459.61207191016,524.75016711377,
    -13.35588663168));
#1738 = CARTESIAN_POINT('',(460.02363214861,524.37288978031,
    -13.89293213122));
#1739 = CARTESIAN_POINT('',(460.40776561043,524.02075457407,
    -14.35953276987));
#1740 = CARTESIAN_POINT('',(460.82869049254,523.63489266959,
    -14.82869591339));
#1741 = CARTESIAN_POINT('',(461.24918907071,523.24942155652,
    -15.25863822019));
#1742 = CARTESIAN_POINT('',(461.68102856696,522.85355422268,
    -15.6644087689));
#1743 = CARTESIAN_POINT('',(462.34022313036,522.24927046296,
    -16.2319077523));
#1744 = CARTESIAN_POINT('',(462.56188479709,522.04607317817,
    -16.41427685401));
#1745 = CARTESIAN_POINT('',(462.78550964614,521.84107624435,
    -16.58992922443));
#1746 = CARTESIAN_POINT('',(463.01083989583,521.63451596832,
    -16.75879824685));
#1747 = CARTESIAN_POINT('',(463.23767773143,521.42657368995,
    -16.92085650837));
#1748 = CARTESIAN_POINT('',(463.46597820808,521.21729060593,
    -17.0761604163));
#1749 = CARTESIAN_POINT('',(463.69577630583,521.00663465476,
    -17.22480557707));
#1750 = CARTESIAN_POINT('',(463.92704013475,520.79463506574,
    -17.36684539325));
#1751 = CARTESIAN_POINT('',(464.15954232997,520.58150026732,
    -17.50222534187));
#1752 = CARTESIAN_POINT('',(464.39284163614,520.36763475656,
    -17.63078538909));
#1753 = CARTESIAN_POINT('',(464.6264667137,520.15347061135,
    -17.7523830035));
#1754 = CARTESIAN_POINT('',(465.09432163964,519.72458792732,
    -17.9819954465));
#1755 = CARTESIAN_POINT('',(465.32861265291,519.50981331868,
    -18.08999845083));
#1756 = CARTESIAN_POINT('',(465.5621536266,519.29572627149,
    -18.19098429674));
#1757 = CARTESIAN_POINT('',(465.79739095223,519.08008417809,
    -18.28572962054));
#1758 = CARTESIAN_POINT('',(466.02990296942,518.86694037555,
    -18.37310073883));
#1759 = CARTESIAN_POINT('',(466.26188899622,518.65427874828,
    -18.45393165552));
#1760 = CARTESIAN_POINT('',(466.49561255708,518.44002432343,
    -18.52899171917));
#1761 = CARTESIAN_POINT('',(466.72726934299,518.22766451141,
    -18.59726021594));
#1762 = CARTESIAN_POINT('',(466.95475593317,518.0191275185,
    -18.65836726791));
#1763 = CARTESIAN_POINT('',(467.18320475024,517.80970845204,
    -18.71415314588));
#1764 = CARTESIAN_POINT('',(467.40873586614,517.60296404271,
    -18.7635566636));
#1765 = CARTESIAN_POINT('',(467.85620207309,517.19277170059,
    -18.85080894469));
#1766 = CARTESIAN_POINT('',(468.07797146699,516.98947566235,
    -18.88860133045));
#1767 = CARTESIAN_POINT('',(468.29761058664,516.78813244706,
    -18.92070685407));
#1768 = CARTESIAN_POINT('',(468.51483566177,516.58900218628,
    -18.94735964004));
#1769 = CARTESIAN_POINT('',(468.72989283526,516.39185924205,
    -18.96872202257));
#1770 = CARTESIAN_POINT('',(468.94251402774,516.19694936103,
    -18.98495298434));
#1771 = CARTESIAN_POINT('',(469.15199988355,516.00491364458,
    -18.99626656584));
#1772 = CARTESIAN_POINT('',(469.35820438979,515.81588594106,
    -19.0029124709));
#1773 = CARTESIAN_POINT('',(469.56192678684,515.62913358786,
    -19.00511430471));
#1774 = CARTESIAN_POINT('',(469.76372175696,515.44414810703,
    -19.00303760035));
#1775 = CARTESIAN_POINT('',(469.96241904096,515.26200227562,
    -18.99683000375));
#1776 = CARTESIAN_POINT('',(470.35497732024,514.9021440394,
    -18.97652941462));
#1777 = CARTESIAN_POINT('',(470.5487262601,514.72453435583,
    -18.96242500726));
#1778 = CARTESIAN_POINT('',(470.73980572065,514.54937178436,
    -18.94456148026));
#1779 = CARTESIAN_POINT('',(470.92845898637,514.3764333061,
    -18.92307234412));
#1780 = CARTESIAN_POINT('',(471.11493762664,514.20548830722,
    -18.89807219049));
#1781 = CARTESIAN_POINT('',(471.29935523049,514.03643266098,
    -18.86967575509));
#1782 = CARTESIAN_POINT('',(471.48169700955,513.86927992329,
    -18.83800053808));
#1783 = CARTESIAN_POINT('',(471.66191311189,513.70407579424,
    -18.8031600381));
#1784 = CARTESIAN_POINT('',(471.84002350024,513.54080197307,
    -18.76525465872));
#1785 = CARTESIAN_POINT('',(472.01616224149,513.37933556146,
    -18.72436734356));
#1786 = CARTESIAN_POINT('',(472.19048905525,513.21953014387,
    -18.68057099833));
#1787 = CARTESIAN_POINT('',(472.70770980847,512.74539379828,
    -18.54072227379));
#1788 = CARTESIAN_POINT('',(473.04504716553,512.43615658996,
    -18.43620448863));
#1789 = CARTESIAN_POINT('',(473.37528018128,512.13343193309,
    -18.32099070796));
#1790 = CARTESIAN_POINT('',(473.69878297561,511.83687686982,
    -18.19558672328));
#1791 = CARTESIAN_POINT('',(474.01593524973,511.5461433317,
    -18.06040805411));
#1792 = CARTESIAN_POINT('',(474.32712586567,511.26087484377,
    -17.91577319055));
#1793 = CARTESIAN_POINT('',(474.63275645426,510.98070323654,
    -17.76189683683));
#1794 = CARTESIAN_POINT('',(474.93324498817,510.70524534945,
    -17.59888315357));
#1795 = CARTESIAN_POINT('',(475.22902939057,510.43409974186,
    -17.42671900141));
#1796 = CARTESIAN_POINT('',(475.52057111345,510.16684339852,
    -17.2452671834));
#1797 = CARTESIAN_POINT('',(475.80835873754,509.90302843843,
    -17.05425968835));
#1798 = CARTESIAN_POINT('',(476.23518797038,509.51175401369,
    -16.75280655618));
#1799 = CARTESIAN_POINT('',(476.376440408,509.382267882,-16.64999930584)
  );
#1800 = CARTESIAN_POINT('',(476.51836494,509.2521656411,-16.54352539261)
  );
#1801 = CARTESIAN_POINT('',(476.65554755736,509.12641031456,
    -16.43761746342));
#1802 = CARTESIAN_POINT('',(476.79787157047,508.99594186887,
    -16.32461467605));
#1803 = CARTESIAN_POINT('',(476.93697018596,508.86843014692,
    -16.21074071119));
#1804 = CARTESIAN_POINT('',(477.07291677853,508.74380788346,
    -16.09617031377));
#1805 = CARTESIAN_POINT('',(477.21108904502,508.61714534569,
    -15.97679469463));
#1806 = CARTESIAN_POINT('',(477.34698410679,508.49257032083,
    -15.85573807144));
#1807 = CARTESIAN_POINT('',(477.48230313033,508.36852335094,
    -15.73197855108));
#1808 = CARTESIAN_POINT('',(477.61690418703,508.24513454104,
    -15.60541986951));
#1809 = CARTESIAN_POINT('',(477.8845243495,507.99980709618,
    -15.34683277603));
#1810 = CARTESIAN_POINT('',(478.01756619888,507.87784761175,
    -15.21478073551));
#1811 = CARTESIAN_POINT('',(478.14985477866,507.75657865058,
    -15.07991635153));
#1812 = CARTESIAN_POINT('',(478.28140138166,507.63598985758,
    -14.94218349954));
#1813 = CARTESIAN_POINT('',(478.41221363597,507.51607424567,
    -14.80152378022));
#1814 = CARTESIAN_POINT('',(478.54229549648,507.39682818114,
    -14.65787651935));
#1815 = CARTESIAN_POINT('',(478.67164725722,507.27825140425,
    -14.51117876797));
#1816 = CARTESIAN_POINT('',(478.80026553662,507.16034700546,
    -14.36136530219));
#1817 = CARTESIAN_POINT('',(478.92814329201,507.04312144812,
    -14.2083686234));
#1818 = CARTESIAN_POINT('',(479.05526980794,506.92658455056,
    -14.05211895808));
#1819 = CARTESIAN_POINT('',(479.18163070375,506.81074949766,
    -13.89254425791));
#1820 = CARTESIAN_POINT('',(479.55836238174,506.46539950935,
    -13.40362208345));
#1821 = CARTESIAN_POINT('',(479.80660906466,506.23783173597,
    -13.06379680003));
#1822 = CARTESIAN_POINT('',(480.05104060445,506.01376130568,
    -12.71027045005));
#1823 = CARTESIAN_POINT('',(480.2890245058,505.79560142473,
    -12.34662497108));
#1824 = CARTESIAN_POINT('',(480.5287286975,505.57586455652,
    -11.95990355663));
#1825 = CARTESIAN_POINT('',(480.76184439313,505.36216735941,
    -11.56039018575));
#1826 = CARTESIAN_POINT('',(480.9910398888,505.15206381484,
    -11.14274962448));
#1827 = CARTESIAN_POINT('',(481.22008069473,504.94210207033,
    -10.69959222224));
#1828 = CARTESIAN_POINT('',(481.44107515468,504.7395164153,
    -10.23968631287));
#1829 = CARTESIAN_POINT('',(481.6590217944,504.53972469596,
    -9.753519912469));
#1830 = CARTESIAN_POINT('',(481.87012506124,504.34620629828,
    -9.243555076054));
#1831 = CARTESIAN_POINT('',(482.17578179759,504.06601072009,
    -8.439349001975));
#1832 = CARTESIAN_POINT('',(482.2759070706,503.97422586658,
    -8.164520401011));
#1833 = CARTESIAN_POINT('',(482.37420051691,503.88412024904,
    -7.882496872674));
#1834 = CARTESIAN_POINT('',(482.47054935167,503.79579725683,
    -7.592873355206));
#1835 = CARTESIAN_POINT('',(482.56480096938,503.70939678451,
    -7.29527179722));
#1836 = CARTESIAN_POINT('',(482.65676439035,503.62509390156,
    -6.989338212117));
#1837 = CARTESIAN_POINT('',(482.74621170206,503.54309753734,
    -6.674739732404));
#1838 = CARTESIAN_POINT('',(482.83287950739,503.4636491463,
    -6.35116166414));
#1839 = CARTESIAN_POINT('',(482.916470365,503.38702139413,
    -6.018304541248));
#1840 = CARTESIAN_POINT('',(482.99665423734,503.31351682575,
    -5.675881179946));
#1841 = CARTESIAN_POINT('',(483.07306993239,503.2434665461,
    -5.32361373309));
#1842 = CARTESIAN_POINT('',(483.21758316696,503.11099124131,
    -4.598847756045));
#1843 = CARTESIAN_POINT('',(483.2857169641,503.04853297875,
    -4.226029856818));
#1844 = CARTESIAN_POINT('',(483.34829623151,502.99116655458,
    -3.849035640716));
#1845 = CARTESIAN_POINT('',(483.41184289743,502.93291331578,
    -3.427186172946));
#1846 = CARTESIAN_POINT('',(483.45737885647,502.89117049526,
    -3.061790186886));
#1847 = CARTESIAN_POINT('',(483.51323125213,502.83997059506,
    -2.597887431097));
#1848 = CARTESIAN_POINT('',(483.5456179261,502.81028172626,
    -2.214156464652));
#1849 = CARTESIAN_POINT('',(483.58274959343,502.77624312078,
    -1.759473604657));
#1850 = CARTESIAN_POINT('',(483.60560429436,502.75529221294,
    -1.333508822353));
#1851 = CARTESIAN_POINT('',(483.6228489941,502.73948399397,
    -0.890103978917));
#1852 = CARTESIAN_POINT('',(483.63121297545,502.73181673095,
    -0.446389762213));
#1853 = CARTESIAN_POINT('',(483.63121297546,502.73181673095,
    -7.371794641395E-14));
#1854 = VECTOR('',#1855,1.);
#1855 = DIRECTION('',(0.675738043265,0.737141843124,1.195662154688E-16)
  );
#1856 = ( GEOMETRIC_REPRESENTATION_CONTEXT(3) 
GLOBAL_UNCERTAINTY_ASSIGNED_CONTEXT((#1860)) 
GLOBAL_UNIT_ASSIGNED_CONTEXT((#1857,#1858,#1859)) REPRESENTATION_CONTEXT
('Context #1','3D Context with UNIT and UNCERTAINTY') );
#1857 = ( LENGTH_UNIT() NAMED_UNIT(*) SI_UNIT(.MILLI.,.METRE.) );
#1858 = ( NAMED_UNIT(*) PLANE_ANGLE_UNIT() SI_UNIT($,.RADIAN.) );
#1859 = ( NAMED_UNIT(*) SI_UNIT($,.STERADIAN.) SOLID_ANGLE_UNIT() );
#1860 = UNCERTAINTY_MEASURE_WITH_UNIT(LENGTH_MEASURE(5.E-06),#1857,
  'distance_accuracy_value','confusion accuracy');
#1861 = PRODUCT_RELATED_PRODUCT_CATEGORY('part',$,(#7));
#1862 = MECHANICAL_DESIGN_GEOMETRIC_PRESENTATION_REPRESENTATION('',(
    #1863),#1856);
#1863 = STYLED_ITEM('color',(#1864),#15);
#1864 = PRESENTATION_STYLE_ASSIGNMENT((#1865,#1871));
#1865 = SURFACE_STYLE_USAGE(.BOTH.,#1866);
#1866 = SURFACE_SIDE_STYLE('',(#1867));
#1867 = SURFACE_STYLE_FILL_AREA(#1868);
#1868 = FILL_AREA_STYLE('',(#1869));
#1869 = FILL_AREA_STYLE_COLOUR('',#1870);
#1870 = COLOUR_RGB('',0.678431390124,0.709803936702,0.741176476869);
#1871 = CURVE_STYLE('',#1872,POSITIVE_LENGTH_MEASURE(0.1),#1873);
#1872 = DRAUGHTING_PRE_DEFINED_CURVE_FONT('continuous');
#1873 = COLOUR_RGB('',9.803921802644E-02,9.803921802644E-02,
  9.803921802644E-02);
ENDSEC;
END-ISO-10303-21;
