ISO-10303-21;
HEADER;
FILE_DESCRIPTION(('FreeCAD Model'),'2;1');
FILE_NAME('Open CASCADE Shape Model','2026-07-02T22:06:51',(''),(''),
  'Open CASCADE STEP processor 7.8','FreeCAD','Unknown');
FILE_SCHEMA(('AUTOMOTIVE_DESIGN { 1 0 10303 214 1 1 1 1 }'));
ENDSEC;
DATA;
#1 = APPLICATION_PROTOCOL_DEFINITION('international standard',
  'automotive_design',2000,#2);
#2 = APPLICATION_CONTEXT(
  'core data for automotive mechanical design processes');
#3 = SHAPE_DEFINITION_REPRESENTATION(#4,#10);
#4 = PRODUCT_DEFINITION_SHAPE('','',#5);
#5 = PRODUCT_DEFINITION('design','',#6,#9);
#6 = PRODUCT_DEFINITION_FORMATION('','',#7);
#7 = PRODUCT('Rear_Shk_Chn_lnk_2','Rear_Shk_Chn_lnk_2','',(#8));
#8 = PRODUCT_CONTEXT('',#2,'mechanical');
#9 = PRODUCT_DEFINITION_CONTEXT('part definition',#2,'design');
#10 = ADVANCED_BREP_SHAPE_REPRESENTATION('',(#11,#15),#2414);
#11 = AXIS2_PLACEMENT_3D('',#12,#13,#14);
#12 = CARTESIAN_POINT('',(0.,0.,0.));
#13 = DIRECTION('',(0.,0.,1.));
#14 = DIRECTION('',(1.,0.,-0.));
#15 = MANIFOLD_SOLID_BREP('',#16);
#16 = CLOSED_SHELL('',(#17,#132,#163,#187,#564,#588,#613,#637,#943,#960,
    #985,#1010,#1027,#1052,#1070,#1087,#1104,#1121,#1138,#1155,#1172,
    #1189,#1206,#1223,#1240,#1257,#1274,#1291,#1308,#1325,#1389,#1413,
    #1464,#1481,#1498,#1530,#1555,#1580,#1604,#1628,#1653,#1678,#1695,
    #1728,#1753,#1778,#1802,#1827,#1851,#1876,#1893,#1925,#1950,#1975,
    #1999,#2023,#2048,#2073,#2090,#2121,#2146,#2171,#2195,#2219,#2244,
    #2269,#2287,#2304,#2321,#2333,#2350,#2366,#2382,#2398));
#17 = ADVANCED_FACE('',(#18,#116),#127,.T.);
#18 = FACE_BOUND('',#19,.T.);
#19 = EDGE_LOOP('',(#20,#30,#38,#46,#54,#62,#70,#78,#86,#94,#102,#110));
#20 = ORIENTED_EDGE('',*,*,#21,.T.);
#21 = EDGE_CURVE('',#22,#24,#26,.T.);
#22 = VERTEX_POINT('',#23);
#23 = CARTESIAN_POINT('',(14.877868801745,51.545184508324,-26.7945));
#24 = VERTEX_POINT('',#25);
#25 = CARTESIAN_POINT('',(14.877868801745,51.545184508324,-33.7945));
#26 = LINE('',#27,#28);
#27 = CARTESIAN_POINT('',(14.877868801745,51.545184508324,-26.7945));
#28 = VECTOR('',#29,1.);
#29 = DIRECTION('',(0.,1.2E-16,-1.));
#30 = ORIENTED_EDGE('',*,*,#31,.T.);
#31 = EDGE_CURVE('',#24,#32,#34,.T.);
#32 = VERTEX_POINT('',#33);
#33 = CARTESIAN_POINT('',(14.854094658233,52.54490186343,-34.7945));
#34 = LINE('',#35,#36);
#35 = CARTESIAN_POINT('',(14.889605359317,51.051655044793,
    -33.30083100344));
#36 = VECTOR('',#37,1.);
#37 = DIRECTION('',(-1.681085809459E-02,0.706906921065,-0.707106781187)
  );
#38 = ORIENTED_EDGE('',*,*,#39,.F.);
#39 = EDGE_CURVE('',#40,#32,#42,.T.);
#40 = VERTEX_POINT('',#41);
#41 = CARTESIAN_POINT('',(14.735176889889,57.545467153218,-34.7945));
#42 = LINE('',#43,#44);
#43 = CARTESIAN_POINT('',(14.711402746377,58.545184508324,-34.7945));
#44 = VECTOR('',#45,1.);
#45 = DIRECTION('',(2.377414351251E-02,-0.999717355106,0.));
#46 = ORIENTED_EDGE('',*,*,#47,.T.);
#47 = EDGE_CURVE('',#40,#48,#50,.T.);
#48 = VERTEX_POINT('',#49);
#49 = CARTESIAN_POINT('',(14.711402746377,58.545184508324,-33.7945));
#50 = LINE('',#51,#52);
#51 = CARTESIAN_POINT('',(14.69516336455,59.228060500891,-33.11143094145
    ));
#52 = VECTOR('',#53,1.);
#53 = DIRECTION('',(-1.68108580946E-02,0.706906921065,0.707106781187));
#54 = ORIENTED_EDGE('',*,*,#55,.F.);
#55 = EDGE_CURVE('',#56,#48,#58,.T.);
#56 = VERTEX_POINT('',#57);
#57 = CARTESIAN_POINT('',(14.711402746377,58.545184508324,-26.7945));
#58 = LINE('',#59,#60);
#59 = CARTESIAN_POINT('',(14.711402746377,58.545184508324,-26.7945));
#60 = VECTOR('',#61,1.);
#61 = DIRECTION('',(0.,1.2E-16,-1.));
#62 = ORIENTED_EDGE('',*,*,#63,.T.);
#63 = EDGE_CURVE('',#56,#64,#66,.T.);
#64 = VERTEX_POINT('',#65);
#65 = CARTESIAN_POINT('',(14.642942037869,61.423999402425,-26.7945));
#66 = LINE('',#67,#68);
#67 = CARTESIAN_POINT('',(14.946329510253,48.666369614224,-26.7945));
#68 = VECTOR('',#69,1.);
#69 = DIRECTION('',(-2.377414351251E-02,0.999717355106,0.));
#70 = ORIENTED_EDGE('',*,*,#71,.F.);
#71 = EDGE_CURVE('',#72,#64,#74,.T.);
#72 = VERTEX_POINT('',#73);
#73 = CARTESIAN_POINT('',(14.642942037869,61.423999402425,-20.));
#74 = LINE('',#75,#76);
#75 = CARTESIAN_POINT('',(14.642942037869,61.423999402425,-22.032));
#76 = VECTOR('',#77,1.);
#77 = DIRECTION('',(0.,2.4E-16,-1.));
#78 = ORIENTED_EDGE('',*,*,#79,.T.);
#79 = EDGE_CURVE('',#72,#80,#82,.T.);
#80 = VERTEX_POINT('',#81);
#81 = CARTESIAN_POINT('',(14.702080219856,58.937202481599,-20.));
#82 = LINE('',#83,#84);
#83 = CARTESIAN_POINT('',(14.642942037869,61.423999402425,-20.));
#84 = VECTOR('',#85,1.);
#85 = DIRECTION('',(2.377414351251E-02,-0.999717355106,0.));
#86 = ORIENTED_EDGE('',*,*,#87,.F.);
#87 = EDGE_CURVE('',#88,#80,#90,.T.);
#88 = VERTEX_POINT('',#89);
#89 = CARTESIAN_POINT('',(14.702080219856,58.937202481599,-22.032));
#90 = LINE('',#91,#92);
#91 = CARTESIAN_POINT('',(14.702080219856,58.937202481599,-22.032));
#92 = VECTOR('',#93,1.);
#93 = DIRECTION('',(0.,-1.2E-16,1.));
#94 = ORIENTED_EDGE('',*,*,#95,.F.);
#95 = EDGE_CURVE('',#96,#88,#98,.T.);
#96 = VERTEX_POINT('',#97);
#97 = CARTESIAN_POINT('',(14.946329510253,48.666369614224,-22.032));
#98 = LINE('',#99,#100);
#99 = CARTESIAN_POINT('',(14.946329510253,48.666369614224,-22.032));
#100 = VECTOR('',#101,1.);
#101 = DIRECTION('',(-2.377414351251E-02,0.999717355106,0.));
#102 = ORIENTED_EDGE('',*,*,#103,.T.);
#103 = EDGE_CURVE('',#96,#104,#106,.T.);
#104 = VERTEX_POINT('',#105);
#105 = CARTESIAN_POINT('',(14.946329510253,48.666369614224,-26.7945));
#106 = LINE('',#107,#108);
#107 = CARTESIAN_POINT('',(14.946329510253,48.666369614224,-22.032));
#108 = VECTOR('',#109,1.);
#109 = DIRECTION('',(0.,1.2E-16,-1.));
#110 = ORIENTED_EDGE('',*,*,#111,.T.);
#111 = EDGE_CURVE('',#104,#22,#112,.T.);
#112 = LINE('',#113,#114);
#113 = CARTESIAN_POINT('',(14.946329510253,48.666369614224,-26.7945));
#114 = VECTOR('',#115,1.);
#115 = DIRECTION('',(-2.377414351251E-02,0.999717355106,0.));
#116 = FACE_BOUND('',#117,.T.);
#117 = EDGE_LOOP('',(#118));
#118 = ORIENTED_EDGE('',*,*,#119,.F.);
#119 = EDGE_CURVE('',#120,#120,#122,.T.);
#120 = VERTEX_POINT('',#121);
#121 = CARTESIAN_POINT('',(14.842183483137,53.045774101209,-31.2945));
#122 = CIRCLE('',#123,2.);
#123 = AXIS2_PLACEMENT_3D('',#124,#125,#126);
#124 = CARTESIAN_POINT('',(14.794635196112,55.045208811421,-31.2945));
#125 = DIRECTION('',(0.999717355106,2.377414351251E-02,-1.7E-16));
#126 = DIRECTION('',(2.377414351251E-02,-0.999717355106,-7.E-17));
#127 = PLANE('',#128);
#128 = AXIS2_PLACEMENT_3D('',#129,#130,#131);
#129 = CARTESIAN_POINT('',(14.785630125551,55.423877566395,
    -26.94003435298));
#130 = DIRECTION('',(0.999717355106,2.377414351251E-02,2.8E-16));
#131 = DIRECTION('',(2.377414351251E-02,-0.999717355106,0.));
#132 = ADVANCED_FACE('',(#133),#158,.F.);
#133 = FACE_BOUND('',#134,.F.);
#134 = EDGE_LOOP('',(#135,#136,#144,#152));
#135 = ORIENTED_EDGE('',*,*,#21,.T.);
#136 = ORIENTED_EDGE('',*,*,#137,.T.);
#137 = EDGE_CURVE('',#24,#138,#140,.T.);
#138 = VERTEX_POINT('',#139);
#139 = CARTESIAN_POINT('',(10.211380424447,51.434211377954,-33.7945));
#140 = LINE('',#141,#142);
#141 = CARTESIAN_POINT('',(14.877868801745,51.545184508324,-33.7945));
#142 = VECTOR('',#143,1.);
#143 = DIRECTION('',(-0.999717355106,-2.377414351251E-02,-1.E-17));
#144 = ORIENTED_EDGE('',*,*,#145,.F.);
#145 = EDGE_CURVE('',#146,#138,#148,.T.);
#146 = VERTEX_POINT('',#147);
#147 = CARTESIAN_POINT('',(10.211380424447,51.434211377954,-26.7945));
#148 = LINE('',#149,#150);
#149 = CARTESIAN_POINT('',(10.211380424447,51.434211377954,-26.7945));
#150 = VECTOR('',#151,1.);
#151 = DIRECTION('',(0.,1.2E-16,-1.));
#152 = ORIENTED_EDGE('',*,*,#153,.F.);
#153 = EDGE_CURVE('',#22,#146,#154,.T.);
#154 = LINE('',#155,#156);
#155 = CARTESIAN_POINT('',(14.877868801745,51.545184508324,-26.7945));
#156 = VECTOR('',#157,1.);
#157 = DIRECTION('',(-0.999717355106,-2.377414351251E-02,0.));
#158 = PLANE('',#159);
#159 = AXIS2_PLACEMENT_3D('',#160,#161,#162);
#160 = CARTESIAN_POINT('',(14.877868801745,51.545184508324,-26.7945));
#161 = DIRECTION('',(-2.377414351251E-02,0.999717355106,1.2E-16));
#162 = DIRECTION('',(-0.999717355106,-2.377414351251E-02,0.));
#163 = ADVANCED_FACE('',(#164),#182,.T.);
#164 = FACE_BOUND('',#165,.T.);
#165 = EDGE_LOOP('',(#166,#167,#168,#176));
#166 = ORIENTED_EDGE('',*,*,#31,.F.);
#167 = ORIENTED_EDGE('',*,*,#137,.T.);
#168 = ORIENTED_EDGE('',*,*,#169,.T.);
#169 = EDGE_CURVE('',#138,#170,#172,.T.);
#170 = VERTEX_POINT('',#171);
#171 = CARTESIAN_POINT('',(10.187606280935,52.43392873306,-34.7945));
#172 = LINE('',#173,#174);
#173 = CARTESIAN_POINT('',(10.247041639716,49.934635345295,-32.2945));
#174 = VECTOR('',#175,1.);
#175 = DIRECTION('',(-1.68108580946E-02,0.706906921065,-0.707106781187)
  );
#176 = ORIENTED_EDGE('',*,*,#177,.F.);
#177 = EDGE_CURVE('',#32,#170,#178,.T.);
#178 = LINE('',#179,#180);
#179 = CARTESIAN_POINT('',(14.854094658233,52.54490186343,-34.7945));
#180 = VECTOR('',#181,1.);
#181 = DIRECTION('',(-0.999717355106,-2.377414351251E-02,-1.E-17));
#182 = PLANE('',#183);
#183 = AXIS2_PLACEMENT_3D('',#184,#185,#186);
#184 = CARTESIAN_POINT('',(14.865981729989,52.045043185877,-34.2945));
#185 = DIRECTION('',(1.68108580946E-02,-0.706906921065,-0.707106781187)
  );
#186 = DIRECTION('',(-0.999717355106,-2.377414351251E-02,
    -2.081668171172E-17));
#187 = ADVANCED_FACE('',(#188,#399,#410,#481),#559,.F.);
#188 = FACE_BOUND('',#189,.F.);
#189 = EDGE_LOOP('',(#190,#199,#200,#201,#209,#217,#223,#224,#233,#241,
    #249,#257,#265,#273,#282,#291,#299,#308,#316,#324,#332,#341,#349,
    #358,#367,#376,#384,#393));
#190 = ORIENTED_EDGE('',*,*,#191,.F.);
#191 = EDGE_CURVE('',#104,#192,#194,.T.);
#192 = VERTEX_POINT('',#193);
#193 = CARTESIAN_POINT('',(12.16062005672,47.683664175675,-26.7945));
#194 = CIRCLE('',#195,4.762);
#195 = AXIS2_PLACEMENT_3D('',#196,#197,#198);
#196 = CARTESIAN_POINT('',(15.05954198166,43.905715569208,-26.7945));
#197 = DIRECTION('',(0.,0.,1.));
#198 = DIRECTION('',(1.,0.,0.));
#199 = ORIENTED_EDGE('',*,*,#111,.T.);
#200 = ORIENTED_EDGE('',*,*,#153,.T.);
#201 = ORIENTED_EDGE('',*,*,#202,.T.);
#202 = EDGE_CURVE('',#146,#203,#205,.T.);
#203 = VERTEX_POINT('',#204);
#204 = CARTESIAN_POINT('',(10.173352944386,53.03329030031,-26.7945));
#205 = LINE('',#206,#207);
#206 = CARTESIAN_POINT('',(10.211380424447,51.434211377954,-26.7945));
#207 = VECTOR('',#208,1.);
#208 = DIRECTION('',(-2.377414351251E-02,0.999717355106,0.));
#209 = ORIENTED_EDGE('',*,*,#210,.T.);
#210 = EDGE_CURVE('',#203,#211,#213,.T.);
#211 = VERTEX_POINT('',#212);
#212 = CARTESIAN_POINT('',(10.044914369079,58.434211377954,-26.7945));
#213 = LINE('',#214,#215);
#214 = CARTESIAN_POINT('',(10.211380424447,51.434211377954,-26.7945));
#215 = VECTOR('',#216,1.);
#216 = DIRECTION('',(-2.377414351251E-02,0.999717355106,0.));
#217 = ORIENTED_EDGE('',*,*,#218,.T.);
#218 = EDGE_CURVE('',#211,#56,#219,.T.);
#219 = LINE('',#220,#221);
#220 = CARTESIAN_POINT('',(10.044914369079,58.434211377954,-26.7945));
#221 = VECTOR('',#222,1.);
#222 = DIRECTION('',(0.999717355106,2.377414351251E-02,0.));
#223 = ORIENTED_EDGE('',*,*,#63,.T.);
#224 = ORIENTED_EDGE('',*,*,#225,.T.);
#225 = EDGE_CURVE('',#64,#226,#228,.T.);
#226 = VERTEX_POINT('',#227);
#227 = CARTESIAN_POINT('',(15.640668468228,61.531493155901,-26.7945));
#228 = CIRCLE('',#229,6.0125);
#229 = AXIS2_PLACEMENT_3D('',#230,#231,#232);
#230 = CARTESIAN_POINT('',(14.5,67.4348,-26.7945));
#231 = DIRECTION('',(0.,0.,-1.));
#232 = DIRECTION('',(1.,0.,0.));
#233 = ORIENTED_EDGE('',*,*,#234,.T.);
#234 = EDGE_CURVE('',#226,#235,#237,.T.);
#235 = VERTEX_POINT('',#236);
#236 = CARTESIAN_POINT('',(15.711120101483,58.568958651837,-26.7945));
#237 = LINE('',#238,#239);
#238 = CARTESIAN_POINT('',(15.640668468228,61.531493155901,-26.7945));
#239 = VECTOR('',#240,1.);
#240 = DIRECTION('',(2.377414351251E-02,-0.999717355106,0.));
#241 = ORIENTED_EDGE('',*,*,#242,.T.);
#242 = EDGE_CURVE('',#235,#243,#245,.T.);
#243 = VERTEX_POINT('',#244);
#244 = CARTESIAN_POINT('',(19.709989521907,58.664055225887,-26.7945));
#245 = LINE('',#246,#247);
#246 = CARTESIAN_POINT('',(15.711120101483,58.568958651837,-26.7945));
#247 = VECTOR('',#248,1.);
#248 = DIRECTION('',(0.999717355106,2.377414351251E-02,0.));
#249 = ORIENTED_EDGE('',*,*,#250,.T.);
#250 = EDGE_CURVE('',#243,#251,#253,.T.);
#251 = VERTEX_POINT('',#252);
#252 = CARTESIAN_POINT('',(19.876455577275,51.664055225887,-26.7945));
#253 = LINE('',#254,#255);
#254 = CARTESIAN_POINT('',(19.709989521907,58.664055225887,-26.7945));
#255 = VECTOR('',#256,1.);
#256 = DIRECTION('',(2.377414351251E-02,-0.999717355106,0.));
#257 = ORIENTED_EDGE('',*,*,#258,.T.);
#258 = EDGE_CURVE('',#251,#259,#261,.T.);
#259 = VERTEX_POINT('',#260);
#260 = CARTESIAN_POINT('',(15.877586156851,51.568958651837,-26.7945));
#261 = LINE('',#262,#263);
#262 = CARTESIAN_POINT('',(19.876455577275,51.664055225887,-26.7945));
#263 = VECTOR('',#264,1.);
#264 = DIRECTION('',(-0.999717355106,-2.377414351251E-02,0.));
#265 = ORIENTED_EDGE('',*,*,#266,.T.);
#266 = EDGE_CURVE('',#259,#267,#269,.T.);
#267 = VERTEX_POINT('',#268);
#268 = CARTESIAN_POINT('',(15.945413240013,48.716788093201,-26.7945));
#269 = LINE('',#270,#271);
#270 = CARTESIAN_POINT('',(15.640668468228,61.531493155901,-26.7945));
#271 = VECTOR('',#272,1.);
#272 = DIRECTION('',(2.377414351251E-02,-0.999717355106,0.));
#273 = ORIENTED_EDGE('',*,*,#274,.F.);
#274 = EDGE_CURVE('',#275,#267,#277,.T.);
#275 = VERTEX_POINT('',#276);
#276 = CARTESIAN_POINT('',(23.35138011375,83.990954724433,-26.7945));
#277 = CIRCLE('',#278,18.773736686591);
#278 = AXIS2_PLACEMENT_3D('',#279,#280,#281);
#279 = CARTESIAN_POINT('',(14.5,67.4348,-26.7945));
#280 = DIRECTION('',(0.,0.,-1.));
#281 = DIRECTION('',(1.,0.,0.));
#282 = ORIENTED_EDGE('',*,*,#283,.F.);
#283 = EDGE_CURVE('',#284,#275,#286,.T.);
#284 = VERTEX_POINT('',#285);
#285 = CARTESIAN_POINT('',(21.330745518711,86.073968650721,-26.7945));
#286 = CIRCLE('',#287,4.762);
#287 = AXIS2_PLACEMENT_3D('',#288,#289,#290);
#288 = CARTESIAN_POINT('',(25.596552335206,88.190460135312,-26.7945));
#289 = DIRECTION('',(0.,0.,1.));
#290 = DIRECTION('',(1.,0.,0.));
#291 = ORIENTED_EDGE('',*,*,#292,.F.);
#292 = EDGE_CURVE('',#293,#284,#295,.T.);
#293 = VERTEX_POINT('',#294);
#294 = CARTESIAN_POINT('',(18.793479859184,91.187849440921,-26.7945));
#295 = LINE('',#296,#297);
#296 = CARTESIAN_POINT('',(18.793479859184,91.187849440921,-26.7945));
#297 = VECTOR('',#298,1.);
#298 = DIRECTION('',(0.444454322678,-0.895801515434,0.));
#299 = ORIENTED_EDGE('',*,*,#300,.F.);
#300 = EDGE_CURVE('',#301,#293,#303,.T.);
#301 = VERTEX_POINT('',#302);
#302 = CARTESIAN_POINT('',(18.326856767613,92.774481354263,-26.7945));
#303 = CIRCLE('',#304,4.762);
#304 = AXIS2_PLACEMENT_3D('',#305,#306,#307);
#305 = CARTESIAN_POINT('',(23.059286675678,93.304340925512,-26.7945));
#306 = DIRECTION('',(0.,0.,1.));
#307 = DIRECTION('',(1.,0.,0.));
#308 = ORIENTED_EDGE('',*,*,#309,.F.);
#309 = EDGE_CURVE('',#310,#301,#312,.T.);
#310 = VERTEX_POINT('',#311);
#311 = CARTESIAN_POINT('',(17.620303160424,99.085050425288,-26.7945));
#312 = LINE('',#313,#314);
#313 = CARTESIAN_POINT('',(17.620303160424,99.085050425287,-26.7945));
#314 = VECTOR('',#315,1.);
#315 = DIRECTION('',(0.111268284597,-0.993790404886,0.));
#316 = ORIENTED_EDGE('',*,*,#317,.F.);
#317 = EDGE_CURVE('',#318,#310,#320,.T.);
#318 = VERTEX_POINT('',#319);
#319 = CARTESIAN_POINT('',(4.457357619006,97.611280540378,-26.7945));
#320 = LINE('',#321,#322);
#321 = CARTESIAN_POINT('',(4.457357619006,97.611280540378,-26.7945));
#322 = VECTOR('',#323,1.);
#323 = DIRECTION('',(0.993790404886,0.111268284597,0.));
#324 = ORIENTED_EDGE('',*,*,#325,.T.);
#325 = EDGE_CURVE('',#318,#326,#328,.T.);
#326 = VERTEX_POINT('',#327);
#327 = CARTESIAN_POINT('',(5.163911226195,91.300711469354,-26.7945));
#328 = LINE('',#329,#330);
#329 = CARTESIAN_POINT('',(4.457357619006,97.611280540378,-26.7945));
#330 = VECTOR('',#331,1.);
#331 = DIRECTION('',(0.111268284597,-0.993790404886,0.));
#332 = ORIENTED_EDGE('',*,*,#333,.F.);
#333 = EDGE_CURVE('',#334,#326,#336,.T.);
#334 = VERTEX_POINT('',#335);
#335 = CARTESIAN_POINT('',(5.059733427626,89.650170671825,-26.7945));
#336 = CIRCLE('',#337,4.762);
#337 = AXIS2_PLACEMENT_3D('',#338,#339,#340);
#338 = CARTESIAN_POINT('',(0.431481318129,90.770851898105,-26.7945));
#339 = DIRECTION('',(0.,0.,1.));
#340 = DIRECTION('',(1.,0.,0.));
#341 = ORIENTED_EDGE('',*,*,#342,.T.);
#342 = EDGE_CURVE('',#334,#343,#345,.T.);
#343 = VERTEX_POINT('',#344);
#344 = CARTESIAN_POINT('',(3.716252477469,84.101787781292,-26.7945));
#345 = LINE('',#346,#347);
#346 = CARTESIAN_POINT('',(5.059733427626,89.650170671825,-26.7945));
#347 = VECTOR('',#348,1.);
#348 = DIRECTION('',(-0.235338350752,-0.971913504724,0.));
#349 = ORIENTED_EDGE('',*,*,#350,.F.);
#350 = EDGE_CURVE('',#351,#343,#353,.T.);
#351 = VERTEX_POINT('',#352);
#352 = CARTESIAN_POINT('',(2.206319680642,81.623479057012,-26.7945));
#353 = CIRCLE('',#354,4.762);
#354 = AXIS2_PLACEMENT_3D('',#355,#356,#357);
#355 = CARTESIAN_POINT('',(-0.911999632028,85.222469007572,-26.7945));
#356 = DIRECTION('',(0.,0.,1.));
#357 = DIRECTION('',(1.,0.,0.));
#358 = ORIENTED_EDGE('',*,*,#359,.T.);
#359 = EDGE_CURVE('',#351,#360,#362,.T.);
#360 = VERTEX_POINT('',#361);
#361 = CARTESIAN_POINT('',(-1.171651795671,77.771749219799,-26.7945));
#362 = CIRCLE('',#363,18.773736686591);
#363 = AXIS2_PLACEMENT_3D('',#364,#365,#366);
#364 = CARTESIAN_POINT('',(14.5,67.4348,-26.7945));
#365 = DIRECTION('',(0.,0.,1.));
#366 = DIRECTION('',(1.,0.,0.));
#367 = ORIENTED_EDGE('',*,*,#368,.F.);
#368 = EDGE_CURVE('',#369,#360,#371,.T.);
#369 = VERTEX_POINT('',#370);
#370 = CARTESIAN_POINT('',(-1.874628931315,76.934037988978,-26.7945));
#371 = CIRCLE('',#372,4.762);
#372 = AXIS2_PLACEMENT_3D('',#373,#374,#375);
#373 = CARTESIAN_POINT('',(-5.146801074519,80.393739343898,-26.7945));
#374 = DIRECTION('',(0.,0.,1.));
#375 = DIRECTION('',(1.,0.,0.));
#376 = ORIENTED_EDGE('',*,*,#377,.F.);
#377 = EDGE_CURVE('',#378,#369,#380,.T.);
#378 = VERTEX_POINT('',#379);
#379 = CARTESIAN_POINT('',(-47.01963528032,34.23606581577,-26.7945));
#380 = LINE('',#381,#382);
#381 = CARTESIAN_POINT('',(-47.01963528032,34.23606581577,-26.7945));
#382 = VECTOR('',#383,1.);
#383 = DIRECTION('',(0.726522754078,0.687142407225,0.));
#384 = ORIENTED_EDGE('',*,*,#385,.T.);
#385 = EDGE_CURVE('',#378,#386,#388,.T.);
#386 = VERTEX_POINT('',#387);
#387 = CARTESIAN_POINT('',(-30.54519858144,14.91433699088,-26.7945));
#388 = CIRCLE('',#389,12.7127);
#389 = AXIS2_PLACEMENT_3D('',#390,#391,#392);
#390 = CARTESIAN_POINT('',(-38.2842,25.,-26.7945));
#391 = DIRECTION('',(0.,0.,1.));
#392 = DIRECTION('',(1.,0.,0.));
#393 = ORIENTED_EDGE('',*,*,#394,.F.);
#394 = EDGE_CURVE('',#192,#386,#395,.T.);
#395 = LINE('',#396,#397);
#396 = CARTESIAN_POINT('',(12.16062005672,47.683664175675,-26.7945));
#397 = VECTOR('',#398,1.);
#398 = DIRECTION('',(-0.793353340291,-0.608761429009,0.));
#399 = FACE_BOUND('',#400,.F.);
#400 = EDGE_LOOP('',(#401));
#401 = ORIENTED_EDGE('',*,*,#402,.T.);
#402 = EDGE_CURVE('',#403,#403,#405,.T.);
#403 = VERTEX_POINT('',#404);
#404 = CARTESIAN_POINT('',(-28.7465,25.,-26.7945));
#405 = CIRCLE('',#406,9.5377);
#406 = AXIS2_PLACEMENT_3D('',#407,#408,#409);
#407 = CARTESIAN_POINT('',(-38.2842,25.,-26.7945));
#408 = DIRECTION('',(0.,0.,-1.));
#409 = DIRECTION('',(1.,0.,0.));
#410 = FACE_BOUND('',#411,.F.);
#411 = EDGE_LOOP('',(#412,#423,#432,#440,#449,#457,#466,#474));
#412 = ORIENTED_EDGE('',*,*,#413,.T.);
#413 = EDGE_CURVE('',#414,#416,#418,.T.);
#414 = VERTEX_POINT('',#415);
#415 = CARTESIAN_POINT('',(-26.56024929461,29.915457369124,-26.7945));
#416 = VERTEX_POINT('',#417);
#417 = CARTESIAN_POINT('',(-31.57718518479,35.799476540952,-26.7945));
#418 = CIRCLE('',#419,12.7127);
#419 = AXIS2_PLACEMENT_3D('',#420,#421,#422);
#420 = CARTESIAN_POINT('',(-38.2842,25.,-26.7945));
#421 = DIRECTION('',(0.,0.,1.));
#422 = DIRECTION('',(1.,0.,0.));
#423 = ORIENTED_EDGE('',*,*,#424,.F.);
#424 = EDGE_CURVE('',#425,#416,#427,.T.);
#425 = VERTEX_POINT('',#426);
#426 = CARTESIAN_POINT('',(-32.33708296143,43.305299102161,-26.7945));
#427 = CIRCLE('',#428,4.7625);
#428 = AXIS2_PLACEMENT_3D('',#429,#430,#431);
#429 = CARTESIAN_POINT('',(-29.06456724702,39.845234485864,-26.7945));
#430 = DIRECTION('',(0.,0.,1.));
#431 = DIRECTION('',(1.,0.,0.));
#432 = ORIENTED_EDGE('',*,*,#433,.T.);
#433 = EDGE_CURVE('',#425,#434,#436,.T.);
#434 = VERTEX_POINT('',#435);
#435 = CARTESIAN_POINT('',(-22.0828284355,53.003733321446,-26.7945));
#436 = LINE('',#437,#438);
#437 = CARTESIAN_POINT('',(-32.33708296143,43.305299102161,-26.7945));
#438 = VECTOR('',#439,1.);
#439 = DIRECTION('',(0.726522754078,0.687142407225,0.));
#440 = ORIENTED_EDGE('',*,*,#441,.F.);
#441 = EDGE_CURVE('',#442,#434,#444,.T.);
#442 = VERTEX_POINT('',#443);
#443 = CARTESIAN_POINT('',(-14.04781272109,49.543668705148,-26.7945));
#444 = CIRCLE('',#445,4.7625);
#445 = AXIS2_PLACEMENT_3D('',#446,#447,#448);
#446 = CARTESIAN_POINT('',(-18.81031272109,49.543668705148,-26.7945));
#447 = DIRECTION('',(0.,0.,1.));
#448 = DIRECTION('',(1.,0.,0.));
#449 = ORIENTED_EDGE('',*,*,#450,.T.);
#450 = EDGE_CURVE('',#442,#451,#453,.T.);
#451 = VERTEX_POINT('',#452);
#452 = CARTESIAN_POINT('',(-14.04781272109,34.333479165979,-26.7945));
#453 = LINE('',#454,#455);
#454 = CARTESIAN_POINT('',(-14.04781272109,49.543668705148,-26.7945));
#455 = VECTOR('',#456,1.);
#456 = DIRECTION('',(0.,-1.,0.));
#457 = ORIENTED_EDGE('',*,*,#458,.F.);
#458 = EDGE_CURVE('',#459,#451,#461,.T.);
#459 = VERTEX_POINT('',#460);
#460 = CARTESIAN_POINT('',(-15.91108641544,30.555133882842,-26.7945));
#461 = CIRCLE('',#462,4.7625);
#462 = AXIS2_PLACEMENT_3D('',#463,#464,#465);
#463 = CARTESIAN_POINT('',(-18.81031272109,34.333479165979,-26.7945));
#464 = DIRECTION('',(0.,0.,1.));
#465 = DIRECTION('',(1.,0.,0.));
#466 = ORIENTED_EDGE('',*,*,#467,.T.);
#467 = EDGE_CURVE('',#459,#468,#470,.T.);
#468 = VERTEX_POINT('',#469);
#469 = CARTESIAN_POINT('',(-19.26893356386,27.97856714435,-26.7945));
#470 = LINE('',#471,#472);
#471 = CARTESIAN_POINT('',(-15.91108641544,30.555133882842,-26.7945));
#472 = VECTOR('',#473,1.);
#473 = DIRECTION('',(-0.793353340291,-0.608761429009,0.));
#474 = ORIENTED_EDGE('',*,*,#475,.F.);
#475 = EDGE_CURVE('',#414,#468,#476,.T.);
#476 = CIRCLE('',#477,4.7625);
#477 = AXIS2_PLACEMENT_3D('',#478,#479,#480);
#478 = CARTESIAN_POINT('',(-22.16815986951,31.756912427487,-26.7945));
#479 = DIRECTION('',(0.,0.,1.));
#480 = DIRECTION('',(1.,0.,0.));
#481 = FACE_BOUND('',#482,.F.);
#482 = EDGE_LOOP('',(#483,#492,#501,#509,#518,#526,#535,#543,#552));
#483 = ORIENTED_EDGE('',*,*,#484,.F.);
#484 = EDGE_CURVE('',#203,#485,#487,.T.);
#485 = VERTEX_POINT('',#486);
#486 = CARTESIAN_POINT('',(7.939536384136,56.956645420355,-26.7945));
#487 = CIRCLE('',#488,4.7625);
#488 = AXIS2_PLACEMENT_3D('',#489,#490,#491);
#489 = CARTESIAN_POINT('',(5.412199035658,52.920066153576,-26.7945));
#490 = DIRECTION('',(0.,0.,1.));
#491 = DIRECTION('',(1.,0.,0.));
#492 = ORIENTED_EDGE('',*,*,#493,.F.);
#493 = EDGE_CURVE('',#494,#203,#496,.T.);
#494 = VERTEX_POINT('',#495);
#495 = CARTESIAN_POINT('',(8.311425341312,49.141720870439,-26.7945));
#496 = CIRCLE('',#497,4.7625);
#497 = AXIS2_PLACEMENT_3D('',#498,#499,#500);
#498 = CARTESIAN_POINT('',(5.412199035658,52.920066153576,-26.7945));
#499 = DIRECTION('',(0.,0.,1.));
#500 = DIRECTION('',(1.,0.,0.));
#501 = ORIENTED_EDGE('',*,*,#502,.F.);
#502 = EDGE_CURVE('',#503,#494,#505,.T.);
#503 = VERTEX_POINT('',#504);
#504 = CARTESIAN_POINT('',(-2.886086415443,40.549567901268,-26.7945));
#505 = LINE('',#506,#507);
#506 = CARTESIAN_POINT('',(-2.886086415443,40.549567901268,-26.7945));
#507 = VECTOR('',#508,1.);
#508 = DIRECTION('',(0.793353340291,0.608761429009,0.));
#509 = ORIENTED_EDGE('',*,*,#510,.F.);
#510 = EDGE_CURVE('',#511,#503,#513,.T.);
#511 = VERTEX_POINT('',#512);
#512 = CARTESIAN_POINT('',(-10.54781272109,44.327913184405,-26.7945));
#513 = CIRCLE('',#514,4.7625);
#514 = AXIS2_PLACEMENT_3D('',#515,#516,#517);
#515 = CARTESIAN_POINT('',(-5.785312721097,44.327913184405,-26.7945));
#516 = DIRECTION('',(0.,0.,1.));
#517 = DIRECTION('',(1.,0.,0.));
#518 = ORIENTED_EDGE('',*,*,#519,.T.);
#519 = EDGE_CURVE('',#511,#520,#522,.T.);
#520 = VERTEX_POINT('',#521);
#521 = CARTESIAN_POINT('',(-10.54781272109,61.862663263629,-26.7945));
#522 = LINE('',#523,#524);
#523 = CARTESIAN_POINT('',(-10.54781272109,44.327913184405,-26.7945));
#524 = VECTOR('',#525,1.);
#525 = DIRECTION('',(1.E-16,1.,0.));
#526 = ORIENTED_EDGE('',*,*,#527,.F.);
#527 = EDGE_CURVE('',#528,#520,#530,.T.);
#528 = VERTEX_POINT('',#529);
#529 = CARTESIAN_POINT('',(-9.057828435505,65.322727879926,-26.7945));
#530 = CIRCLE('',#531,4.7625);
#531 = AXIS2_PLACEMENT_3D('',#532,#533,#534);
#532 = CARTESIAN_POINT('',(-5.785312721097,61.862663263629,-26.7945));
#533 = DIRECTION('',(0.,0.,1.));
#534 = DIRECTION('',(1.,0.,0.));
#535 = ORIENTED_EDGE('',*,*,#536,.T.);
#536 = EDGE_CURVE('',#528,#537,#539,.T.);
#537 = VERTEX_POINT('',#538);
#538 = CARTESIAN_POINT('',(-5.7255896705,68.474346399208,-26.7945));
#539 = LINE('',#540,#541);
#540 = CARTESIAN_POINT('',(-9.057828435505,65.322727879926,-26.7945));
#541 = VECTOR('',#542,1.);
#542 = DIRECTION('',(0.726522754078,0.687142407225,0.));
#543 = ORIENTED_EDGE('',*,*,#544,.F.);
#544 = EDGE_CURVE('',#545,#537,#547,.T.);
#545 = VERTEX_POINT('',#546);
#546 = CARTESIAN_POINT('',(2.261613034616,65.687433199488,-26.7945));
#547 = CIRCLE('',#548,4.7625);
#548 = AXIS2_PLACEMENT_3D('',#549,#550,#551);
#549 = CARTESIAN_POINT('',(-2.453073956092,65.014281782911,-26.7945));
#550 = DIRECTION('',(0.,0.,1.));
#551 = DIRECTION('',(1.,0.,0.));
#552 = ORIENTED_EDGE('',*,*,#553,.T.);
#553 = EDGE_CURVE('',#545,#485,#554,.T.);
#554 = CIRCLE('',#555,12.3625);
#555 = AXIS2_PLACEMENT_3D('',#556,#557,#558);
#556 = CARTESIAN_POINT('',(14.5,67.4348,-26.7945));
#557 = DIRECTION('',(0.,0.,1.));
#558 = DIRECTION('',(1.,0.,0.));
#559 = PLANE('',#560);
#560 = AXIS2_PLACEMENT_3D('',#561,#562,#563);
#561 = CARTESIAN_POINT('',(-9.013800491208,50.328833036199,-26.7945));
#562 = DIRECTION('',(0.,0.,1.));
#563 = DIRECTION('',(1.,0.,0.));
#564 = ADVANCED_FACE('',(#565),#583,.F.);
#565 = FACE_BOUND('',#566,.F.);
#566 = EDGE_LOOP('',(#567,#575,#576,#577));
#567 = ORIENTED_EDGE('',*,*,#568,.F.);
#568 = EDGE_CURVE('',#170,#569,#571,.T.);
#569 = VERTEX_POINT('',#570);
#570 = CARTESIAN_POINT('',(10.068688512592,57.434494022848,-34.7945));
#571 = LINE('',#572,#573);
#572 = CARTESIAN_POINT('',(10.211380424447,51.434211377954,-34.7945));
#573 = VECTOR('',#574,1.);
#574 = DIRECTION('',(-2.377414351251E-02,0.999717355106,0.));
#575 = ORIENTED_EDGE('',*,*,#177,.F.);
#576 = ORIENTED_EDGE('',*,*,#39,.F.);
#577 = ORIENTED_EDGE('',*,*,#578,.F.);
#578 = EDGE_CURVE('',#569,#40,#579,.T.);
#579 = LINE('',#580,#581);
#580 = CARTESIAN_POINT('',(10.068688512592,57.434494022848,-34.7945));
#581 = VECTOR('',#582,1.);
#582 = DIRECTION('',(0.999717355106,2.377414351251E-02,1.E-17));
#583 = PLANE('',#584);
#584 = AXIS2_PLACEMENT_3D('',#585,#586,#587);
#585 = CARTESIAN_POINT('',(15.049055571076,55.051234831184,-34.7945));
#586 = DIRECTION('',(0.,0.,1.));
#587 = DIRECTION('',(1.,0.,0.));
#588 = ADVANCED_FACE('',(#589),#608,.F.);
#589 = FACE_BOUND('',#590,.F.);
#590 = EDGE_LOOP('',(#591,#592,#593,#601));
#591 = ORIENTED_EDGE('',*,*,#103,.T.);
#592 = ORIENTED_EDGE('',*,*,#191,.T.);
#593 = ORIENTED_EDGE('',*,*,#594,.F.);
#594 = EDGE_CURVE('',#595,#192,#597,.T.);
#595 = VERTEX_POINT('',#596);
#596 = CARTESIAN_POINT('',(12.16062005672,47.683664175675,-22.032));
#597 = LINE('',#598,#599);
#598 = CARTESIAN_POINT('',(12.16062005672,47.683664175675,-22.032));
#599 = VECTOR('',#600,1.);
#600 = DIRECTION('',(0.,1.2E-16,-1.));
#601 = ORIENTED_EDGE('',*,*,#602,.F.);
#602 = EDGE_CURVE('',#96,#595,#603,.T.);
#603 = CIRCLE('',#604,4.762);
#604 = AXIS2_PLACEMENT_3D('',#605,#606,#607);
#605 = CARTESIAN_POINT('',(15.05954198166,43.905715569208,-22.032));
#606 = DIRECTION('',(0.,0.,1.));
#607 = DIRECTION('',(1.,0.,0.));
#608 = CYLINDRICAL_SURFACE('',#609,4.762);
#609 = AXIS2_PLACEMENT_3D('',#610,#611,#612);
#610 = CARTESIAN_POINT('',(15.05954198166,43.905715569208,-22.032));
#611 = DIRECTION('',(0.,-1.2E-16,1.));
#612 = DIRECTION('',(1.,0.,0.));
#613 = ADVANCED_FACE('',(#614),#632,.T.);
#614 = FACE_BOUND('',#615,.F.);
#615 = EDGE_LOOP('',(#616,#624,#625,#626));
#616 = ORIENTED_EDGE('',*,*,#617,.F.);
#617 = EDGE_CURVE('',#569,#618,#620,.T.);
#618 = VERTEX_POINT('',#619);
#619 = CARTESIAN_POINT('',(10.044914369079,58.434211377954,-33.7945));
#620 = LINE('',#621,#622);
#621 = CARTESIAN_POINT('',(10.050869667653,58.183787410613,
    -34.0449947684));
#622 = VECTOR('',#623,1.);
#623 = DIRECTION('',(-1.68108580946E-02,0.706906921065,0.707106781187));
#624 = ORIENTED_EDGE('',*,*,#578,.T.);
#625 = ORIENTED_EDGE('',*,*,#47,.T.);
#626 = ORIENTED_EDGE('',*,*,#627,.F.);
#627 = EDGE_CURVE('',#618,#48,#628,.T.);
#628 = LINE('',#629,#630);
#629 = CARTESIAN_POINT('',(10.044914369079,58.434211377954,-33.7945));
#630 = VECTOR('',#631,1.);
#631 = DIRECTION('',(0.999717355106,2.377414351251E-02,1.E-17));
#632 = PLANE('',#633);
#633 = AXIS2_PLACEMENT_3D('',#634,#635,#636);
#634 = CARTESIAN_POINT('',(10.056801440836,57.934352700401,-34.2945));
#635 = DIRECTION('',(-1.68108580946E-02,0.706906921065,-0.707106781187)
  );
#636 = DIRECTION('',(-0.999717355106,-2.377414351251E-02,-0.));
#637 = ADVANCED_FACE('',(#638,#785,#796,#867),#938,.T.);
#638 = FACE_BOUND('',#639,.T.);
#639 = EDGE_LOOP('',(#640,#641,#642,#651,#659,#668,#677,#685,#694,#702,
    #710,#718,#727,#735,#744,#753,#762,#770,#779));
#640 = ORIENTED_EDGE('',*,*,#602,.F.);
#641 = ORIENTED_EDGE('',*,*,#95,.T.);
#642 = ORIENTED_EDGE('',*,*,#643,.F.);
#643 = EDGE_CURVE('',#644,#88,#646,.T.);
#644 = VERTEX_POINT('',#645);
#645 = CARTESIAN_POINT('',(15.700394223124,59.019988432942,-22.032));
#646 = CIRCLE('',#647,8.5);
#647 = AXIS2_PLACEMENT_3D('',#648,#649,#650);
#648 = CARTESIAN_POINT('',(14.5,67.4348,-22.032));
#649 = DIRECTION('',(0.,0.,1.));
#650 = DIRECTION('',(1.,0.,0.));
#651 = ORIENTED_EDGE('',*,*,#652,.T.);
#652 = EDGE_CURVE('',#644,#653,#655,.T.);
#653 = VERTEX_POINT('',#654);
#654 = CARTESIAN_POINT('',(15.945413240013,48.716788093201,-22.032));
#655 = LINE('',#656,#657);
#656 = CARTESIAN_POINT('',(15.640668468228,61.531493155901,-22.032));
#657 = VECTOR('',#658,1.);
#658 = DIRECTION('',(2.377414351251E-02,-0.999717355106,0.));
#659 = ORIENTED_EDGE('',*,*,#660,.F.);
#660 = EDGE_CURVE('',#661,#653,#663,.T.);
#661 = VERTEX_POINT('',#662);
#662 = CARTESIAN_POINT('',(23.35138011375,83.990954724433,-22.032));
#663 = CIRCLE('',#664,18.773736686591);
#664 = AXIS2_PLACEMENT_3D('',#665,#666,#667);
#665 = CARTESIAN_POINT('',(14.5,67.4348,-22.032));
#666 = DIRECTION('',(0.,0.,-1.));
#667 = DIRECTION('',(1.,0.,0.));
#668 = ORIENTED_EDGE('',*,*,#669,.F.);
#669 = EDGE_CURVE('',#670,#661,#672,.T.);
#670 = VERTEX_POINT('',#671);
#671 = CARTESIAN_POINT('',(21.330745518711,86.073968650721,-22.032));
#672 = CIRCLE('',#673,4.762);
#673 = AXIS2_PLACEMENT_3D('',#674,#675,#676);
#674 = CARTESIAN_POINT('',(25.596552335206,88.190460135312,-22.032));
#675 = DIRECTION('',(0.,0.,1.));
#676 = DIRECTION('',(1.,0.,0.));
#677 = ORIENTED_EDGE('',*,*,#678,.F.);
#678 = EDGE_CURVE('',#679,#670,#681,.T.);
#679 = VERTEX_POINT('',#680);
#680 = CARTESIAN_POINT('',(18.793479859184,91.187849440921,-22.032));
#681 = LINE('',#682,#683);
#682 = CARTESIAN_POINT('',(18.793479859184,91.187849440921,-22.032));
#683 = VECTOR('',#684,1.);
#684 = DIRECTION('',(0.444454322678,-0.895801515434,0.));
#685 = ORIENTED_EDGE('',*,*,#686,.F.);
#686 = EDGE_CURVE('',#687,#679,#689,.T.);
#687 = VERTEX_POINT('',#688);
#688 = CARTESIAN_POINT('',(18.326856767613,92.774481354263,-22.032));
#689 = CIRCLE('',#690,4.762);
#690 = AXIS2_PLACEMENT_3D('',#691,#692,#693);
#691 = CARTESIAN_POINT('',(23.059286675678,93.304340925512,-22.032));
#692 = DIRECTION('',(0.,0.,1.));
#693 = DIRECTION('',(1.,0.,0.));
#694 = ORIENTED_EDGE('',*,*,#695,.F.);
#695 = EDGE_CURVE('',#696,#687,#698,.T.);
#696 = VERTEX_POINT('',#697);
#697 = CARTESIAN_POINT('',(17.620303160424,99.085050425288,-22.032));
#698 = LINE('',#699,#700);
#699 = CARTESIAN_POINT('',(17.620303160424,99.085050425287,-22.032));
#700 = VECTOR('',#701,1.);
#701 = DIRECTION('',(0.111268284597,-0.993790404886,0.));
#702 = ORIENTED_EDGE('',*,*,#703,.F.);
#703 = EDGE_CURVE('',#704,#696,#706,.T.);
#704 = VERTEX_POINT('',#705);
#705 = CARTESIAN_POINT('',(4.457357619006,97.611280540378,-22.032));
#706 = LINE('',#707,#708);
#707 = CARTESIAN_POINT('',(4.457357619006,97.611280540378,-22.032));
#708 = VECTOR('',#709,1.);
#709 = DIRECTION('',(0.993790404886,0.111268284597,0.));
#710 = ORIENTED_EDGE('',*,*,#711,.T.);
#711 = EDGE_CURVE('',#704,#712,#714,.T.);
#712 = VERTEX_POINT('',#713);
#713 = CARTESIAN_POINT('',(5.163911226195,91.300711469354,-22.032));
#714 = LINE('',#715,#716);
#715 = CARTESIAN_POINT('',(4.457357619006,97.611280540378,-22.032));
#716 = VECTOR('',#717,1.);
#717 = DIRECTION('',(0.111268284597,-0.993790404886,0.));
#718 = ORIENTED_EDGE('',*,*,#719,.F.);
#719 = EDGE_CURVE('',#720,#712,#722,.T.);
#720 = VERTEX_POINT('',#721);
#721 = CARTESIAN_POINT('',(5.059733427626,89.650170671825,-22.032));
#722 = CIRCLE('',#723,4.762);
#723 = AXIS2_PLACEMENT_3D('',#724,#725,#726);
#724 = CARTESIAN_POINT('',(0.431481318129,90.770851898105,-22.032));
#725 = DIRECTION('',(0.,0.,1.));
#726 = DIRECTION('',(1.,0.,0.));
#727 = ORIENTED_EDGE('',*,*,#728,.T.);
#728 = EDGE_CURVE('',#720,#729,#731,.T.);
#729 = VERTEX_POINT('',#730);
#730 = CARTESIAN_POINT('',(3.716252477469,84.101787781292,-22.032));
#731 = LINE('',#732,#733);
#732 = CARTESIAN_POINT('',(5.059733427626,89.650170671825,-22.032));
#733 = VECTOR('',#734,1.);
#734 = DIRECTION('',(-0.235338350752,-0.971913504724,0.));
#735 = ORIENTED_EDGE('',*,*,#736,.F.);
#736 = EDGE_CURVE('',#737,#729,#739,.T.);
#737 = VERTEX_POINT('',#738);
#738 = CARTESIAN_POINT('',(2.206319680642,81.623479057012,-22.032));
#739 = CIRCLE('',#740,4.762);
#740 = AXIS2_PLACEMENT_3D('',#741,#742,#743);
#741 = CARTESIAN_POINT('',(-0.911999632028,85.222469007572,-22.032));
#742 = DIRECTION('',(0.,0.,1.));
#743 = DIRECTION('',(1.,0.,0.));
#744 = ORIENTED_EDGE('',*,*,#745,.T.);
#745 = EDGE_CURVE('',#737,#746,#748,.T.);
#746 = VERTEX_POINT('',#747);
#747 = CARTESIAN_POINT('',(-1.171651795671,77.771749219799,-22.032));
#748 = CIRCLE('',#749,18.773736686591);
#749 = AXIS2_PLACEMENT_3D('',#750,#751,#752);
#750 = CARTESIAN_POINT('',(14.5,67.4348,-22.032));
#751 = DIRECTION('',(0.,0.,1.));
#752 = DIRECTION('',(1.,0.,0.));
#753 = ORIENTED_EDGE('',*,*,#754,.F.);
#754 = EDGE_CURVE('',#755,#746,#757,.T.);
#755 = VERTEX_POINT('',#756);
#756 = CARTESIAN_POINT('',(-1.874628931315,76.934037988978,-22.032));
#757 = CIRCLE('',#758,4.762);
#758 = AXIS2_PLACEMENT_3D('',#759,#760,#761);
#759 = CARTESIAN_POINT('',(-5.146801074519,80.393739343898,-22.032));
#760 = DIRECTION('',(0.,0.,1.));
#761 = DIRECTION('',(1.,0.,0.));
#762 = ORIENTED_EDGE('',*,*,#763,.F.);
#763 = EDGE_CURVE('',#764,#755,#766,.T.);
#764 = VERTEX_POINT('',#765);
#765 = CARTESIAN_POINT('',(-47.01963528032,34.23606581577,-22.032));
#766 = LINE('',#767,#768);
#767 = CARTESIAN_POINT('',(-47.01963528032,34.23606581577,-22.032));
#768 = VECTOR('',#769,1.);
#769 = DIRECTION('',(0.726522754078,0.687142407225,0.));
#770 = ORIENTED_EDGE('',*,*,#771,.T.);
#771 = EDGE_CURVE('',#764,#772,#774,.T.);
#772 = VERTEX_POINT('',#773);
#773 = CARTESIAN_POINT('',(-30.54519858144,14.91433699088,-22.032));
#774 = CIRCLE('',#775,12.7127);
#775 = AXIS2_PLACEMENT_3D('',#776,#777,#778);
#776 = CARTESIAN_POINT('',(-38.2842,25.,-22.032));
#777 = DIRECTION('',(0.,0.,1.));
#778 = DIRECTION('',(1.,0.,0.));
#779 = ORIENTED_EDGE('',*,*,#780,.F.);
#780 = EDGE_CURVE('',#595,#772,#781,.T.);
#781 = LINE('',#782,#783);
#782 = CARTESIAN_POINT('',(12.16062005672,47.683664175675,-22.032));
#783 = VECTOR('',#784,1.);
#784 = DIRECTION('',(-0.793353340291,-0.608761429009,0.));
#785 = FACE_BOUND('',#786,.T.);
#786 = EDGE_LOOP('',(#787));
#787 = ORIENTED_EDGE('',*,*,#788,.T.);
#788 = EDGE_CURVE('',#789,#789,#791,.T.);
#789 = VERTEX_POINT('',#790);
#790 = CARTESIAN_POINT('',(-28.7465,25.,-22.032));
#791 = CIRCLE('',#792,9.5377);
#792 = AXIS2_PLACEMENT_3D('',#793,#794,#795);
#793 = CARTESIAN_POINT('',(-38.2842,25.,-22.032));
#794 = DIRECTION('',(0.,0.,-1.));
#795 = DIRECTION('',(1.,0.,0.));
#796 = FACE_BOUND('',#797,.T.);
#797 = EDGE_LOOP('',(#798,#809,#818,#826,#835,#843,#852,#860));
#798 = ORIENTED_EDGE('',*,*,#799,.T.);
#799 = EDGE_CURVE('',#800,#802,#804,.T.);
#800 = VERTEX_POINT('',#801);
#801 = CARTESIAN_POINT('',(-26.56024929461,29.915457369124,-22.032));
#802 = VERTEX_POINT('',#803);
#803 = CARTESIAN_POINT('',(-31.57718518479,35.799476540952,-22.032));
#804 = CIRCLE('',#805,12.7127);
#805 = AXIS2_PLACEMENT_3D('',#806,#807,#808);
#806 = CARTESIAN_POINT('',(-38.2842,25.,-22.032));
#807 = DIRECTION('',(0.,0.,1.));
#808 = DIRECTION('',(1.,0.,0.));
#809 = ORIENTED_EDGE('',*,*,#810,.F.);
#810 = EDGE_CURVE('',#811,#802,#813,.T.);
#811 = VERTEX_POINT('',#812);
#812 = CARTESIAN_POINT('',(-32.33708296143,43.305299102161,-22.032));
#813 = CIRCLE('',#814,4.7625);
#814 = AXIS2_PLACEMENT_3D('',#815,#816,#817);
#815 = CARTESIAN_POINT('',(-29.06456724702,39.845234485864,-22.032));
#816 = DIRECTION('',(0.,0.,1.));
#817 = DIRECTION('',(1.,0.,0.));
#818 = ORIENTED_EDGE('',*,*,#819,.T.);
#819 = EDGE_CURVE('',#811,#820,#822,.T.);
#820 = VERTEX_POINT('',#821);
#821 = CARTESIAN_POINT('',(-22.0828284355,53.003733321446,-22.032));
#822 = LINE('',#823,#824);
#823 = CARTESIAN_POINT('',(-32.33708296143,43.305299102161,-22.032));
#824 = VECTOR('',#825,1.);
#825 = DIRECTION('',(0.726522754078,0.687142407225,0.));
#826 = ORIENTED_EDGE('',*,*,#827,.F.);
#827 = EDGE_CURVE('',#828,#820,#830,.T.);
#828 = VERTEX_POINT('',#829);
#829 = CARTESIAN_POINT('',(-14.04781272109,49.543668705148,-22.032));
#830 = CIRCLE('',#831,4.7625);
#831 = AXIS2_PLACEMENT_3D('',#832,#833,#834);
#832 = CARTESIAN_POINT('',(-18.81031272109,49.543668705148,-22.032));
#833 = DIRECTION('',(0.,0.,1.));
#834 = DIRECTION('',(1.,0.,0.));
#835 = ORIENTED_EDGE('',*,*,#836,.T.);
#836 = EDGE_CURVE('',#828,#837,#839,.T.);
#837 = VERTEX_POINT('',#838);
#838 = CARTESIAN_POINT('',(-14.04781272109,34.333479165979,-22.032));
#839 = LINE('',#840,#841);
#840 = CARTESIAN_POINT('',(-14.04781272109,49.543668705148,-22.032));
#841 = VECTOR('',#842,1.);
#842 = DIRECTION('',(0.,-1.,0.));
#843 = ORIENTED_EDGE('',*,*,#844,.F.);
#844 = EDGE_CURVE('',#845,#837,#847,.T.);
#845 = VERTEX_POINT('',#846);
#846 = CARTESIAN_POINT('',(-15.91108641544,30.555133882842,-22.032));
#847 = CIRCLE('',#848,4.7625);
#848 = AXIS2_PLACEMENT_3D('',#849,#850,#851);
#849 = CARTESIAN_POINT('',(-18.81031272109,34.333479165979,-22.032));
#850 = DIRECTION('',(0.,0.,1.));
#851 = DIRECTION('',(1.,0.,0.));
#852 = ORIENTED_EDGE('',*,*,#853,.T.);
#853 = EDGE_CURVE('',#845,#854,#856,.T.);
#854 = VERTEX_POINT('',#855);
#855 = CARTESIAN_POINT('',(-19.26893356386,27.97856714435,-22.032));
#856 = LINE('',#857,#858);
#857 = CARTESIAN_POINT('',(-15.91108641544,30.555133882842,-22.032));
#858 = VECTOR('',#859,1.);
#859 = DIRECTION('',(-0.793353340291,-0.608761429009,0.));
#860 = ORIENTED_EDGE('',*,*,#861,.F.);
#861 = EDGE_CURVE('',#800,#854,#862,.T.);
#862 = CIRCLE('',#863,4.7625);
#863 = AXIS2_PLACEMENT_3D('',#864,#865,#866);
#864 = CARTESIAN_POINT('',(-22.16815986951,31.756912427487,-22.032));
#865 = DIRECTION('',(0.,0.,1.));
#866 = DIRECTION('',(1.,0.,0.));
#867 = FACE_BOUND('',#868,.T.);
#868 = EDGE_LOOP('',(#869,#879,#888,#896,#905,#914,#923,#931));
#869 = ORIENTED_EDGE('',*,*,#870,.T.);
#870 = EDGE_CURVE('',#871,#873,#875,.T.);
#871 = VERTEX_POINT('',#872);
#872 = CARTESIAN_POINT('',(-10.54781272109,44.327913184405,-22.032));
#873 = VERTEX_POINT('',#874);
#874 = CARTESIAN_POINT('',(-10.54781272109,61.862663263629,-22.032));
#875 = LINE('',#876,#877);
#876 = CARTESIAN_POINT('',(-10.54781272109,44.327913184405,-22.032));
#877 = VECTOR('',#878,1.);
#878 = DIRECTION('',(1.E-16,1.,0.));
#879 = ORIENTED_EDGE('',*,*,#880,.F.);
#880 = EDGE_CURVE('',#881,#873,#883,.T.);
#881 = VERTEX_POINT('',#882);
#882 = CARTESIAN_POINT('',(-9.057828435505,65.322727879926,-22.032));
#883 = CIRCLE('',#884,4.7625);
#884 = AXIS2_PLACEMENT_3D('',#885,#886,#887);
#885 = CARTESIAN_POINT('',(-5.785312721097,61.862663263629,-22.032));
#886 = DIRECTION('',(0.,0.,1.));
#887 = DIRECTION('',(1.,0.,0.));
#888 = ORIENTED_EDGE('',*,*,#889,.T.);
#889 = EDGE_CURVE('',#881,#890,#892,.T.);
#890 = VERTEX_POINT('',#891);
#891 = CARTESIAN_POINT('',(-5.7255896705,68.474346399208,-22.032));
#892 = LINE('',#893,#894);
#893 = CARTESIAN_POINT('',(-9.057828435505,65.322727879926,-22.032));
#894 = VECTOR('',#895,1.);
#895 = DIRECTION('',(0.726522754078,0.687142407225,0.));
#896 = ORIENTED_EDGE('',*,*,#897,.F.);
#897 = EDGE_CURVE('',#898,#890,#900,.T.);
#898 = VERTEX_POINT('',#899);
#899 = CARTESIAN_POINT('',(2.261613034616,65.687433199488,-22.032));
#900 = CIRCLE('',#901,4.7625);
#901 = AXIS2_PLACEMENT_3D('',#902,#903,#904);
#902 = CARTESIAN_POINT('',(-2.453073956092,65.014281782911,-22.032));
#903 = DIRECTION('',(0.,0.,1.));
#904 = DIRECTION('',(1.,0.,0.));
#905 = ORIENTED_EDGE('',*,*,#906,.T.);
#906 = EDGE_CURVE('',#898,#907,#909,.T.);
#907 = VERTEX_POINT('',#908);
#908 = CARTESIAN_POINT('',(7.939536384136,56.956645420355,-22.032));
#909 = CIRCLE('',#910,12.3625);
#910 = AXIS2_PLACEMENT_3D('',#911,#912,#913);
#911 = CARTESIAN_POINT('',(14.5,67.4348,-22.032));
#912 = DIRECTION('',(0.,0.,1.));
#913 = DIRECTION('',(1.,0.,0.));
#914 = ORIENTED_EDGE('',*,*,#915,.F.);
#915 = EDGE_CURVE('',#916,#907,#918,.T.);
#916 = VERTEX_POINT('',#917);
#917 = CARTESIAN_POINT('',(8.311425341312,49.141720870439,-22.032));
#918 = CIRCLE('',#919,4.7625);
#919 = AXIS2_PLACEMENT_3D('',#920,#921,#922);
#920 = CARTESIAN_POINT('',(5.412199035658,52.920066153576,-22.032));
#921 = DIRECTION('',(0.,0.,1.));
#922 = DIRECTION('',(1.,0.,0.));
#923 = ORIENTED_EDGE('',*,*,#924,.F.);
#924 = EDGE_CURVE('',#925,#916,#927,.T.);
#925 = VERTEX_POINT('',#926);
#926 = CARTESIAN_POINT('',(-2.886086415443,40.549567901268,-22.032));
#927 = LINE('',#928,#929);
#928 = CARTESIAN_POINT('',(-2.886086415443,40.549567901268,-22.032));
#929 = VECTOR('',#930,1.);
#930 = DIRECTION('',(0.793353340291,0.608761429009,0.));
#931 = ORIENTED_EDGE('',*,*,#932,.F.);
#932 = EDGE_CURVE('',#871,#925,#933,.T.);
#933 = CIRCLE('',#934,4.7625);
#934 = AXIS2_PLACEMENT_3D('',#935,#936,#937);
#935 = CARTESIAN_POINT('',(-5.785312721097,44.327913184405,-22.032));
#936 = DIRECTION('',(0.,0.,1.));
#937 = DIRECTION('',(1.,0.,0.));
#938 = PLANE('',#939);
#939 = AXIS2_PLACEMENT_3D('',#940,#941,#942);
#940 = CARTESIAN_POINT('',(-9.013800491208,50.328833036199,-22.032));
#941 = DIRECTION('',(0.,0.,1.));
#942 = DIRECTION('',(1.,0.,0.));
#943 = ADVANCED_FACE('',(#944),#955,.F.);
#944 = FACE_BOUND('',#945,.F.);
#945 = EDGE_LOOP('',(#946,#952,#953,#954));
#946 = ORIENTED_EDGE('',*,*,#947,.T.);
#947 = EDGE_CURVE('',#211,#618,#948,.T.);
#948 = LINE('',#949,#950);
#949 = CARTESIAN_POINT('',(10.044914369079,58.434211377954,-26.7945));
#950 = VECTOR('',#951,1.);
#951 = DIRECTION('',(0.,1.2E-16,-1.));
#952 = ORIENTED_EDGE('',*,*,#627,.T.);
#953 = ORIENTED_EDGE('',*,*,#55,.F.);
#954 = ORIENTED_EDGE('',*,*,#218,.F.);
#955 = PLANE('',#956);
#956 = AXIS2_PLACEMENT_3D('',#957,#958,#959);
#957 = CARTESIAN_POINT('',(10.044914369079,58.434211377954,-26.7945));
#958 = DIRECTION('',(2.377414351251E-02,-0.999717355106,-1.2E-16));
#959 = DIRECTION('',(0.999717355106,2.377414351251E-02,0.));
#960 = ADVANCED_FACE('',(#961),#980,.T.);
#961 = FACE_BOUND('',#962,.F.);
#962 = EDGE_LOOP('',(#963,#971,#978,#979));
#963 = ORIENTED_EDGE('',*,*,#964,.T.);
#964 = EDGE_CURVE('',#644,#965,#967,.T.);
#965 = VERTEX_POINT('',#966);
#966 = CARTESIAN_POINT('',(15.700394223124,59.019988432942,-20.));
#967 = LINE('',#968,#969);
#968 = CARTESIAN_POINT('',(15.700394223124,59.019988432942,-22.032));
#969 = VECTOR('',#970,1.);
#970 = DIRECTION('',(0.,-1.2E-16,1.));
#971 = ORIENTED_EDGE('',*,*,#972,.T.);
#972 = EDGE_CURVE('',#965,#80,#973,.T.);
#973 = CIRCLE('',#974,8.5);
#974 = AXIS2_PLACEMENT_3D('',#975,#976,#977);
#975 = CARTESIAN_POINT('',(14.5,67.4348,-20.));
#976 = DIRECTION('',(0.,0.,1.));
#977 = DIRECTION('',(1.,0.,0.));
#978 = ORIENTED_EDGE('',*,*,#87,.F.);
#979 = ORIENTED_EDGE('',*,*,#643,.F.);
#980 = CYLINDRICAL_SURFACE('',#981,8.5);
#981 = AXIS2_PLACEMENT_3D('',#982,#983,#984);
#982 = CARTESIAN_POINT('',(14.5,67.4348,-22.032));
#983 = DIRECTION('',(0.,1.2E-16,-1.));
#984 = DIRECTION('',(1.,0.,0.));
#985 = ADVANCED_FACE('',(#986),#1005,.T.);
#986 = FACE_BOUND('',#987,.F.);
#987 = EDGE_LOOP('',(#988,#996,#1003,#1004));
#988 = ORIENTED_EDGE('',*,*,#989,.T.);
#989 = EDGE_CURVE('',#965,#990,#992,.T.);
#990 = VERTEX_POINT('',#991);
#991 = CARTESIAN_POINT('',(15.640668468226,61.5314931559,-20.));
#992 = LINE('',#993,#994);
#993 = CARTESIAN_POINT('',(15.700394223124,59.019988432942,-20.));
#994 = VECTOR('',#995,1.);
#995 = DIRECTION('',(-2.377414351331E-02,0.999717355106,-0.));
#996 = ORIENTED_EDGE('',*,*,#997,.T.);
#997 = EDGE_CURVE('',#990,#72,#998,.T.);
#998 = CIRCLE('',#999,6.0125);
#999 = AXIS2_PLACEMENT_3D('',#1000,#1001,#1002);
#1000 = CARTESIAN_POINT('',(14.5,67.4348,-20.));
#1001 = DIRECTION('',(0.,0.,1.));
#1002 = DIRECTION('',(1.,0.,0.));
#1003 = ORIENTED_EDGE('',*,*,#79,.T.);
#1004 = ORIENTED_EDGE('',*,*,#972,.F.);
#1005 = PLANE('',#1006);
#1006 = AXIS2_PLACEMENT_3D('',#1007,#1008,#1009);
#1007 = CARTESIAN_POINT('',(14.533600694247,67.075782246863,-20.));
#1008 = DIRECTION('',(0.,0.,1.));
#1009 = DIRECTION('',(1.,0.,0.));
#1010 = ADVANCED_FACE('',(#1011),#1022,.F.);
#1011 = FACE_BOUND('',#1012,.T.);
#1012 = EDGE_LOOP('',(#1013,#1014,#1015,#1016));
#1013 = ORIENTED_EDGE('',*,*,#997,.T.);
#1014 = ORIENTED_EDGE('',*,*,#71,.T.);
#1015 = ORIENTED_EDGE('',*,*,#225,.T.);
#1016 = ORIENTED_EDGE('',*,*,#1017,.T.);
#1017 = EDGE_CURVE('',#226,#990,#1018,.T.);
#1018 = LINE('',#1019,#1020);
#1019 = CARTESIAN_POINT('',(15.640668468226,61.5314931559,-22.032));
#1020 = VECTOR('',#1021,1.);
#1021 = DIRECTION('',(0.,-1.2E-16,1.));
#1022 = CYLINDRICAL_SURFACE('',#1023,6.0125);
#1023 = AXIS2_PLACEMENT_3D('',#1024,#1025,#1026);
#1024 = CARTESIAN_POINT('',(14.5,67.4348,-22.032));
#1025 = DIRECTION('',(0.,-2.4E-16,1.));
#1026 = DIRECTION('',(1.,0.,0.));
#1027 = ADVANCED_FACE('',(#1028),#1047,.F.);
#1028 = FACE_BOUND('',#1029,.F.);
#1029 = EDGE_LOOP('',(#1030,#1031,#1039,#1046));
#1030 = ORIENTED_EDGE('',*,*,#119,.F.);
#1031 = ORIENTED_EDGE('',*,*,#1032,.T.);
#1032 = EDGE_CURVE('',#120,#1033,#1035,.T.);
#1033 = VERTEX_POINT('',#1034);
#1034 = CARTESIAN_POINT('',(10.17569510584,52.934800970839,-31.2945));
#1035 = LINE('',#1036,#1037);
#1036 = CARTESIAN_POINT('',(19.840770258668,53.164644818772,-31.2945));
#1037 = VECTOR('',#1038,1.);
#1038 = DIRECTION('',(-0.999717355106,-2.377414351251E-02,1.6E-16));
#1039 = ORIENTED_EDGE('',*,*,#1040,.T.);
#1040 = EDGE_CURVE('',#1033,#1033,#1041,.T.);
#1041 = CIRCLE('',#1042,2.);
#1042 = AXIS2_PLACEMENT_3D('',#1043,#1044,#1045);
#1043 = CARTESIAN_POINT('',(10.128146818815,54.934235681051,-31.2945));
#1044 = DIRECTION('',(0.999717355106,2.377414351251E-02,-1.7E-16));
#1045 = DIRECTION('',(2.377414351251E-02,-0.999717355106,-7.E-17));
#1046 = ORIENTED_EDGE('',*,*,#1032,.F.);
#1047 = CYLINDRICAL_SURFACE('',#1048,2.);
#1048 = AXIS2_PLACEMENT_3D('',#1049,#1050,#1051);
#1049 = CARTESIAN_POINT('',(19.793221971643,55.164079528984,-31.2945));
#1050 = DIRECTION('',(0.999717355106,2.377414351251E-02,-1.7E-16));
#1051 = DIRECTION('',(2.377414351251E-02,-0.999717355106,-7.E-17));
#1052 = ADVANCED_FACE('',(#1053,#1062),#1065,.F.);
#1053 = FACE_BOUND('',#1054,.F.);
#1054 = EDGE_LOOP('',(#1055,#1056,#1057,#1058,#1059,#1060,#1061));
#1055 = ORIENTED_EDGE('',*,*,#145,.T.);
#1056 = ORIENTED_EDGE('',*,*,#169,.T.);
#1057 = ORIENTED_EDGE('',*,*,#568,.T.);
#1058 = ORIENTED_EDGE('',*,*,#617,.T.);
#1059 = ORIENTED_EDGE('',*,*,#947,.F.);
#1060 = ORIENTED_EDGE('',*,*,#210,.F.);
#1061 = ORIENTED_EDGE('',*,*,#202,.F.);
#1062 = FACE_BOUND('',#1063,.F.);
#1063 = EDGE_LOOP('',(#1064));
#1064 = ORIENTED_EDGE('',*,*,#1040,.F.);
#1065 = PLANE('',#1066);
#1066 = AXIS2_PLACEMENT_3D('',#1067,#1068,#1069);
#1067 = CARTESIAN_POINT('',(10.211380424447,51.434211377954,-26.7945));
#1068 = DIRECTION('',(0.999717355106,2.377414351251E-02,0.));
#1069 = DIRECTION('',(-2.377414351251E-02,0.999717355106,1.2E-16));
#1070 = ADVANCED_FACE('',(#1071),#1082,.F.);
#1071 = FACE_BOUND('',#1072,.F.);
#1072 = EDGE_LOOP('',(#1073,#1074,#1075,#1081));
#1073 = ORIENTED_EDGE('',*,*,#594,.T.);
#1074 = ORIENTED_EDGE('',*,*,#394,.T.);
#1075 = ORIENTED_EDGE('',*,*,#1076,.F.);
#1076 = EDGE_CURVE('',#772,#386,#1077,.T.);
#1077 = LINE('',#1078,#1079);
#1078 = CARTESIAN_POINT('',(-30.54519858144,14.91433699088,-22.032));
#1079 = VECTOR('',#1080,1.);
#1080 = DIRECTION('',(0.,1.2E-16,-1.));
#1081 = ORIENTED_EDGE('',*,*,#780,.F.);
#1082 = PLANE('',#1083);
#1083 = AXIS2_PLACEMENT_3D('',#1084,#1085,#1086);
#1084 = CARTESIAN_POINT('',(12.16062005672,47.683664175675,-22.032));
#1085 = DIRECTION('',(-0.608761429009,0.793353340291,1.E-16));
#1086 = DIRECTION('',(-0.793353340291,-0.608761429009,-7.E-17));
#1087 = ADVANCED_FACE('',(#1088),#1099,.T.);
#1088 = FACE_BOUND('',#1089,.T.);
#1089 = EDGE_LOOP('',(#1090,#1096,#1097,#1098));
#1090 = ORIENTED_EDGE('',*,*,#1091,.T.);
#1091 = EDGE_CURVE('',#764,#378,#1092,.T.);
#1092 = LINE('',#1093,#1094);
#1093 = CARTESIAN_POINT('',(-47.01963528032,34.23606581577,-22.032));
#1094 = VECTOR('',#1095,1.);
#1095 = DIRECTION('',(0.,1.2E-16,-1.));
#1096 = ORIENTED_EDGE('',*,*,#385,.T.);
#1097 = ORIENTED_EDGE('',*,*,#1076,.F.);
#1098 = ORIENTED_EDGE('',*,*,#771,.F.);
#1099 = CYLINDRICAL_SURFACE('',#1100,12.7127);
#1100 = AXIS2_PLACEMENT_3D('',#1101,#1102,#1103);
#1101 = CARTESIAN_POINT('',(-38.2842,25.,-22.032));
#1102 = DIRECTION('',(0.,-1.2E-16,1.));
#1103 = DIRECTION('',(1.,0.,0.));
#1104 = ADVANCED_FACE('',(#1105),#1116,.F.);
#1105 = FACE_BOUND('',#1106,.F.);
#1106 = EDGE_LOOP('',(#1107,#1108,#1109,#1115));
#1107 = ORIENTED_EDGE('',*,*,#1091,.T.);
#1108 = ORIENTED_EDGE('',*,*,#377,.T.);
#1109 = ORIENTED_EDGE('',*,*,#1110,.F.);
#1110 = EDGE_CURVE('',#755,#369,#1111,.T.);
#1111 = LINE('',#1112,#1113);
#1112 = CARTESIAN_POINT('',(-1.874628931315,76.934037988978,-22.032));
#1113 = VECTOR('',#1114,1.);
#1114 = DIRECTION('',(0.,1.2E-16,-1.));
#1115 = ORIENTED_EDGE('',*,*,#763,.F.);
#1116 = PLANE('',#1117);
#1117 = AXIS2_PLACEMENT_3D('',#1118,#1119,#1120);
#1118 = CARTESIAN_POINT('',(-47.01963528032,34.23606581577,-22.032));
#1119 = DIRECTION('',(0.687142407225,-0.726522754078,-9.E-17));
#1120 = DIRECTION('',(0.726522754078,0.687142407225,8.E-17));
#1121 = ADVANCED_FACE('',(#1122),#1133,.F.);
#1122 = FACE_BOUND('',#1123,.F.);
#1123 = EDGE_LOOP('',(#1124,#1125,#1126,#1132));
#1124 = ORIENTED_EDGE('',*,*,#1110,.T.);
#1125 = ORIENTED_EDGE('',*,*,#368,.T.);
#1126 = ORIENTED_EDGE('',*,*,#1127,.F.);
#1127 = EDGE_CURVE('',#746,#360,#1128,.T.);
#1128 = LINE('',#1129,#1130);
#1129 = CARTESIAN_POINT('',(-1.171651795671,77.771749219799,-22.032));
#1130 = VECTOR('',#1131,1.);
#1131 = DIRECTION('',(0.,1.2E-16,-1.));
#1132 = ORIENTED_EDGE('',*,*,#754,.F.);
#1133 = CYLINDRICAL_SURFACE('',#1134,4.762);
#1134 = AXIS2_PLACEMENT_3D('',#1135,#1136,#1137);
#1135 = CARTESIAN_POINT('',(-5.146801074519,80.393739343898,-22.032));
#1136 = DIRECTION('',(0.,-1.2E-16,1.));
#1137 = DIRECTION('',(1.,0.,0.));
#1138 = ADVANCED_FACE('',(#1139),#1150,.T.);
#1139 = FACE_BOUND('',#1140,.T.);
#1140 = EDGE_LOOP('',(#1141,#1147,#1148,#1149));
#1141 = ORIENTED_EDGE('',*,*,#1142,.T.);
#1142 = EDGE_CURVE('',#737,#351,#1143,.T.);
#1143 = LINE('',#1144,#1145);
#1144 = CARTESIAN_POINT('',(2.206319680642,81.623479057012,-22.032));
#1145 = VECTOR('',#1146,1.);
#1146 = DIRECTION('',(0.,1.2E-16,-1.));
#1147 = ORIENTED_EDGE('',*,*,#359,.T.);
#1148 = ORIENTED_EDGE('',*,*,#1127,.F.);
#1149 = ORIENTED_EDGE('',*,*,#745,.F.);
#1150 = CYLINDRICAL_SURFACE('',#1151,18.773736686591);
#1151 = AXIS2_PLACEMENT_3D('',#1152,#1153,#1154);
#1152 = CARTESIAN_POINT('',(14.5,67.4348,-22.032));
#1153 = DIRECTION('',(0.,-1.2E-16,1.));
#1154 = DIRECTION('',(1.,0.,0.));
#1155 = ADVANCED_FACE('',(#1156),#1167,.F.);
#1156 = FACE_BOUND('',#1157,.F.);
#1157 = EDGE_LOOP('',(#1158,#1159,#1160,#1166));
#1158 = ORIENTED_EDGE('',*,*,#1142,.T.);
#1159 = ORIENTED_EDGE('',*,*,#350,.T.);
#1160 = ORIENTED_EDGE('',*,*,#1161,.F.);
#1161 = EDGE_CURVE('',#729,#343,#1162,.T.);
#1162 = LINE('',#1163,#1164);
#1163 = CARTESIAN_POINT('',(3.716252477469,84.101787781292,-22.032));
#1164 = VECTOR('',#1165,1.);
#1165 = DIRECTION('',(0.,1.2E-16,-1.));
#1166 = ORIENTED_EDGE('',*,*,#736,.F.);
#1167 = CYLINDRICAL_SURFACE('',#1168,4.762);
#1168 = AXIS2_PLACEMENT_3D('',#1169,#1170,#1171);
#1169 = CARTESIAN_POINT('',(-0.911999632028,85.222469007572,-22.032));
#1170 = DIRECTION('',(0.,-1.2E-16,1.));
#1171 = DIRECTION('',(1.,0.,0.));
#1172 = ADVANCED_FACE('',(#1173),#1184,.T.);
#1173 = FACE_BOUND('',#1174,.T.);
#1174 = EDGE_LOOP('',(#1175,#1181,#1182,#1183));
#1175 = ORIENTED_EDGE('',*,*,#1176,.T.);
#1176 = EDGE_CURVE('',#720,#334,#1177,.T.);
#1177 = LINE('',#1178,#1179);
#1178 = CARTESIAN_POINT('',(5.059733427626,89.650170671825,-22.032));
#1179 = VECTOR('',#1180,1.);
#1180 = DIRECTION('',(0.,1.2E-16,-1.));
#1181 = ORIENTED_EDGE('',*,*,#342,.T.);
#1182 = ORIENTED_EDGE('',*,*,#1161,.F.);
#1183 = ORIENTED_EDGE('',*,*,#728,.F.);
#1184 = PLANE('',#1185);
#1185 = AXIS2_PLACEMENT_3D('',#1186,#1187,#1188);
#1186 = CARTESIAN_POINT('',(5.059733427626,89.650170671825,-22.032));
#1187 = DIRECTION('',(-0.971913504724,0.235338350752,3.E-17));
#1188 = DIRECTION('',(-0.235338350752,-0.971913504724,-1.2E-16));
#1189 = ADVANCED_FACE('',(#1190),#1201,.F.);
#1190 = FACE_BOUND('',#1191,.F.);
#1191 = EDGE_LOOP('',(#1192,#1193,#1194,#1200));
#1192 = ORIENTED_EDGE('',*,*,#1176,.T.);
#1193 = ORIENTED_EDGE('',*,*,#333,.T.);
#1194 = ORIENTED_EDGE('',*,*,#1195,.F.);
#1195 = EDGE_CURVE('',#712,#326,#1196,.T.);
#1196 = LINE('',#1197,#1198);
#1197 = CARTESIAN_POINT('',(5.163911226195,91.300711469354,-22.032));
#1198 = VECTOR('',#1199,1.);
#1199 = DIRECTION('',(0.,1.2E-16,-1.));
#1200 = ORIENTED_EDGE('',*,*,#719,.F.);
#1201 = CYLINDRICAL_SURFACE('',#1202,4.762);
#1202 = AXIS2_PLACEMENT_3D('',#1203,#1204,#1205);
#1203 = CARTESIAN_POINT('',(0.431481318129,90.770851898105,-22.032));
#1204 = DIRECTION('',(0.,-1.2E-16,1.));
#1205 = DIRECTION('',(1.,0.,0.));
#1206 = ADVANCED_FACE('',(#1207),#1218,.T.);
#1207 = FACE_BOUND('',#1208,.T.);
#1208 = EDGE_LOOP('',(#1209,#1215,#1216,#1217));
#1209 = ORIENTED_EDGE('',*,*,#1210,.T.);
#1210 = EDGE_CURVE('',#704,#318,#1211,.T.);
#1211 = LINE('',#1212,#1213);
#1212 = CARTESIAN_POINT('',(4.457357619006,97.611280540378,-22.032));
#1213 = VECTOR('',#1214,1.);
#1214 = DIRECTION('',(0.,1.2E-16,-1.));
#1215 = ORIENTED_EDGE('',*,*,#325,.T.);
#1216 = ORIENTED_EDGE('',*,*,#1195,.F.);
#1217 = ORIENTED_EDGE('',*,*,#711,.F.);
#1218 = PLANE('',#1219);
#1219 = AXIS2_PLACEMENT_3D('',#1220,#1221,#1222);
#1220 = CARTESIAN_POINT('',(4.457357619006,97.611280540378,-22.032));
#1221 = DIRECTION('',(-0.993790404886,-0.111268284597,-1.E-17));
#1222 = DIRECTION('',(0.111268284597,-0.993790404886,-1.2E-16));
#1223 = ADVANCED_FACE('',(#1224),#1235,.F.);
#1224 = FACE_BOUND('',#1225,.F.);
#1225 = EDGE_LOOP('',(#1226,#1227,#1228,#1234));
#1226 = ORIENTED_EDGE('',*,*,#1210,.T.);
#1227 = ORIENTED_EDGE('',*,*,#317,.T.);
#1228 = ORIENTED_EDGE('',*,*,#1229,.F.);
#1229 = EDGE_CURVE('',#696,#310,#1230,.T.);
#1230 = LINE('',#1231,#1232);
#1231 = CARTESIAN_POINT('',(17.620303160424,99.085050425287,-22.032));
#1232 = VECTOR('',#1233,1.);
#1233 = DIRECTION('',(0.,1.2E-16,-1.));
#1234 = ORIENTED_EDGE('',*,*,#703,.F.);
#1235 = PLANE('',#1236);
#1236 = AXIS2_PLACEMENT_3D('',#1237,#1238,#1239);
#1237 = CARTESIAN_POINT('',(4.457357619006,97.611280540378,-22.032));
#1238 = DIRECTION('',(0.111268284597,-0.993790404886,-1.2E-16));
#1239 = DIRECTION('',(0.993790404886,0.111268284597,1.E-17));
#1240 = ADVANCED_FACE('',(#1241),#1252,.F.);
#1241 = FACE_BOUND('',#1242,.F.);
#1242 = EDGE_LOOP('',(#1243,#1244,#1245,#1251));
#1243 = ORIENTED_EDGE('',*,*,#1229,.T.);
#1244 = ORIENTED_EDGE('',*,*,#309,.T.);
#1245 = ORIENTED_EDGE('',*,*,#1246,.F.);
#1246 = EDGE_CURVE('',#687,#301,#1247,.T.);
#1247 = LINE('',#1248,#1249);
#1248 = CARTESIAN_POINT('',(18.326856767613,92.774481354263,-22.032));
#1249 = VECTOR('',#1250,1.);
#1250 = DIRECTION('',(0.,1.2E-16,-1.));
#1251 = ORIENTED_EDGE('',*,*,#695,.F.);
#1252 = PLANE('',#1253);
#1253 = AXIS2_PLACEMENT_3D('',#1254,#1255,#1256);
#1254 = CARTESIAN_POINT('',(17.620303160424,99.085050425287,-22.032));
#1255 = DIRECTION('',(-0.993790404886,-0.111268284597,-1.E-17));
#1256 = DIRECTION('',(0.111268284597,-0.993790404886,-1.2E-16));
#1257 = ADVANCED_FACE('',(#1258),#1269,.F.);
#1258 = FACE_BOUND('',#1259,.F.);
#1259 = EDGE_LOOP('',(#1260,#1261,#1262,#1268));
#1260 = ORIENTED_EDGE('',*,*,#1246,.T.);
#1261 = ORIENTED_EDGE('',*,*,#300,.T.);
#1262 = ORIENTED_EDGE('',*,*,#1263,.F.);
#1263 = EDGE_CURVE('',#679,#293,#1264,.T.);
#1264 = LINE('',#1265,#1266);
#1265 = CARTESIAN_POINT('',(18.793479859184,91.187849440921,-22.032));
#1266 = VECTOR('',#1267,1.);
#1267 = DIRECTION('',(0.,1.2E-16,-1.));
#1268 = ORIENTED_EDGE('',*,*,#686,.F.);
#1269 = CYLINDRICAL_SURFACE('',#1270,4.762);
#1270 = AXIS2_PLACEMENT_3D('',#1271,#1272,#1273);
#1271 = CARTESIAN_POINT('',(23.059286675678,93.304340925512,-22.032));
#1272 = DIRECTION('',(0.,-1.2E-16,1.));
#1273 = DIRECTION('',(1.,0.,0.));
#1274 = ADVANCED_FACE('',(#1275),#1286,.F.);
#1275 = FACE_BOUND('',#1276,.F.);
#1276 = EDGE_LOOP('',(#1277,#1278,#1279,#1285));
#1277 = ORIENTED_EDGE('',*,*,#1263,.T.);
#1278 = ORIENTED_EDGE('',*,*,#292,.T.);
#1279 = ORIENTED_EDGE('',*,*,#1280,.F.);
#1280 = EDGE_CURVE('',#670,#284,#1281,.T.);
#1281 = LINE('',#1282,#1283);
#1282 = CARTESIAN_POINT('',(21.330745518711,86.073968650721,-22.032));
#1283 = VECTOR('',#1284,1.);
#1284 = DIRECTION('',(0.,1.2E-16,-1.));
#1285 = ORIENTED_EDGE('',*,*,#678,.F.);
#1286 = PLANE('',#1287);
#1287 = AXIS2_PLACEMENT_3D('',#1288,#1289,#1290);
#1288 = CARTESIAN_POINT('',(18.793479859184,91.187849440921,-22.032));
#1289 = DIRECTION('',(-0.895801515434,-0.444454322678,-5.E-17));
#1290 = DIRECTION('',(0.444454322678,-0.895801515434,-1.1E-16));
#1291 = ADVANCED_FACE('',(#1292),#1303,.F.);
#1292 = FACE_BOUND('',#1293,.F.);
#1293 = EDGE_LOOP('',(#1294,#1295,#1296,#1302));
#1294 = ORIENTED_EDGE('',*,*,#1280,.T.);
#1295 = ORIENTED_EDGE('',*,*,#283,.T.);
#1296 = ORIENTED_EDGE('',*,*,#1297,.F.);
#1297 = EDGE_CURVE('',#661,#275,#1298,.T.);
#1298 = LINE('',#1299,#1300);
#1299 = CARTESIAN_POINT('',(23.35138011375,83.990954724433,-22.032));
#1300 = VECTOR('',#1301,1.);
#1301 = DIRECTION('',(0.,1.2E-16,-1.));
#1302 = ORIENTED_EDGE('',*,*,#669,.F.);
#1303 = CYLINDRICAL_SURFACE('',#1304,4.762);
#1304 = AXIS2_PLACEMENT_3D('',#1305,#1306,#1307);
#1305 = CARTESIAN_POINT('',(25.596552335206,88.190460135312,-22.032));
#1306 = DIRECTION('',(0.,-1.2E-16,1.));
#1307 = DIRECTION('',(1.,0.,0.));
#1308 = ADVANCED_FACE('',(#1309),#1320,.T.);
#1309 = FACE_BOUND('',#1310,.F.);
#1310 = EDGE_LOOP('',(#1311,#1312,#1313,#1319));
#1311 = ORIENTED_EDGE('',*,*,#1297,.T.);
#1312 = ORIENTED_EDGE('',*,*,#274,.T.);
#1313 = ORIENTED_EDGE('',*,*,#1314,.F.);
#1314 = EDGE_CURVE('',#653,#267,#1315,.T.);
#1315 = LINE('',#1316,#1317);
#1316 = CARTESIAN_POINT('',(15.945413240013,48.716788093201,-22.032));
#1317 = VECTOR('',#1318,1.);
#1318 = DIRECTION('',(0.,1.2E-16,-1.));
#1319 = ORIENTED_EDGE('',*,*,#660,.F.);
#1320 = CYLINDRICAL_SURFACE('',#1321,18.773736686591);
#1321 = AXIS2_PLACEMENT_3D('',#1322,#1323,#1324);
#1322 = CARTESIAN_POINT('',(14.5,67.4348,-22.032));
#1323 = DIRECTION('',(0.,-1.2E-16,1.));
#1324 = DIRECTION('',(1.,0.,0.));
#1325 = ADVANCED_FACE('',(#1326,#1373),#1384,.T.);
#1326 = FACE_BOUND('',#1327,.T.);
#1327 = EDGE_LOOP('',(#1328,#1336,#1344,#1352,#1360,#1366,#1367,#1368,
    #1369,#1370,#1371,#1372));
#1328 = ORIENTED_EDGE('',*,*,#1329,.T.);
#1329 = EDGE_CURVE('',#235,#1330,#1332,.T.);
#1330 = VERTEX_POINT('',#1331);
#1331 = CARTESIAN_POINT('',(15.711120101483,58.568958651837,-33.7945));
#1332 = LINE('',#1333,#1334);
#1333 = CARTESIAN_POINT('',(15.711120101483,58.568958651837,-26.7945));
#1334 = VECTOR('',#1335,1.);
#1335 = DIRECTION('',(0.,1.2E-16,-1.));
#1336 = ORIENTED_EDGE('',*,*,#1337,.T.);
#1337 = EDGE_CURVE('',#1330,#1338,#1340,.T.);
#1338 = VERTEX_POINT('',#1339);
#1339 = CARTESIAN_POINT('',(15.734894244995,57.569241296731,-34.7945));
#1340 = LINE('',#1341,#1342);
#1341 = CARTESIAN_POINT('',(15.694608817963,59.263268277794,
    -33.09999407548));
#1342 = VECTOR('',#1343,1.);
#1343 = DIRECTION('',(1.681085809467E-02,-0.706906921065,-0.707106781187
    ));
#1344 = ORIENTED_EDGE('',*,*,#1345,.F.);
#1345 = EDGE_CURVE('',#1346,#1338,#1348,.T.);
#1346 = VERTEX_POINT('',#1347);
#1347 = CARTESIAN_POINT('',(15.853812013339,52.568676006943,-34.7945));
#1348 = LINE('',#1349,#1350);
#1349 = CARTESIAN_POINT('',(15.877586156851,51.568958651837,-34.7945));
#1350 = VECTOR('',#1351,1.);
#1351 = DIRECTION('',(-2.377414351251E-02,0.999717355106,0.));
#1352 = ORIENTED_EDGE('',*,*,#1353,.F.);
#1353 = EDGE_CURVE('',#1354,#1346,#1356,.T.);
#1354 = VERTEX_POINT('',#1355);
#1355 = CARTESIAN_POINT('',(15.877586156851,51.568958651837,-33.7945));
#1356 = LINE('',#1357,#1358);
#1357 = CARTESIAN_POINT('',(15.889123724077,51.08379685473,
    -33.30920103561));
#1358 = VECTOR('',#1359,1.);
#1359 = DIRECTION('',(-1.681085809462E-02,0.706906921065,-0.707106781187
    ));
#1360 = ORIENTED_EDGE('',*,*,#1361,.F.);
#1361 = EDGE_CURVE('',#259,#1354,#1362,.T.);
#1362 = LINE('',#1363,#1364);
#1363 = CARTESIAN_POINT('',(15.877586156851,51.568958651837,-26.7945));
#1364 = VECTOR('',#1365,1.);
#1365 = DIRECTION('',(0.,1.2E-16,-1.));
#1366 = ORIENTED_EDGE('',*,*,#266,.T.);
#1367 = ORIENTED_EDGE('',*,*,#1314,.F.);
#1368 = ORIENTED_EDGE('',*,*,#652,.F.);
#1369 = ORIENTED_EDGE('',*,*,#964,.T.);
#1370 = ORIENTED_EDGE('',*,*,#989,.T.);
#1371 = ORIENTED_EDGE('',*,*,#1017,.F.);
#1372 = ORIENTED_EDGE('',*,*,#234,.T.);
#1373 = FACE_BOUND('',#1374,.T.);
#1374 = EDGE_LOOP('',(#1375));
#1375 = ORIENTED_EDGE('',*,*,#1376,.T.);
#1376 = EDGE_CURVE('',#1377,#1377,#1379,.T.);
#1377 = VERTEX_POINT('',#1378);
#1378 = CARTESIAN_POINT('',(15.841900838243,53.069548244722,-31.2945));
#1379 = CIRCLE('',#1380,2.);
#1380 = AXIS2_PLACEMENT_3D('',#1381,#1382,#1383);
#1381 = CARTESIAN_POINT('',(15.794352551218,55.068982954934,-31.2945));
#1382 = DIRECTION('',(0.999717355106,2.377414351251E-02,-1.7E-16));
#1383 = DIRECTION('',(2.377414351251E-02,-0.999717355106,-7.E-17));
#1384 = PLANE('',#1385);
#1385 = AXIS2_PLACEMENT_3D('',#1386,#1387,#1388);
#1386 = CARTESIAN_POINT('',(15.784405696579,55.487254309538,
    -26.9339006854));
#1387 = DIRECTION('',(-0.999717355106,-2.377414351258E-02,-3.415E-14));
#1388 = DIRECTION('',(-2.377414351258E-02,0.999717355106,0.));
#1389 = ADVANCED_FACE('',(#1390),#1408,.F.);
#1390 = FACE_BOUND('',#1391,.F.);
#1391 = EDGE_LOOP('',(#1392,#1400,#1406,#1407));
#1392 = ORIENTED_EDGE('',*,*,#1393,.T.);
#1393 = EDGE_CURVE('',#251,#1394,#1396,.T.);
#1394 = VERTEX_POINT('',#1395);
#1395 = CARTESIAN_POINT('',(19.876455577275,51.664055225887,-33.7945));
#1396 = LINE('',#1397,#1398);
#1397 = CARTESIAN_POINT('',(19.876455577275,51.664055225887,-26.7945));
#1398 = VECTOR('',#1399,1.);
#1399 = DIRECTION('',(0.,1.2E-16,-1.));
#1400 = ORIENTED_EDGE('',*,*,#1401,.T.);
#1401 = EDGE_CURVE('',#1394,#1354,#1402,.T.);
#1402 = LINE('',#1403,#1404);
#1403 = CARTESIAN_POINT('',(19.876455577275,51.664055225887,-33.7945));
#1404 = VECTOR('',#1405,1.);
#1405 = DIRECTION('',(-0.999717355106,-2.377414351251E-02,-1.E-17));
#1406 = ORIENTED_EDGE('',*,*,#1361,.F.);
#1407 = ORIENTED_EDGE('',*,*,#258,.F.);
#1408 = PLANE('',#1409);
#1409 = AXIS2_PLACEMENT_3D('',#1410,#1411,#1412);
#1410 = CARTESIAN_POINT('',(19.876455577275,51.664055225887,-26.7945));
#1411 = DIRECTION('',(-2.377414351251E-02,0.999717355106,1.2E-16));
#1412 = DIRECTION('',(-0.999717355106,-2.377414351251E-02,0.));
#1413 = ADVANCED_FACE('',(#1414,#1448),#1459,.F.);
#1414 = FACE_BOUND('',#1415,.F.);
#1415 = EDGE_LOOP('',(#1416,#1424,#1432,#1440,#1446,#1447));
#1416 = ORIENTED_EDGE('',*,*,#1417,.T.);
#1417 = EDGE_CURVE('',#243,#1418,#1420,.T.);
#1418 = VERTEX_POINT('',#1419);
#1419 = CARTESIAN_POINT('',(19.709989521907,58.664055225887,-33.7945));
#1420 = LINE('',#1421,#1422);
#1421 = CARTESIAN_POINT('',(19.709989521907,58.664055225887,-26.7945));
#1422 = VECTOR('',#1423,1.);
#1423 = DIRECTION('',(0.,1.2E-16,-1.));
#1424 = ORIENTED_EDGE('',*,*,#1425,.T.);
#1425 = EDGE_CURVE('',#1418,#1426,#1428,.T.);
#1426 = VERTEX_POINT('',#1427);
#1427 = CARTESIAN_POINT('',(19.73376366542,57.664337870781,-34.7945));
#1428 = LINE('',#1429,#1430);
#1429 = CARTESIAN_POINT('',(19.674328306638,60.163631258546,-32.2945));
#1430 = VECTOR('',#1431,1.);
#1431 = DIRECTION('',(1.68108580946E-02,-0.706906921065,-0.707106781187)
  );
#1432 = ORIENTED_EDGE('',*,*,#1433,.T.);
#1433 = EDGE_CURVE('',#1426,#1434,#1436,.T.);
#1434 = VERTEX_POINT('',#1435);
#1435 = CARTESIAN_POINT('',(19.852681433763,52.663772580993,-34.7945));
#1436 = LINE('',#1437,#1438);
#1437 = CARTESIAN_POINT('',(19.709989521907,58.664055225887,-34.7945));
#1438 = VECTOR('',#1439,1.);
#1439 = DIRECTION('',(2.377414351251E-02,-0.999717355106,0.));
#1440 = ORIENTED_EDGE('',*,*,#1441,.F.);
#1441 = EDGE_CURVE('',#1394,#1434,#1442,.T.);
#1442 = LINE('',#1443,#1444);
#1443 = CARTESIAN_POINT('',(19.870500278702,51.914479193228,
    -34.0449947684));
#1444 = VECTOR('',#1445,1.);
#1445 = DIRECTION('',(-1.68108580946E-02,0.706906921065,-0.707106781187)
  );
#1446 = ORIENTED_EDGE('',*,*,#1393,.F.);
#1447 = ORIENTED_EDGE('',*,*,#250,.F.);
#1448 = FACE_BOUND('',#1449,.F.);
#1449 = EDGE_LOOP('',(#1450));
#1450 = ORIENTED_EDGE('',*,*,#1451,.T.);
#1451 = EDGE_CURVE('',#1452,#1452,#1454,.T.);
#1452 = VERTEX_POINT('',#1453);
#1453 = CARTESIAN_POINT('',(19.840770258668,53.164644818772,-31.2945));
#1454 = CIRCLE('',#1455,2.);
#1455 = AXIS2_PLACEMENT_3D('',#1456,#1457,#1458);
#1456 = CARTESIAN_POINT('',(19.793221971643,55.164079528984,-31.2945));
#1457 = DIRECTION('',(0.999717355106,2.377414351251E-02,-3.4E-16));
#1458 = DIRECTION('',(2.377414351251E-02,-0.999717355106,-1.E-17));
#1459 = PLANE('',#1460);
#1460 = AXIS2_PLACEMENT_3D('',#1461,#1462,#1463);
#1461 = CARTESIAN_POINT('',(19.709989521907,58.664055225887,-26.7945));
#1462 = DIRECTION('',(-0.999717355106,-2.377414351251E-02,-0.));
#1463 = DIRECTION('',(2.377414351251E-02,-0.999717355106,-1.2E-16));
#1464 = ADVANCED_FACE('',(#1465),#1476,.F.);
#1465 = FACE_BOUND('',#1466,.F.);
#1466 = EDGE_LOOP('',(#1467,#1468,#1474,#1475));
#1467 = ORIENTED_EDGE('',*,*,#1329,.T.);
#1468 = ORIENTED_EDGE('',*,*,#1469,.T.);
#1469 = EDGE_CURVE('',#1330,#1418,#1470,.T.);
#1470 = LINE('',#1471,#1472);
#1471 = CARTESIAN_POINT('',(15.711120101483,58.568958651837,-33.7945));
#1472 = VECTOR('',#1473,1.);
#1473 = DIRECTION('',(0.999717355106,2.377414351251E-02,1.E-17));
#1474 = ORIENTED_EDGE('',*,*,#1417,.F.);
#1475 = ORIENTED_EDGE('',*,*,#242,.F.);
#1476 = PLANE('',#1477);
#1477 = AXIS2_PLACEMENT_3D('',#1478,#1479,#1480);
#1478 = CARTESIAN_POINT('',(15.711120101483,58.568958651837,-26.7945));
#1479 = DIRECTION('',(2.377414351251E-02,-0.999717355106,-1.2E-16));
#1480 = DIRECTION('',(0.999717355106,2.377414351251E-02,0.));
#1481 = ADVANCED_FACE('',(#1482),#1493,.F.);
#1482 = FACE_BOUND('',#1483,.T.);
#1483 = EDGE_LOOP('',(#1484,#1490,#1491,#1492));
#1484 = ORIENTED_EDGE('',*,*,#1485,.T.);
#1485 = EDGE_CURVE('',#789,#403,#1486,.T.);
#1486 = LINE('',#1487,#1488);
#1487 = CARTESIAN_POINT('',(-28.7465,25.,-22.032));
#1488 = VECTOR('',#1489,1.);
#1489 = DIRECTION('',(0.,1.2E-16,-1.));
#1490 = ORIENTED_EDGE('',*,*,#402,.T.);
#1491 = ORIENTED_EDGE('',*,*,#1485,.F.);
#1492 = ORIENTED_EDGE('',*,*,#788,.F.);
#1493 = CYLINDRICAL_SURFACE('',#1494,9.5377);
#1494 = AXIS2_PLACEMENT_3D('',#1495,#1496,#1497);
#1495 = CARTESIAN_POINT('',(-38.2842,25.,-22.032));
#1496 = DIRECTION('',(0.,-1.2E-16,1.));
#1497 = DIRECTION('',(1.,0.,0.));
#1498 = ADVANCED_FACE('',(#1499),#1525,.T.);
#1499 = FACE_BOUND('',#1500,.T.);
#1500 = EDGE_LOOP('',(#1501,#1512,#1518,#1519));
#1501 = ORIENTED_EDGE('',*,*,#1502,.F.);
#1502 = EDGE_CURVE('',#1503,#1505,#1507,.T.);
#1503 = VERTEX_POINT('',#1504);
#1504 = CARTESIAN_POINT('',(-26.56024929461,29.915457369124,-25.03825));
#1505 = VERTEX_POINT('',#1506);
#1506 = CARTESIAN_POINT('',(-31.57718518479,35.799476540952,-25.03825));
#1507 = CIRCLE('',#1508,12.7127);
#1508 = AXIS2_PLACEMENT_3D('',#1509,#1510,#1511);
#1509 = CARTESIAN_POINT('',(-38.2842,25.,-25.03825));
#1510 = DIRECTION('',(0.,0.,1.));
#1511 = DIRECTION('',(1.,0.,0.));
#1512 = ORIENTED_EDGE('',*,*,#1513,.T.);
#1513 = EDGE_CURVE('',#1503,#414,#1514,.T.);
#1514 = LINE('',#1515,#1516);
#1515 = CARTESIAN_POINT('',(-26.56024929461,29.915457369124,-22.032));
#1516 = VECTOR('',#1517,1.);
#1517 = DIRECTION('',(0.,1.2E-16,-1.));
#1518 = ORIENTED_EDGE('',*,*,#413,.T.);
#1519 = ORIENTED_EDGE('',*,*,#1520,.F.);
#1520 = EDGE_CURVE('',#1505,#416,#1521,.T.);
#1521 = LINE('',#1522,#1523);
#1522 = CARTESIAN_POINT('',(-31.57718518479,35.799476540952,-22.032));
#1523 = VECTOR('',#1524,1.);
#1524 = DIRECTION('',(0.,1.2E-16,-1.));
#1525 = CYLINDRICAL_SURFACE('',#1526,12.7127);
#1526 = AXIS2_PLACEMENT_3D('',#1527,#1528,#1529);
#1527 = CARTESIAN_POINT('',(-38.2842,25.,-22.032));
#1528 = DIRECTION('',(0.,-1.2E-16,1.));
#1529 = DIRECTION('',(1.,0.,0.));
#1530 = ADVANCED_FACE('',(#1531),#1550,.F.);
#1531 = FACE_BOUND('',#1532,.F.);
#1532 = EDGE_LOOP('',(#1533,#1542,#1543,#1544));
#1533 = ORIENTED_EDGE('',*,*,#1534,.F.);
#1534 = EDGE_CURVE('',#1503,#1535,#1537,.T.);
#1535 = VERTEX_POINT('',#1536);
#1536 = CARTESIAN_POINT('',(-19.26893356386,27.97856714435,-25.03825));
#1537 = CIRCLE('',#1538,4.7625);
#1538 = AXIS2_PLACEMENT_3D('',#1539,#1540,#1541);
#1539 = CARTESIAN_POINT('',(-22.16815986951,31.756912427487,-25.03825));
#1540 = DIRECTION('',(0.,0.,1.));
#1541 = DIRECTION('',(1.,0.,0.));
#1542 = ORIENTED_EDGE('',*,*,#1513,.T.);
#1543 = ORIENTED_EDGE('',*,*,#475,.T.);
#1544 = ORIENTED_EDGE('',*,*,#1545,.F.);
#1545 = EDGE_CURVE('',#1535,#468,#1546,.T.);
#1546 = LINE('',#1547,#1548);
#1547 = CARTESIAN_POINT('',(-19.26893356386,27.97856714435,-22.032));
#1548 = VECTOR('',#1549,1.);
#1549 = DIRECTION('',(0.,1.2E-16,-1.));
#1550 = CYLINDRICAL_SURFACE('',#1551,4.7625);
#1551 = AXIS2_PLACEMENT_3D('',#1552,#1553,#1554);
#1552 = CARTESIAN_POINT('',(-22.16815986951,31.756912427487,-22.032));
#1553 = DIRECTION('',(0.,-1.2E-16,1.));
#1554 = DIRECTION('',(1.,0.,0.));
#1555 = ADVANCED_FACE('',(#1556),#1575,.F.);
#1556 = FACE_BOUND('',#1557,.F.);
#1557 = EDGE_LOOP('',(#1558,#1567,#1573,#1574));
#1558 = ORIENTED_EDGE('',*,*,#1559,.F.);
#1559 = EDGE_CURVE('',#1560,#1505,#1562,.T.);
#1560 = VERTEX_POINT('',#1561);
#1561 = CARTESIAN_POINT('',(-32.33708296143,43.305299102161,-25.03825));
#1562 = CIRCLE('',#1563,4.7625);
#1563 = AXIS2_PLACEMENT_3D('',#1564,#1565,#1566);
#1564 = CARTESIAN_POINT('',(-29.06456724702,39.845234485864,-25.03825));
#1565 = DIRECTION('',(0.,0.,1.));
#1566 = DIRECTION('',(1.,0.,0.));
#1567 = ORIENTED_EDGE('',*,*,#1568,.T.);
#1568 = EDGE_CURVE('',#1560,#425,#1569,.T.);
#1569 = LINE('',#1570,#1571);
#1570 = CARTESIAN_POINT('',(-32.33708296143,43.305299102161,-22.032));
#1571 = VECTOR('',#1572,1.);
#1572 = DIRECTION('',(0.,1.2E-16,-1.));
#1573 = ORIENTED_EDGE('',*,*,#424,.T.);
#1574 = ORIENTED_EDGE('',*,*,#1520,.F.);
#1575 = CYLINDRICAL_SURFACE('',#1576,4.7625);
#1576 = AXIS2_PLACEMENT_3D('',#1577,#1578,#1579);
#1577 = CARTESIAN_POINT('',(-29.06456724702,39.845234485864,-22.032));
#1578 = DIRECTION('',(0.,-1.2E-16,1.));
#1579 = DIRECTION('',(1.,0.,0.));
#1580 = ADVANCED_FACE('',(#1581),#1599,.T.);
#1581 = FACE_BOUND('',#1582,.T.);
#1582 = EDGE_LOOP('',(#1583,#1591,#1597,#1598));
#1583 = ORIENTED_EDGE('',*,*,#1584,.F.);
#1584 = EDGE_CURVE('',#1585,#1535,#1587,.T.);
#1585 = VERTEX_POINT('',#1586);
#1586 = CARTESIAN_POINT('',(-15.91108641544,30.555133882842,-25.03825));
#1587 = LINE('',#1588,#1589);
#1588 = CARTESIAN_POINT('',(-15.91108641544,30.555133882842,-25.03825));
#1589 = VECTOR('',#1590,1.);
#1590 = DIRECTION('',(-0.793353340291,-0.608761429009,0.));
#1591 = ORIENTED_EDGE('',*,*,#1592,.T.);
#1592 = EDGE_CURVE('',#1585,#459,#1593,.T.);
#1593 = LINE('',#1594,#1595);
#1594 = CARTESIAN_POINT('',(-15.91108641544,30.555133882842,-22.032));
#1595 = VECTOR('',#1596,1.);
#1596 = DIRECTION('',(0.,1.2E-16,-1.));
#1597 = ORIENTED_EDGE('',*,*,#467,.T.);
#1598 = ORIENTED_EDGE('',*,*,#1545,.F.);
#1599 = PLANE('',#1600);
#1600 = AXIS2_PLACEMENT_3D('',#1601,#1602,#1603);
#1601 = CARTESIAN_POINT('',(-15.91108641544,30.555133882842,-22.032));
#1602 = DIRECTION('',(-0.608761429009,0.793353340291,1.E-16));
#1603 = DIRECTION('',(-0.793353340291,-0.608761429009,-7.E-17));
#1604 = ADVANCED_FACE('',(#1605),#1623,.T.);
#1605 = FACE_BOUND('',#1606,.T.);
#1606 = EDGE_LOOP('',(#1607,#1615,#1616,#1617));
#1607 = ORIENTED_EDGE('',*,*,#1608,.F.);
#1608 = EDGE_CURVE('',#1560,#1609,#1611,.T.);
#1609 = VERTEX_POINT('',#1610);
#1610 = CARTESIAN_POINT('',(-22.0828284355,53.003733321446,-25.03825));
#1611 = LINE('',#1612,#1613);
#1612 = CARTESIAN_POINT('',(-32.33708296143,43.305299102161,-25.03825));
#1613 = VECTOR('',#1614,1.);
#1614 = DIRECTION('',(0.726522754078,0.687142407225,0.));
#1615 = ORIENTED_EDGE('',*,*,#1568,.T.);
#1616 = ORIENTED_EDGE('',*,*,#433,.T.);
#1617 = ORIENTED_EDGE('',*,*,#1618,.F.);
#1618 = EDGE_CURVE('',#1609,#434,#1619,.T.);
#1619 = LINE('',#1620,#1621);
#1620 = CARTESIAN_POINT('',(-22.0828284355,53.003733321446,-22.032));
#1621 = VECTOR('',#1622,1.);
#1622 = DIRECTION('',(0.,1.2E-16,-1.));
#1623 = PLANE('',#1624);
#1624 = AXIS2_PLACEMENT_3D('',#1625,#1626,#1627);
#1625 = CARTESIAN_POINT('',(-32.33708296143,43.305299102161,-22.032));
#1626 = DIRECTION('',(0.687142407225,-0.726522754078,-9.E-17));
#1627 = DIRECTION('',(0.726522754078,0.687142407225,8.E-17));
#1628 = ADVANCED_FACE('',(#1629),#1648,.F.);
#1629 = FACE_BOUND('',#1630,.F.);
#1630 = EDGE_LOOP('',(#1631,#1640,#1641,#1642));
#1631 = ORIENTED_EDGE('',*,*,#1632,.F.);
#1632 = EDGE_CURVE('',#1585,#1633,#1635,.T.);
#1633 = VERTEX_POINT('',#1634);
#1634 = CARTESIAN_POINT('',(-14.04781272109,34.333479165979,-25.03825));
#1635 = CIRCLE('',#1636,4.7625);
#1636 = AXIS2_PLACEMENT_3D('',#1637,#1638,#1639);
#1637 = CARTESIAN_POINT('',(-18.81031272109,34.333479165979,-25.03825));
#1638 = DIRECTION('',(0.,0.,1.));
#1639 = DIRECTION('',(1.,0.,0.));
#1640 = ORIENTED_EDGE('',*,*,#1592,.T.);
#1641 = ORIENTED_EDGE('',*,*,#458,.T.);
#1642 = ORIENTED_EDGE('',*,*,#1643,.F.);
#1643 = EDGE_CURVE('',#1633,#451,#1644,.T.);
#1644 = LINE('',#1645,#1646);
#1645 = CARTESIAN_POINT('',(-14.04781272109,34.333479165979,-22.032));
#1646 = VECTOR('',#1647,1.);
#1647 = DIRECTION('',(0.,1.2E-16,-1.));
#1648 = CYLINDRICAL_SURFACE('',#1649,4.7625);
#1649 = AXIS2_PLACEMENT_3D('',#1650,#1651,#1652);
#1650 = CARTESIAN_POINT('',(-18.81031272109,34.333479165979,-22.032));
#1651 = DIRECTION('',(0.,-1.2E-16,1.));
#1652 = DIRECTION('',(1.,0.,0.));
#1653 = ADVANCED_FACE('',(#1654),#1673,.F.);
#1654 = FACE_BOUND('',#1655,.F.);
#1655 = EDGE_LOOP('',(#1656,#1665,#1671,#1672));
#1656 = ORIENTED_EDGE('',*,*,#1657,.F.);
#1657 = EDGE_CURVE('',#1658,#1609,#1660,.T.);
#1658 = VERTEX_POINT('',#1659);
#1659 = CARTESIAN_POINT('',(-14.04781272109,49.543668705148,-25.03825));
#1660 = CIRCLE('',#1661,4.7625);
#1661 = AXIS2_PLACEMENT_3D('',#1662,#1663,#1664);
#1662 = CARTESIAN_POINT('',(-18.81031272109,49.543668705148,-25.03825));
#1663 = DIRECTION('',(0.,0.,1.));
#1664 = DIRECTION('',(1.,0.,0.));
#1665 = ORIENTED_EDGE('',*,*,#1666,.T.);
#1666 = EDGE_CURVE('',#1658,#442,#1667,.T.);
#1667 = LINE('',#1668,#1669);
#1668 = CARTESIAN_POINT('',(-14.04781272109,49.543668705148,-22.032));
#1669 = VECTOR('',#1670,1.);
#1670 = DIRECTION('',(0.,1.2E-16,-1.));
#1671 = ORIENTED_EDGE('',*,*,#441,.T.);
#1672 = ORIENTED_EDGE('',*,*,#1618,.F.);
#1673 = CYLINDRICAL_SURFACE('',#1674,4.7625);
#1674 = AXIS2_PLACEMENT_3D('',#1675,#1676,#1677);
#1675 = CARTESIAN_POINT('',(-18.81031272109,49.543668705148,-22.032));
#1676 = DIRECTION('',(0.,-1.2E-16,1.));
#1677 = DIRECTION('',(1.,0.,0.));
#1678 = ADVANCED_FACE('',(#1679),#1690,.T.);
#1679 = FACE_BOUND('',#1680,.T.);
#1680 = EDGE_LOOP('',(#1681,#1687,#1688,#1689));
#1681 = ORIENTED_EDGE('',*,*,#1682,.F.);
#1682 = EDGE_CURVE('',#1658,#1633,#1683,.T.);
#1683 = LINE('',#1684,#1685);
#1684 = CARTESIAN_POINT('',(-14.04781272109,49.543668705148,-25.03825));
#1685 = VECTOR('',#1686,1.);
#1686 = DIRECTION('',(0.,-1.,0.));
#1687 = ORIENTED_EDGE('',*,*,#1666,.T.);
#1688 = ORIENTED_EDGE('',*,*,#450,.T.);
#1689 = ORIENTED_EDGE('',*,*,#1643,.F.);
#1690 = PLANE('',#1691);
#1691 = AXIS2_PLACEMENT_3D('',#1692,#1693,#1694);
#1692 = CARTESIAN_POINT('',(-14.04781272109,49.543668705148,-22.032));
#1693 = DIRECTION('',(-1.,0.,0.));
#1694 = DIRECTION('',(-0.,-1.,-1.2E-16));
#1695 = ADVANCED_FACE('',(#1696),#1723,.F.);
#1696 = FACE_BOUND('',#1697,.F.);
#1697 = EDGE_LOOP('',(#1698,#1709,#1715,#1716,#1717));
#1698 = ORIENTED_EDGE('',*,*,#1699,.F.);
#1699 = EDGE_CURVE('',#1700,#1702,#1704,.T.);
#1700 = VERTEX_POINT('',#1701);
#1701 = CARTESIAN_POINT('',(8.311425341312,49.141720870439,-25.03825));
#1702 = VERTEX_POINT('',#1703);
#1703 = CARTESIAN_POINT('',(7.939536384136,56.956645420355,-25.03825));
#1704 = CIRCLE('',#1705,4.7625);
#1705 = AXIS2_PLACEMENT_3D('',#1706,#1707,#1708);
#1706 = CARTESIAN_POINT('',(5.412199035658,52.920066153576,-25.03825));
#1707 = DIRECTION('',(0.,0.,1.));
#1708 = DIRECTION('',(1.,0.,0.));
#1709 = ORIENTED_EDGE('',*,*,#1710,.T.);
#1710 = EDGE_CURVE('',#1700,#494,#1711,.T.);
#1711 = LINE('',#1712,#1713);
#1712 = CARTESIAN_POINT('',(8.311425341312,49.141720870439,-22.032));
#1713 = VECTOR('',#1714,1.);
#1714 = DIRECTION('',(0.,1.2E-16,-1.));
#1715 = ORIENTED_EDGE('',*,*,#493,.T.);
#1716 = ORIENTED_EDGE('',*,*,#484,.T.);
#1717 = ORIENTED_EDGE('',*,*,#1718,.F.);
#1718 = EDGE_CURVE('',#1702,#485,#1719,.T.);
#1719 = LINE('',#1720,#1721);
#1720 = CARTESIAN_POINT('',(7.939536384136,56.956645420355,-22.032));
#1721 = VECTOR('',#1722,1.);
#1722 = DIRECTION('',(0.,1.2E-16,-1.));
#1723 = CYLINDRICAL_SURFACE('',#1724,4.7625);
#1724 = AXIS2_PLACEMENT_3D('',#1725,#1726,#1727);
#1725 = CARTESIAN_POINT('',(5.412199035658,52.920066153576,-22.032));
#1726 = DIRECTION('',(0.,-1.2E-16,1.));
#1727 = DIRECTION('',(1.,0.,0.));
#1728 = ADVANCED_FACE('',(#1729),#1748,.T.);
#1729 = FACE_BOUND('',#1730,.T.);
#1730 = EDGE_LOOP('',(#1731,#1740,#1746,#1747));
#1731 = ORIENTED_EDGE('',*,*,#1732,.F.);
#1732 = EDGE_CURVE('',#1733,#1702,#1735,.T.);
#1733 = VERTEX_POINT('',#1734);
#1734 = CARTESIAN_POINT('',(2.261613034616,65.687433199488,-25.03825));
#1735 = CIRCLE('',#1736,12.3625);
#1736 = AXIS2_PLACEMENT_3D('',#1737,#1738,#1739);
#1737 = CARTESIAN_POINT('',(14.5,67.4348,-25.03825));
#1738 = DIRECTION('',(0.,0.,1.));
#1739 = DIRECTION('',(1.,0.,0.));
#1740 = ORIENTED_EDGE('',*,*,#1741,.T.);
#1741 = EDGE_CURVE('',#1733,#545,#1742,.T.);
#1742 = LINE('',#1743,#1744);
#1743 = CARTESIAN_POINT('',(2.261613034616,65.687433199488,-22.032));
#1744 = VECTOR('',#1745,1.);
#1745 = DIRECTION('',(0.,1.2E-16,-1.));
#1746 = ORIENTED_EDGE('',*,*,#553,.T.);
#1747 = ORIENTED_EDGE('',*,*,#1718,.F.);
#1748 = CYLINDRICAL_SURFACE('',#1749,12.3625);
#1749 = AXIS2_PLACEMENT_3D('',#1750,#1751,#1752);
#1750 = CARTESIAN_POINT('',(14.5,67.4348,-22.032));
#1751 = DIRECTION('',(0.,-1.2E-16,1.));
#1752 = DIRECTION('',(1.,0.,0.));
#1753 = ADVANCED_FACE('',(#1754),#1773,.F.);
#1754 = FACE_BOUND('',#1755,.F.);
#1755 = EDGE_LOOP('',(#1756,#1765,#1766,#1767));
#1756 = ORIENTED_EDGE('',*,*,#1757,.F.);
#1757 = EDGE_CURVE('',#1733,#1758,#1760,.T.);
#1758 = VERTEX_POINT('',#1759);
#1759 = CARTESIAN_POINT('',(-5.7255896705,68.474346399208,-25.03825));
#1760 = CIRCLE('',#1761,4.7625);
#1761 = AXIS2_PLACEMENT_3D('',#1762,#1763,#1764);
#1762 = CARTESIAN_POINT('',(-2.453073956092,65.014281782911,-25.03825));
#1763 = DIRECTION('',(0.,0.,1.));
#1764 = DIRECTION('',(1.,0.,0.));
#1765 = ORIENTED_EDGE('',*,*,#1741,.T.);
#1766 = ORIENTED_EDGE('',*,*,#544,.T.);
#1767 = ORIENTED_EDGE('',*,*,#1768,.F.);
#1768 = EDGE_CURVE('',#1758,#537,#1769,.T.);
#1769 = LINE('',#1770,#1771);
#1770 = CARTESIAN_POINT('',(-5.7255896705,68.474346399208,-22.032));
#1771 = VECTOR('',#1772,1.);
#1772 = DIRECTION('',(0.,1.2E-16,-1.));
#1773 = CYLINDRICAL_SURFACE('',#1774,4.7625);
#1774 = AXIS2_PLACEMENT_3D('',#1775,#1776,#1777);
#1775 = CARTESIAN_POINT('',(-2.453073956092,65.014281782911,-22.032));
#1776 = DIRECTION('',(0.,-1.2E-16,1.));
#1777 = DIRECTION('',(1.,0.,0.));
#1778 = ADVANCED_FACE('',(#1779),#1797,.T.);
#1779 = FACE_BOUND('',#1780,.T.);
#1780 = EDGE_LOOP('',(#1781,#1789,#1795,#1796));
#1781 = ORIENTED_EDGE('',*,*,#1782,.F.);
#1782 = EDGE_CURVE('',#1783,#1758,#1785,.T.);
#1783 = VERTEX_POINT('',#1784);
#1784 = CARTESIAN_POINT('',(-9.057828435505,65.322727879926,-25.03825));
#1785 = LINE('',#1786,#1787);
#1786 = CARTESIAN_POINT('',(-9.057828435505,65.322727879926,-25.03825));
#1787 = VECTOR('',#1788,1.);
#1788 = DIRECTION('',(0.726522754078,0.687142407225,0.));
#1789 = ORIENTED_EDGE('',*,*,#1790,.T.);
#1790 = EDGE_CURVE('',#1783,#528,#1791,.T.);
#1791 = LINE('',#1792,#1793);
#1792 = CARTESIAN_POINT('',(-9.057828435505,65.322727879926,-22.032));
#1793 = VECTOR('',#1794,1.);
#1794 = DIRECTION('',(0.,1.2E-16,-1.));
#1795 = ORIENTED_EDGE('',*,*,#536,.T.);
#1796 = ORIENTED_EDGE('',*,*,#1768,.F.);
#1797 = PLANE('',#1798);
#1798 = AXIS2_PLACEMENT_3D('',#1799,#1800,#1801);
#1799 = CARTESIAN_POINT('',(-9.057828435505,65.322727879926,-22.032));
#1800 = DIRECTION('',(0.687142407225,-0.726522754078,-9.E-17));
#1801 = DIRECTION('',(0.726522754078,0.687142407225,8.E-17));
#1802 = ADVANCED_FACE('',(#1803),#1822,.F.);
#1803 = FACE_BOUND('',#1804,.F.);
#1804 = EDGE_LOOP('',(#1805,#1814,#1815,#1816));
#1805 = ORIENTED_EDGE('',*,*,#1806,.F.);
#1806 = EDGE_CURVE('',#1783,#1807,#1809,.T.);
#1807 = VERTEX_POINT('',#1808);
#1808 = CARTESIAN_POINT('',(-10.54781272109,61.862663263629,-25.03825));
#1809 = CIRCLE('',#1810,4.7625);
#1810 = AXIS2_PLACEMENT_3D('',#1811,#1812,#1813);
#1811 = CARTESIAN_POINT('',(-5.785312721097,61.862663263629,-25.03825));
#1812 = DIRECTION('',(0.,0.,1.));
#1813 = DIRECTION('',(1.,0.,0.));
#1814 = ORIENTED_EDGE('',*,*,#1790,.T.);
#1815 = ORIENTED_EDGE('',*,*,#527,.T.);
#1816 = ORIENTED_EDGE('',*,*,#1817,.F.);
#1817 = EDGE_CURVE('',#1807,#520,#1818,.T.);
#1818 = LINE('',#1819,#1820);
#1819 = CARTESIAN_POINT('',(-10.54781272109,61.862663263629,-22.032));
#1820 = VECTOR('',#1821,1.);
#1821 = DIRECTION('',(0.,1.2E-16,-1.));
#1822 = CYLINDRICAL_SURFACE('',#1823,4.7625);
#1823 = AXIS2_PLACEMENT_3D('',#1824,#1825,#1826);
#1824 = CARTESIAN_POINT('',(-5.785312721097,61.862663263629,-22.032));
#1825 = DIRECTION('',(0.,-1.2E-16,1.));
#1826 = DIRECTION('',(1.,0.,0.));
#1827 = ADVANCED_FACE('',(#1828),#1846,.T.);
#1828 = FACE_BOUND('',#1829,.T.);
#1829 = EDGE_LOOP('',(#1830,#1838,#1844,#1845));
#1830 = ORIENTED_EDGE('',*,*,#1831,.F.);
#1831 = EDGE_CURVE('',#1832,#1807,#1834,.T.);
#1832 = VERTEX_POINT('',#1833);
#1833 = CARTESIAN_POINT('',(-10.54781272109,44.327913184405,-25.03825));
#1834 = LINE('',#1835,#1836);
#1835 = CARTESIAN_POINT('',(-10.54781272109,44.327913184405,-25.03825));
#1836 = VECTOR('',#1837,1.);
#1837 = DIRECTION('',(1.E-16,1.,0.));
#1838 = ORIENTED_EDGE('',*,*,#1839,.T.);
#1839 = EDGE_CURVE('',#1832,#511,#1840,.T.);
#1840 = LINE('',#1841,#1842);
#1841 = CARTESIAN_POINT('',(-10.54781272109,44.327913184405,-22.032));
#1842 = VECTOR('',#1843,1.);
#1843 = DIRECTION('',(0.,1.2E-16,-1.));
#1844 = ORIENTED_EDGE('',*,*,#519,.T.);
#1845 = ORIENTED_EDGE('',*,*,#1817,.F.);
#1846 = PLANE('',#1847);
#1847 = AXIS2_PLACEMENT_3D('',#1848,#1849,#1850);
#1848 = CARTESIAN_POINT('',(-10.54781272109,44.327913184405,-22.032));
#1849 = DIRECTION('',(1.,-1.E-16,0.));
#1850 = DIRECTION('',(1.E-16,1.,1.2E-16));
#1851 = ADVANCED_FACE('',(#1852),#1871,.F.);
#1852 = FACE_BOUND('',#1853,.F.);
#1853 = EDGE_LOOP('',(#1854,#1863,#1864,#1865));
#1854 = ORIENTED_EDGE('',*,*,#1855,.F.);
#1855 = EDGE_CURVE('',#1832,#1856,#1858,.T.);
#1856 = VERTEX_POINT('',#1857);
#1857 = CARTESIAN_POINT('',(-2.886086415443,40.549567901268,-25.03825));
#1858 = CIRCLE('',#1859,4.7625);
#1859 = AXIS2_PLACEMENT_3D('',#1860,#1861,#1862);
#1860 = CARTESIAN_POINT('',(-5.785312721097,44.327913184405,-25.03825));
#1861 = DIRECTION('',(0.,0.,1.));
#1862 = DIRECTION('',(1.,0.,0.));
#1863 = ORIENTED_EDGE('',*,*,#1839,.T.);
#1864 = ORIENTED_EDGE('',*,*,#510,.T.);
#1865 = ORIENTED_EDGE('',*,*,#1866,.F.);
#1866 = EDGE_CURVE('',#1856,#503,#1867,.T.);
#1867 = LINE('',#1868,#1869);
#1868 = CARTESIAN_POINT('',(-2.886086415443,40.549567901268,-22.032));
#1869 = VECTOR('',#1870,1.);
#1870 = DIRECTION('',(0.,1.2E-16,-1.));
#1871 = CYLINDRICAL_SURFACE('',#1872,4.7625);
#1872 = AXIS2_PLACEMENT_3D('',#1873,#1874,#1875);
#1873 = CARTESIAN_POINT('',(-5.785312721097,44.327913184405,-22.032));
#1874 = DIRECTION('',(0.,-1.2E-16,1.));
#1875 = DIRECTION('',(1.,0.,0.));
#1876 = ADVANCED_FACE('',(#1877),#1888,.F.);
#1877 = FACE_BOUND('',#1878,.F.);
#1878 = EDGE_LOOP('',(#1879,#1885,#1886,#1887));
#1879 = ORIENTED_EDGE('',*,*,#1880,.F.);
#1880 = EDGE_CURVE('',#1856,#1700,#1881,.T.);
#1881 = LINE('',#1882,#1883);
#1882 = CARTESIAN_POINT('',(-2.886086415443,40.549567901268,-25.03825));
#1883 = VECTOR('',#1884,1.);
#1884 = DIRECTION('',(0.793353340291,0.608761429009,0.));
#1885 = ORIENTED_EDGE('',*,*,#1866,.T.);
#1886 = ORIENTED_EDGE('',*,*,#502,.T.);
#1887 = ORIENTED_EDGE('',*,*,#1710,.F.);
#1888 = PLANE('',#1889);
#1889 = AXIS2_PLACEMENT_3D('',#1890,#1891,#1892);
#1890 = CARTESIAN_POINT('',(-2.886086415443,40.549567901268,-22.032));
#1891 = DIRECTION('',(0.608761429009,-0.793353340291,-1.E-16));
#1892 = DIRECTION('',(0.793353340291,0.608761429009,7.E-17));
#1893 = ADVANCED_FACE('',(#1894),#1920,.T.);
#1894 = FACE_BOUND('',#1895,.T.);
#1895 = EDGE_LOOP('',(#1896,#1897,#1905,#1914));
#1896 = ORIENTED_EDGE('',*,*,#799,.F.);
#1897 = ORIENTED_EDGE('',*,*,#1898,.T.);
#1898 = EDGE_CURVE('',#800,#1899,#1901,.T.);
#1899 = VERTEX_POINT('',#1900);
#1900 = CARTESIAN_POINT('',(-26.56024929461,29.915457369124,-23.78825));
#1901 = LINE('',#1902,#1903);
#1902 = CARTESIAN_POINT('',(-26.56024929461,29.915457369124,-22.032));
#1903 = VECTOR('',#1904,1.);
#1904 = DIRECTION('',(0.,1.2E-16,-1.));
#1905 = ORIENTED_EDGE('',*,*,#1906,.T.);
#1906 = EDGE_CURVE('',#1899,#1907,#1909,.T.);
#1907 = VERTEX_POINT('',#1908);
#1908 = CARTESIAN_POINT('',(-31.57718518479,35.799476540952,-23.78825));
#1909 = CIRCLE('',#1910,12.7127);
#1910 = AXIS2_PLACEMENT_3D('',#1911,#1912,#1913);
#1911 = CARTESIAN_POINT('',(-38.2842,25.,-23.78825));
#1912 = DIRECTION('',(0.,0.,1.));
#1913 = DIRECTION('',(1.,0.,0.));
#1914 = ORIENTED_EDGE('',*,*,#1915,.F.);
#1915 = EDGE_CURVE('',#802,#1907,#1916,.T.);
#1916 = LINE('',#1917,#1918);
#1917 = CARTESIAN_POINT('',(-31.57718518479,35.799476540952,-22.032));
#1918 = VECTOR('',#1919,1.);
#1919 = DIRECTION('',(0.,1.2E-16,-1.));
#1920 = CYLINDRICAL_SURFACE('',#1921,12.7127);
#1921 = AXIS2_PLACEMENT_3D('',#1922,#1923,#1924);
#1922 = CARTESIAN_POINT('',(-38.2842,25.,-22.032));
#1923 = DIRECTION('',(0.,-1.2E-16,1.));
#1924 = DIRECTION('',(1.,0.,0.));
#1925 = ADVANCED_FACE('',(#1926),#1945,.F.);
#1926 = FACE_BOUND('',#1927,.F.);
#1927 = EDGE_LOOP('',(#1928,#1929,#1930,#1939));
#1928 = ORIENTED_EDGE('',*,*,#861,.F.);
#1929 = ORIENTED_EDGE('',*,*,#1898,.T.);
#1930 = ORIENTED_EDGE('',*,*,#1931,.T.);
#1931 = EDGE_CURVE('',#1899,#1932,#1934,.T.);
#1932 = VERTEX_POINT('',#1933);
#1933 = CARTESIAN_POINT('',(-19.26893356386,27.97856714435,-23.78825));
#1934 = CIRCLE('',#1935,4.7625);
#1935 = AXIS2_PLACEMENT_3D('',#1936,#1937,#1938);
#1936 = CARTESIAN_POINT('',(-22.16815986951,31.756912427487,-23.78825));
#1937 = DIRECTION('',(0.,0.,1.));
#1938 = DIRECTION('',(1.,0.,0.));
#1939 = ORIENTED_EDGE('',*,*,#1940,.F.);
#1940 = EDGE_CURVE('',#854,#1932,#1941,.T.);
#1941 = LINE('',#1942,#1943);
#1942 = CARTESIAN_POINT('',(-19.26893356386,27.97856714435,-22.032));
#1943 = VECTOR('',#1944,1.);
#1944 = DIRECTION('',(0.,1.2E-16,-1.));
#1945 = CYLINDRICAL_SURFACE('',#1946,4.7625);
#1946 = AXIS2_PLACEMENT_3D('',#1947,#1948,#1949);
#1947 = CARTESIAN_POINT('',(-22.16815986951,31.756912427487,-22.032));
#1948 = DIRECTION('',(0.,-1.2E-16,1.));
#1949 = DIRECTION('',(1.,0.,0.));
#1950 = ADVANCED_FACE('',(#1951),#1970,.F.);
#1951 = FACE_BOUND('',#1952,.F.);
#1952 = EDGE_LOOP('',(#1953,#1954,#1962,#1969));
#1953 = ORIENTED_EDGE('',*,*,#810,.F.);
#1954 = ORIENTED_EDGE('',*,*,#1955,.T.);
#1955 = EDGE_CURVE('',#811,#1956,#1958,.T.);
#1956 = VERTEX_POINT('',#1957);
#1957 = CARTESIAN_POINT('',(-32.33708296143,43.305299102161,-23.78825));
#1958 = LINE('',#1959,#1960);
#1959 = CARTESIAN_POINT('',(-32.33708296143,43.305299102161,-22.032));
#1960 = VECTOR('',#1961,1.);
#1961 = DIRECTION('',(0.,1.2E-16,-1.));
#1962 = ORIENTED_EDGE('',*,*,#1963,.T.);
#1963 = EDGE_CURVE('',#1956,#1907,#1964,.T.);
#1964 = CIRCLE('',#1965,4.7625);
#1965 = AXIS2_PLACEMENT_3D('',#1966,#1967,#1968);
#1966 = CARTESIAN_POINT('',(-29.06456724702,39.845234485864,-23.78825));
#1967 = DIRECTION('',(0.,0.,1.));
#1968 = DIRECTION('',(1.,0.,0.));
#1969 = ORIENTED_EDGE('',*,*,#1915,.F.);
#1970 = CYLINDRICAL_SURFACE('',#1971,4.7625);
#1971 = AXIS2_PLACEMENT_3D('',#1972,#1973,#1974);
#1972 = CARTESIAN_POINT('',(-29.06456724702,39.845234485864,-22.032));
#1973 = DIRECTION('',(0.,-1.2E-16,1.));
#1974 = DIRECTION('',(1.,0.,0.));
#1975 = ADVANCED_FACE('',(#1976),#1994,.T.);
#1976 = FACE_BOUND('',#1977,.T.);
#1977 = EDGE_LOOP('',(#1978,#1979,#1987,#1993));
#1978 = ORIENTED_EDGE('',*,*,#853,.F.);
#1979 = ORIENTED_EDGE('',*,*,#1980,.T.);
#1980 = EDGE_CURVE('',#845,#1981,#1983,.T.);
#1981 = VERTEX_POINT('',#1982);
#1982 = CARTESIAN_POINT('',(-15.91108641544,30.555133882842,-23.78825));
#1983 = LINE('',#1984,#1985);
#1984 = CARTESIAN_POINT('',(-15.91108641544,30.555133882842,-22.032));
#1985 = VECTOR('',#1986,1.);
#1986 = DIRECTION('',(0.,1.2E-16,-1.));
#1987 = ORIENTED_EDGE('',*,*,#1988,.T.);
#1988 = EDGE_CURVE('',#1981,#1932,#1989,.T.);
#1989 = LINE('',#1990,#1991);
#1990 = CARTESIAN_POINT('',(-15.91108641544,30.555133882842,-23.78825));
#1991 = VECTOR('',#1992,1.);
#1992 = DIRECTION('',(-0.793353340291,-0.608761429009,0.));
#1993 = ORIENTED_EDGE('',*,*,#1940,.F.);
#1994 = PLANE('',#1995);
#1995 = AXIS2_PLACEMENT_3D('',#1996,#1997,#1998);
#1996 = CARTESIAN_POINT('',(-15.91108641544,30.555133882842,-22.032));
#1997 = DIRECTION('',(-0.608761429009,0.793353340291,1.E-16));
#1998 = DIRECTION('',(-0.793353340291,-0.608761429009,-7.E-17));
#1999 = ADVANCED_FACE('',(#2000),#2018,.T.);
#2000 = FACE_BOUND('',#2001,.T.);
#2001 = EDGE_LOOP('',(#2002,#2003,#2004,#2012));
#2002 = ORIENTED_EDGE('',*,*,#819,.F.);
#2003 = ORIENTED_EDGE('',*,*,#1955,.T.);
#2004 = ORIENTED_EDGE('',*,*,#2005,.T.);
#2005 = EDGE_CURVE('',#1956,#2006,#2008,.T.);
#2006 = VERTEX_POINT('',#2007);
#2007 = CARTESIAN_POINT('',(-22.0828284355,53.003733321446,-23.78825));
#2008 = LINE('',#2009,#2010);
#2009 = CARTESIAN_POINT('',(-32.33708296143,43.305299102161,-23.78825));
#2010 = VECTOR('',#2011,1.);
#2011 = DIRECTION('',(0.726522754078,0.687142407225,0.));
#2012 = ORIENTED_EDGE('',*,*,#2013,.F.);
#2013 = EDGE_CURVE('',#820,#2006,#2014,.T.);
#2014 = LINE('',#2015,#2016);
#2015 = CARTESIAN_POINT('',(-22.0828284355,53.003733321446,-22.032));
#2016 = VECTOR('',#2017,1.);
#2017 = DIRECTION('',(0.,1.2E-16,-1.));
#2018 = PLANE('',#2019);
#2019 = AXIS2_PLACEMENT_3D('',#2020,#2021,#2022);
#2020 = CARTESIAN_POINT('',(-32.33708296143,43.305299102161,-22.032));
#2021 = DIRECTION('',(0.687142407225,-0.726522754078,-9.E-17));
#2022 = DIRECTION('',(0.726522754078,0.687142407225,8.E-17));
#2023 = ADVANCED_FACE('',(#2024),#2043,.F.);
#2024 = FACE_BOUND('',#2025,.F.);
#2025 = EDGE_LOOP('',(#2026,#2027,#2028,#2037));
#2026 = ORIENTED_EDGE('',*,*,#844,.F.);
#2027 = ORIENTED_EDGE('',*,*,#1980,.T.);
#2028 = ORIENTED_EDGE('',*,*,#2029,.T.);
#2029 = EDGE_CURVE('',#1981,#2030,#2032,.T.);
#2030 = VERTEX_POINT('',#2031);
#2031 = CARTESIAN_POINT('',(-14.04781272109,34.333479165979,-23.78825));
#2032 = CIRCLE('',#2033,4.7625);
#2033 = AXIS2_PLACEMENT_3D('',#2034,#2035,#2036);
#2034 = CARTESIAN_POINT('',(-18.81031272109,34.333479165979,-23.78825));
#2035 = DIRECTION('',(0.,0.,1.));
#2036 = DIRECTION('',(1.,0.,0.));
#2037 = ORIENTED_EDGE('',*,*,#2038,.F.);
#2038 = EDGE_CURVE('',#837,#2030,#2039,.T.);
#2039 = LINE('',#2040,#2041);
#2040 = CARTESIAN_POINT('',(-14.04781272109,34.333479165979,-22.032));
#2041 = VECTOR('',#2042,1.);
#2042 = DIRECTION('',(0.,1.2E-16,-1.));
#2043 = CYLINDRICAL_SURFACE('',#2044,4.7625);
#2044 = AXIS2_PLACEMENT_3D('',#2045,#2046,#2047);
#2045 = CARTESIAN_POINT('',(-18.81031272109,34.333479165979,-22.032));
#2046 = DIRECTION('',(0.,-1.2E-16,1.));
#2047 = DIRECTION('',(1.,0.,0.));
#2048 = ADVANCED_FACE('',(#2049),#2068,.F.);
#2049 = FACE_BOUND('',#2050,.F.);
#2050 = EDGE_LOOP('',(#2051,#2052,#2060,#2067));
#2051 = ORIENTED_EDGE('',*,*,#827,.F.);
#2052 = ORIENTED_EDGE('',*,*,#2053,.T.);
#2053 = EDGE_CURVE('',#828,#2054,#2056,.T.);
#2054 = VERTEX_POINT('',#2055);
#2055 = CARTESIAN_POINT('',(-14.04781272109,49.543668705148,-23.78825));
#2056 = LINE('',#2057,#2058);
#2057 = CARTESIAN_POINT('',(-14.04781272109,49.543668705148,-22.032));
#2058 = VECTOR('',#2059,1.);
#2059 = DIRECTION('',(0.,1.2E-16,-1.));
#2060 = ORIENTED_EDGE('',*,*,#2061,.T.);
#2061 = EDGE_CURVE('',#2054,#2006,#2062,.T.);
#2062 = CIRCLE('',#2063,4.7625);
#2063 = AXIS2_PLACEMENT_3D('',#2064,#2065,#2066);
#2064 = CARTESIAN_POINT('',(-18.81031272109,49.543668705148,-23.78825));
#2065 = DIRECTION('',(0.,0.,1.));
#2066 = DIRECTION('',(1.,0.,0.));
#2067 = ORIENTED_EDGE('',*,*,#2013,.F.);
#2068 = CYLINDRICAL_SURFACE('',#2069,4.7625);
#2069 = AXIS2_PLACEMENT_3D('',#2070,#2071,#2072);
#2070 = CARTESIAN_POINT('',(-18.81031272109,49.543668705148,-22.032));
#2071 = DIRECTION('',(0.,-1.2E-16,1.));
#2072 = DIRECTION('',(1.,0.,0.));
#2073 = ADVANCED_FACE('',(#2074),#2085,.T.);
#2074 = FACE_BOUND('',#2075,.T.);
#2075 = EDGE_LOOP('',(#2076,#2077,#2078,#2084));
#2076 = ORIENTED_EDGE('',*,*,#836,.F.);
#2077 = ORIENTED_EDGE('',*,*,#2053,.T.);
#2078 = ORIENTED_EDGE('',*,*,#2079,.T.);
#2079 = EDGE_CURVE('',#2054,#2030,#2080,.T.);
#2080 = LINE('',#2081,#2082);
#2081 = CARTESIAN_POINT('',(-14.04781272109,49.543668705148,-23.78825));
#2082 = VECTOR('',#2083,1.);
#2083 = DIRECTION('',(0.,-1.,0.));
#2084 = ORIENTED_EDGE('',*,*,#2038,.F.);
#2085 = PLANE('',#2086);
#2086 = AXIS2_PLACEMENT_3D('',#2087,#2088,#2089);
#2087 = CARTESIAN_POINT('',(-14.04781272109,49.543668705148,-22.032));
#2088 = DIRECTION('',(-1.,0.,0.));
#2089 = DIRECTION('',(-0.,-1.,-1.2E-16));
#2090 = ADVANCED_FACE('',(#2091),#2116,.T.);
#2091 = FACE_BOUND('',#2092,.T.);
#2092 = EDGE_LOOP('',(#2093,#2094,#2102,#2110));
#2093 = ORIENTED_EDGE('',*,*,#870,.F.);
#2094 = ORIENTED_EDGE('',*,*,#2095,.T.);
#2095 = EDGE_CURVE('',#871,#2096,#2098,.T.);
#2096 = VERTEX_POINT('',#2097);
#2097 = CARTESIAN_POINT('',(-10.54781272109,44.327913184405,-23.78825));
#2098 = LINE('',#2099,#2100);
#2099 = CARTESIAN_POINT('',(-10.54781272109,44.327913184405,-22.032));
#2100 = VECTOR('',#2101,1.);
#2101 = DIRECTION('',(0.,1.2E-16,-1.));
#2102 = ORIENTED_EDGE('',*,*,#2103,.T.);
#2103 = EDGE_CURVE('',#2096,#2104,#2106,.T.);
#2104 = VERTEX_POINT('',#2105);
#2105 = CARTESIAN_POINT('',(-10.54781272109,61.862663263629,-23.78825));
#2106 = LINE('',#2107,#2108);
#2107 = CARTESIAN_POINT('',(-10.54781272109,44.327913184405,-23.78825));
#2108 = VECTOR('',#2109,1.);
#2109 = DIRECTION('',(1.E-16,1.,0.));
#2110 = ORIENTED_EDGE('',*,*,#2111,.F.);
#2111 = EDGE_CURVE('',#873,#2104,#2112,.T.);
#2112 = LINE('',#2113,#2114);
#2113 = CARTESIAN_POINT('',(-10.54781272109,61.862663263629,-22.032));
#2114 = VECTOR('',#2115,1.);
#2115 = DIRECTION('',(0.,1.2E-16,-1.));
#2116 = PLANE('',#2117);
#2117 = AXIS2_PLACEMENT_3D('',#2118,#2119,#2120);
#2118 = CARTESIAN_POINT('',(-10.54781272109,44.327913184405,-22.032));
#2119 = DIRECTION('',(1.,-1.E-16,0.));
#2120 = DIRECTION('',(1.E-16,1.,1.2E-16));
#2121 = ADVANCED_FACE('',(#2122),#2141,.F.);
#2122 = FACE_BOUND('',#2123,.F.);
#2123 = EDGE_LOOP('',(#2124,#2125,#2126,#2135));
#2124 = ORIENTED_EDGE('',*,*,#932,.F.);
#2125 = ORIENTED_EDGE('',*,*,#2095,.T.);
#2126 = ORIENTED_EDGE('',*,*,#2127,.T.);
#2127 = EDGE_CURVE('',#2096,#2128,#2130,.T.);
#2128 = VERTEX_POINT('',#2129);
#2129 = CARTESIAN_POINT('',(-2.886086415443,40.549567901268,-23.78825));
#2130 = CIRCLE('',#2131,4.7625);
#2131 = AXIS2_PLACEMENT_3D('',#2132,#2133,#2134);
#2132 = CARTESIAN_POINT('',(-5.785312721097,44.327913184405,-23.78825));
#2133 = DIRECTION('',(0.,0.,1.));
#2134 = DIRECTION('',(1.,0.,0.));
#2135 = ORIENTED_EDGE('',*,*,#2136,.F.);
#2136 = EDGE_CURVE('',#925,#2128,#2137,.T.);
#2137 = LINE('',#2138,#2139);
#2138 = CARTESIAN_POINT('',(-2.886086415443,40.549567901268,-22.032));
#2139 = VECTOR('',#2140,1.);
#2140 = DIRECTION('',(0.,1.2E-16,-1.));
#2141 = CYLINDRICAL_SURFACE('',#2142,4.7625);
#2142 = AXIS2_PLACEMENT_3D('',#2143,#2144,#2145);
#2143 = CARTESIAN_POINT('',(-5.785312721097,44.327913184405,-22.032));
#2144 = DIRECTION('',(0.,-1.2E-16,1.));
#2145 = DIRECTION('',(1.,0.,0.));
#2146 = ADVANCED_FACE('',(#2147),#2166,.F.);
#2147 = FACE_BOUND('',#2148,.F.);
#2148 = EDGE_LOOP('',(#2149,#2150,#2158,#2165));
#2149 = ORIENTED_EDGE('',*,*,#880,.F.);
#2150 = ORIENTED_EDGE('',*,*,#2151,.T.);
#2151 = EDGE_CURVE('',#881,#2152,#2154,.T.);
#2152 = VERTEX_POINT('',#2153);
#2153 = CARTESIAN_POINT('',(-9.057828435505,65.322727879926,-23.78825));
#2154 = LINE('',#2155,#2156);
#2155 = CARTESIAN_POINT('',(-9.057828435505,65.322727879926,-22.032));
#2156 = VECTOR('',#2157,1.);
#2157 = DIRECTION('',(0.,1.2E-16,-1.));
#2158 = ORIENTED_EDGE('',*,*,#2159,.T.);
#2159 = EDGE_CURVE('',#2152,#2104,#2160,.T.);
#2160 = CIRCLE('',#2161,4.7625);
#2161 = AXIS2_PLACEMENT_3D('',#2162,#2163,#2164);
#2162 = CARTESIAN_POINT('',(-5.785312721097,61.862663263629,-23.78825));
#2163 = DIRECTION('',(0.,0.,1.));
#2164 = DIRECTION('',(1.,0.,0.));
#2165 = ORIENTED_EDGE('',*,*,#2111,.F.);
#2166 = CYLINDRICAL_SURFACE('',#2167,4.7625);
#2167 = AXIS2_PLACEMENT_3D('',#2168,#2169,#2170);
#2168 = CARTESIAN_POINT('',(-5.785312721097,61.862663263629,-22.032));
#2169 = DIRECTION('',(0.,-1.2E-16,1.));
#2170 = DIRECTION('',(1.,0.,0.));
#2171 = ADVANCED_FACE('',(#2172),#2190,.F.);
#2172 = FACE_BOUND('',#2173,.F.);
#2173 = EDGE_LOOP('',(#2174,#2175,#2176,#2184));
#2174 = ORIENTED_EDGE('',*,*,#924,.F.);
#2175 = ORIENTED_EDGE('',*,*,#2136,.T.);
#2176 = ORIENTED_EDGE('',*,*,#2177,.T.);
#2177 = EDGE_CURVE('',#2128,#2178,#2180,.T.);
#2178 = VERTEX_POINT('',#2179);
#2179 = CARTESIAN_POINT('',(8.311425341312,49.141720870439,-23.78825));
#2180 = LINE('',#2181,#2182);
#2181 = CARTESIAN_POINT('',(-2.886086415443,40.549567901268,-23.78825));
#2182 = VECTOR('',#2183,1.);
#2183 = DIRECTION('',(0.793353340291,0.608761429009,0.));
#2184 = ORIENTED_EDGE('',*,*,#2185,.F.);
#2185 = EDGE_CURVE('',#916,#2178,#2186,.T.);
#2186 = LINE('',#2187,#2188);
#2187 = CARTESIAN_POINT('',(8.311425341312,49.141720870439,-22.032));
#2188 = VECTOR('',#2189,1.);
#2189 = DIRECTION('',(0.,1.2E-16,-1.));
#2190 = PLANE('',#2191);
#2191 = AXIS2_PLACEMENT_3D('',#2192,#2193,#2194);
#2192 = CARTESIAN_POINT('',(-2.886086415443,40.549567901268,-22.032));
#2193 = DIRECTION('',(0.608761429009,-0.793353340291,-1.E-16));
#2194 = DIRECTION('',(0.793353340291,0.608761429009,7.E-17));
#2195 = ADVANCED_FACE('',(#2196),#2214,.T.);
#2196 = FACE_BOUND('',#2197,.T.);
#2197 = EDGE_LOOP('',(#2198,#2199,#2200,#2208));
#2198 = ORIENTED_EDGE('',*,*,#889,.F.);
#2199 = ORIENTED_EDGE('',*,*,#2151,.T.);
#2200 = ORIENTED_EDGE('',*,*,#2201,.T.);
#2201 = EDGE_CURVE('',#2152,#2202,#2204,.T.);
#2202 = VERTEX_POINT('',#2203);
#2203 = CARTESIAN_POINT('',(-5.7255896705,68.474346399208,-23.78825));
#2204 = LINE('',#2205,#2206);
#2205 = CARTESIAN_POINT('',(-9.057828435505,65.322727879926,-23.78825));
#2206 = VECTOR('',#2207,1.);
#2207 = DIRECTION('',(0.726522754078,0.687142407225,0.));
#2208 = ORIENTED_EDGE('',*,*,#2209,.F.);
#2209 = EDGE_CURVE('',#890,#2202,#2210,.T.);
#2210 = LINE('',#2211,#2212);
#2211 = CARTESIAN_POINT('',(-5.7255896705,68.474346399208,-22.032));
#2212 = VECTOR('',#2213,1.);
#2213 = DIRECTION('',(0.,1.2E-16,-1.));
#2214 = PLANE('',#2215);
#2215 = AXIS2_PLACEMENT_3D('',#2216,#2217,#2218);
#2216 = CARTESIAN_POINT('',(-9.057828435505,65.322727879926,-22.032));
#2217 = DIRECTION('',(0.687142407225,-0.726522754078,-9.E-17));
#2218 = DIRECTION('',(0.726522754078,0.687142407225,8.E-17));
#2219 = ADVANCED_FACE('',(#2220),#2239,.F.);
#2220 = FACE_BOUND('',#2221,.F.);
#2221 = EDGE_LOOP('',(#2222,#2223,#2224,#2233));
#2222 = ORIENTED_EDGE('',*,*,#915,.F.);
#2223 = ORIENTED_EDGE('',*,*,#2185,.T.);
#2224 = ORIENTED_EDGE('',*,*,#2225,.T.);
#2225 = EDGE_CURVE('',#2178,#2226,#2228,.T.);
#2226 = VERTEX_POINT('',#2227);
#2227 = CARTESIAN_POINT('',(7.939536384136,56.956645420355,-23.78825));
#2228 = CIRCLE('',#2229,4.7625);
#2229 = AXIS2_PLACEMENT_3D('',#2230,#2231,#2232);
#2230 = CARTESIAN_POINT('',(5.412199035658,52.920066153576,-23.78825));
#2231 = DIRECTION('',(0.,0.,1.));
#2232 = DIRECTION('',(1.,0.,0.));
#2233 = ORIENTED_EDGE('',*,*,#2234,.F.);
#2234 = EDGE_CURVE('',#907,#2226,#2235,.T.);
#2235 = LINE('',#2236,#2237);
#2236 = CARTESIAN_POINT('',(7.939536384136,56.956645420355,-22.032));
#2237 = VECTOR('',#2238,1.);
#2238 = DIRECTION('',(0.,1.2E-16,-1.));
#2239 = CYLINDRICAL_SURFACE('',#2240,4.7625);
#2240 = AXIS2_PLACEMENT_3D('',#2241,#2242,#2243);
#2241 = CARTESIAN_POINT('',(5.412199035658,52.920066153576,-22.032));
#2242 = DIRECTION('',(0.,-1.2E-16,1.));
#2243 = DIRECTION('',(1.,0.,0.));
#2244 = ADVANCED_FACE('',(#2245),#2264,.F.);
#2245 = FACE_BOUND('',#2246,.F.);
#2246 = EDGE_LOOP('',(#2247,#2248,#2256,#2263));
#2247 = ORIENTED_EDGE('',*,*,#897,.F.);
#2248 = ORIENTED_EDGE('',*,*,#2249,.T.);
#2249 = EDGE_CURVE('',#898,#2250,#2252,.T.);
#2250 = VERTEX_POINT('',#2251);
#2251 = CARTESIAN_POINT('',(2.261613034616,65.687433199488,-23.78825));
#2252 = LINE('',#2253,#2254);
#2253 = CARTESIAN_POINT('',(2.261613034616,65.687433199488,-22.032));
#2254 = VECTOR('',#2255,1.);
#2255 = DIRECTION('',(0.,1.2E-16,-1.));
#2256 = ORIENTED_EDGE('',*,*,#2257,.T.);
#2257 = EDGE_CURVE('',#2250,#2202,#2258,.T.);
#2258 = CIRCLE('',#2259,4.7625);
#2259 = AXIS2_PLACEMENT_3D('',#2260,#2261,#2262);
#2260 = CARTESIAN_POINT('',(-2.453073956092,65.014281782911,-23.78825));
#2261 = DIRECTION('',(0.,0.,1.));
#2262 = DIRECTION('',(1.,0.,0.));
#2263 = ORIENTED_EDGE('',*,*,#2209,.F.);
#2264 = CYLINDRICAL_SURFACE('',#2265,4.7625);
#2265 = AXIS2_PLACEMENT_3D('',#2266,#2267,#2268);
#2266 = CARTESIAN_POINT('',(-2.453073956092,65.014281782911,-22.032));
#2267 = DIRECTION('',(0.,-1.2E-16,1.));
#2268 = DIRECTION('',(1.,0.,0.));
#2269 = ADVANCED_FACE('',(#2270),#2282,.T.);
#2270 = FACE_BOUND('',#2271,.T.);
#2271 = EDGE_LOOP('',(#2272,#2273,#2274,#2281));
#2272 = ORIENTED_EDGE('',*,*,#906,.F.);
#2273 = ORIENTED_EDGE('',*,*,#2249,.T.);
#2274 = ORIENTED_EDGE('',*,*,#2275,.T.);
#2275 = EDGE_CURVE('',#2250,#2226,#2276,.T.);
#2276 = CIRCLE('',#2277,12.3625);
#2277 = AXIS2_PLACEMENT_3D('',#2278,#2279,#2280);
#2278 = CARTESIAN_POINT('',(14.5,67.4348,-23.78825));
#2279 = DIRECTION('',(0.,0.,1.));
#2280 = DIRECTION('',(1.,0.,0.));
#2281 = ORIENTED_EDGE('',*,*,#2234,.F.);
#2282 = CYLINDRICAL_SURFACE('',#2283,12.3625);
#2283 = AXIS2_PLACEMENT_3D('',#2284,#2285,#2286);
#2284 = CARTESIAN_POINT('',(14.5,67.4348,-22.032));
#2285 = DIRECTION('',(0.,-1.2E-16,1.));
#2286 = DIRECTION('',(1.,0.,0.));
#2287 = ADVANCED_FACE('',(#2288),#2299,.T.);
#2288 = FACE_BOUND('',#2289,.T.);
#2289 = EDGE_LOOP('',(#2290,#2291,#2292,#2293));
#2290 = ORIENTED_EDGE('',*,*,#1337,.F.);
#2291 = ORIENTED_EDGE('',*,*,#1469,.T.);
#2292 = ORIENTED_EDGE('',*,*,#1425,.T.);
#2293 = ORIENTED_EDGE('',*,*,#2294,.F.);
#2294 = EDGE_CURVE('',#1338,#1426,#2295,.T.);
#2295 = LINE('',#2296,#2297);
#2296 = CARTESIAN_POINT('',(15.734894244995,57.569241296731,-34.7945));
#2297 = VECTOR('',#2298,1.);
#2298 = DIRECTION('',(0.999717355106,2.377414351251E-02,1.E-17));
#2299 = PLANE('',#2300);
#2300 = AXIS2_PLACEMENT_3D('',#2301,#2302,#2303);
#2301 = CARTESIAN_POINT('',(15.723007173239,58.069099974284,-34.2945));
#2302 = DIRECTION('',(-1.68108580946E-02,0.706906921065,-0.707106781187)
  );
#2303 = DIRECTION('',(0.999717355106,2.377414351251E-02,
    8.673617379884E-18));
#2304 = ADVANCED_FACE('',(#2305),#2316,.F.);
#2305 = FACE_BOUND('',#2306,.F.);
#2306 = EDGE_LOOP('',(#2307,#2308,#2314,#2315));
#2307 = ORIENTED_EDGE('',*,*,#1345,.F.);
#2308 = ORIENTED_EDGE('',*,*,#2309,.F.);
#2309 = EDGE_CURVE('',#1434,#1346,#2310,.T.);
#2310 = LINE('',#2311,#2312);
#2311 = CARTESIAN_POINT('',(19.852681433763,52.663772580993,-34.7945));
#2312 = VECTOR('',#2313,1.);
#2313 = DIRECTION('',(-0.999717355106,-2.377414351251E-02,-1.E-17));
#2314 = ORIENTED_EDGE('',*,*,#1433,.F.);
#2315 = ORIENTED_EDGE('',*,*,#2294,.F.);
#2316 = PLANE('',#2317);
#2317 = AXIS2_PLACEMENT_3D('',#2318,#2319,#2320);
#2318 = CARTESIAN_POINT('',(15.049055571076,55.051234831184,-34.7945));
#2319 = DIRECTION('',(0.,0.,1.));
#2320 = DIRECTION('',(1.,0.,0.));
#2321 = ADVANCED_FACE('',(#2322),#2328,.T.);
#2322 = FACE_BOUND('',#2323,.T.);
#2323 = EDGE_LOOP('',(#2324,#2325,#2326,#2327));
#2324 = ORIENTED_EDGE('',*,*,#1441,.F.);
#2325 = ORIENTED_EDGE('',*,*,#1401,.T.);
#2326 = ORIENTED_EDGE('',*,*,#1353,.T.);
#2327 = ORIENTED_EDGE('',*,*,#2309,.F.);
#2328 = PLANE('',#2329);
#2329 = AXIS2_PLACEMENT_3D('',#2330,#2331,#2332);
#2330 = CARTESIAN_POINT('',(19.864568505519,52.16391390344,-34.2945));
#2331 = DIRECTION('',(1.68108580946E-02,-0.706906921065,-0.707106781187)
  );
#2332 = DIRECTION('',(-0.999717355106,-2.377414351251E-02,
    -8.673617379884E-18));
#2333 = ADVANCED_FACE('',(#2334),#2345,.F.);
#2334 = FACE_BOUND('',#2335,.F.);
#2335 = EDGE_LOOP('',(#2336,#2337,#2343,#2344));
#2336 = ORIENTED_EDGE('',*,*,#1451,.F.);
#2337 = ORIENTED_EDGE('',*,*,#2338,.T.);
#2338 = EDGE_CURVE('',#1452,#1377,#2339,.T.);
#2339 = LINE('',#2340,#2341);
#2340 = CARTESIAN_POINT('',(19.840770258668,53.164644818772,-31.2945));
#2341 = VECTOR('',#2342,1.);
#2342 = DIRECTION('',(-0.999717355106,-2.377414351251E-02,1.6E-16));
#2343 = ORIENTED_EDGE('',*,*,#1376,.T.);
#2344 = ORIENTED_EDGE('',*,*,#2338,.F.);
#2345 = CYLINDRICAL_SURFACE('',#2346,2.);
#2346 = AXIS2_PLACEMENT_3D('',#2347,#2348,#2349);
#2347 = CARTESIAN_POINT('',(19.793221971643,55.164079528984,-31.2945));
#2348 = DIRECTION('',(0.999717355106,2.377414351251E-02,-1.7E-16));
#2349 = DIRECTION('',(2.377414351251E-02,-0.999717355106,-7.E-17));
#2350 = ADVANCED_FACE('',(#2351),#2361,.F.);
#2351 = FACE_BOUND('',#2352,.T.);
#2352 = EDGE_LOOP('',(#2353,#2354,#2355,#2356,#2357,#2358,#2359,#2360));
#2353 = ORIENTED_EDGE('',*,*,#1502,.T.);
#2354 = ORIENTED_EDGE('',*,*,#1559,.F.);
#2355 = ORIENTED_EDGE('',*,*,#1608,.T.);
#2356 = ORIENTED_EDGE('',*,*,#1657,.F.);
#2357 = ORIENTED_EDGE('',*,*,#1682,.T.);
#2358 = ORIENTED_EDGE('',*,*,#1632,.F.);
#2359 = ORIENTED_EDGE('',*,*,#1584,.T.);
#2360 = ORIENTED_EDGE('',*,*,#1534,.F.);
#2361 = PLANE('',#2362);
#2362 = AXIS2_PLACEMENT_3D('',#2363,#2364,#2365);
#2363 = CARTESIAN_POINT('',(-11.73476603262,47.776736755936,-25.03825));
#2364 = DIRECTION('',(0.,0.,1.));
#2365 = DIRECTION('',(1.,0.,0.));
#2366 = ADVANCED_FACE('',(#2367),#2377,.F.);
#2367 = FACE_BOUND('',#2368,.T.);
#2368 = EDGE_LOOP('',(#2369,#2370,#2371,#2372,#2373,#2374,#2375,#2376));
#2369 = ORIENTED_EDGE('',*,*,#1831,.T.);
#2370 = ORIENTED_EDGE('',*,*,#1806,.F.);
#2371 = ORIENTED_EDGE('',*,*,#1782,.T.);
#2372 = ORIENTED_EDGE('',*,*,#1757,.F.);
#2373 = ORIENTED_EDGE('',*,*,#1732,.T.);
#2374 = ORIENTED_EDGE('',*,*,#1699,.F.);
#2375 = ORIENTED_EDGE('',*,*,#1880,.F.);
#2376 = ORIENTED_EDGE('',*,*,#1855,.F.);
#2377 = PLANE('',#2378);
#2378 = AXIS2_PLACEMENT_3D('',#2379,#2380,#2381);
#2379 = CARTESIAN_POINT('',(-11.73476603262,47.776736755936,-25.03825));
#2380 = DIRECTION('',(0.,0.,1.));
#2381 = DIRECTION('',(1.,0.,0.));
#2382 = ADVANCED_FACE('',(#2383),#2393,.T.);
#2383 = FACE_BOUND('',#2384,.F.);
#2384 = EDGE_LOOP('',(#2385,#2386,#2387,#2388,#2389,#2390,#2391,#2392));
#2385 = ORIENTED_EDGE('',*,*,#1906,.T.);
#2386 = ORIENTED_EDGE('',*,*,#1963,.F.);
#2387 = ORIENTED_EDGE('',*,*,#2005,.T.);
#2388 = ORIENTED_EDGE('',*,*,#2061,.F.);
#2389 = ORIENTED_EDGE('',*,*,#2079,.T.);
#2390 = ORIENTED_EDGE('',*,*,#2029,.F.);
#2391 = ORIENTED_EDGE('',*,*,#1988,.T.);
#2392 = ORIENTED_EDGE('',*,*,#1931,.F.);
#2393 = PLANE('',#2394);
#2394 = AXIS2_PLACEMENT_3D('',#2395,#2396,#2397);
#2395 = CARTESIAN_POINT('',(-11.73476603262,47.776736755936,-23.78825));
#2396 = DIRECTION('',(0.,0.,1.));
#2397 = DIRECTION('',(1.,0.,0.));
#2398 = ADVANCED_FACE('',(#2399),#2409,.T.);
#2399 = FACE_BOUND('',#2400,.F.);
#2400 = EDGE_LOOP('',(#2401,#2402,#2403,#2404,#2405,#2406,#2407,#2408));
#2401 = ORIENTED_EDGE('',*,*,#2103,.T.);
#2402 = ORIENTED_EDGE('',*,*,#2159,.F.);
#2403 = ORIENTED_EDGE('',*,*,#2201,.T.);
#2404 = ORIENTED_EDGE('',*,*,#2257,.F.);
#2405 = ORIENTED_EDGE('',*,*,#2275,.T.);
#2406 = ORIENTED_EDGE('',*,*,#2225,.F.);
#2407 = ORIENTED_EDGE('',*,*,#2177,.F.);
#2408 = ORIENTED_EDGE('',*,*,#2127,.F.);
#2409 = PLANE('',#2410);
#2410 = AXIS2_PLACEMENT_3D('',#2411,#2412,#2413);
#2411 = CARTESIAN_POINT('',(-11.73476603262,47.776736755936,-23.78825));
#2412 = DIRECTION('',(0.,0.,1.));
#2413 = DIRECTION('',(1.,0.,0.));
#2414 = ( GEOMETRIC_REPRESENTATION_CONTEXT(3) 
GLOBAL_UNCERTAINTY_ASSIGNED_CONTEXT((#2418)) 
GLOBAL_UNIT_ASSIGNED_CONTEXT((#2415,#2416,#2417)) REPRESENTATION_CONTEXT
('Context #1','3D Context with UNIT and UNCERTAINTY') );
#2415 = ( LENGTH_UNIT() NAMED_UNIT(*) SI_UNIT(.MILLI.,.METRE.) );
#2416 = ( NAMED_UNIT(*) PLANE_ANGLE_UNIT() SI_UNIT($,.RADIAN.) );
#2417 = ( NAMED_UNIT(*) SI_UNIT($,.STERADIAN.) SOLID_ANGLE_UNIT() );
#2418 = UNCERTAINTY_MEASURE_WITH_UNIT(LENGTH_MEASURE(1.E-07),#2415,
  'distance_accuracy_value','confusion accuracy');
#2419 = PRODUCT_RELATED_PRODUCT_CATEGORY('part',$,(#7));
#2420 = MECHANICAL_DESIGN_GEOMETRIC_PRESENTATION_REPRESENTATION('',(
    #2421),#2414);
#2421 = STYLED_ITEM('color',(#2422),#15);
#2422 = PRESENTATION_STYLE_ASSIGNMENT((#2423,#2429));
#2423 = SURFACE_STYLE_USAGE(.BOTH.,#2424);
#2424 = SURFACE_SIDE_STYLE('',(#2425));
#2425 = SURFACE_STYLE_FILL_AREA(#2426);
#2426 = FILL_AREA_STYLE('',(#2427));
#2427 = FILL_AREA_STYLE_COLOUR('',#2428);
#2428 = COLOUR_RGB('',0.945098040599,0.419607846511,8.235294228292E-02);
#2429 = CURVE_STYLE('',#2430,POSITIVE_LENGTH_MEASURE(0.1),#2431);
#2430 = DRAUGHTING_PRE_DEFINED_CURVE_FONT('continuous');
#2431 = COLOUR_RGB('',9.803921802644E-02,9.803921802644E-02,
  9.803921802644E-02);
ENDSEC;
END-ISO-10303-21;
